tokenID,name,description,file_name,attributes[Species],attributes[Body],attributes[Beak],attributes[Beak Style],attributes[Eyes],attributes[Eye Style],attributes[Cheeks],attributes[Crest],attributes[Crest Color],attributes[Crown],attributes[Crown Color],attributes[Accessory]
1,Robingoose #1,Honk honk,goose_0001.png,Goose,Sky Blue,Lime,Closed,Black,Solid,No,Yes,Green,No,None,No
2,Robingoose #2,Honk honk,goose_0002.png,Goose,Salmon,Pink,Closed,Black,Solid,No,No,None,No,None,No
3,Robingoose #3,Honk honk,goose_0003.png,Goose,Purple,Yellow,Closed,Black,Solid,No,Yes,Purple,No,None,No
4,Robingoose #4,Honk honk,goose_0004.png,Goose,Green,Yellow,Open,Black,Solid,No,Yes,Salmon,No,None,No
5,Robingoose #5,Honk honk,goose_0005.png,Goose,Yellow,Orange,Open,Black,Solid,No,No,None,No,None,No
6,Robingoose #6,Honk honk,goose_0006.png,Goose,Pink,Coral,Closed,Blue,Two Tone,No,Yes,Pink,No,None,Yes
7,Robingoose #7,Honk honk,goose_0007.png,Goose,Turquoise,Salmon,Open,Lime,Two Tone,No,No,None,Yes,Black,No
8,Robingoose #8,Honk honk,goose_0008.png,Goose,Salmon,Yellow,Open,Black,Solid,No,No,None,No,None,No
9,Robingoose #9,Honk honk,goose_0009.png,Goose,Orange,Yellow,Closed,Sky Blue,Two Tone,No,No,None,No,None,No
10,Robingoose #10,Honk honk,goose_0010.png,Goose,Lime,Salmon,Open,Black,Solid,No,Yes,Lime,No,None,No
11,Robingoose #11,Honk honk,goose_0011.png,Goose,Pink,Green,Open,Black,Solid,Yes,Yes,Pink,No,None,No
12,Robingoose #12,Honk honk,goose_0012.png,Goose,White,Black,Open,Turquoise,Two Tone,Yes,No,None,No,None,No
13,Robingoose #13,Honk honk,goose_0013.png,Goose,White,Lime,Closed,Black,Solid,No,Yes,Yellow,No,None,No
14,Robingoose #14,Honk honk,goose_0014.png,Goose,Blue,Orange,Closed,Black,Solid,No,Yes,Blue,No,None,No
15,Robingoose #15,Honk honk,goose_0015.png,Goose,White,Orange,Open,Red,Two Tone,Yes,No,None,Yes,Yellow,No
16,Robingoose #16,Honk honk,goose_0016.png,Goose,Turquoise,Orange,Open,Black,Solid,Yes,No,None,No,None,No
17,Robingoose #17,Honk honk,goose_0017.png,Goose,Sky Blue,Salmon,Closed,Black,Solid,No,Yes,Sky Blue,No,None,No
18,Robingoose #18,Honk honk,goose_0018.png,Goose,Yellow,Coral,Open,Black,Solid,No,Yes,Yellow,No,None,No
19,Robingoose #19,Honk honk,goose_0019.png,Goose,Purple,Blue,Closed,Black,Solid,No,No,None,No,None,No
20,Robingoose #20,Honk honk,goose_0020.png,Goose,Turquoise,Orange,Open,Black,Solid,Yes,Yes,Turquoise,No,None,No
21,Robingoose #21,Honk honk,goose_0021.png,Goose,Sky Blue,Blue,Closed,Purple,Two Tone,No,No,None,No,None,Yes
22,Robingoose #22,Honk honk,goose_0022.png,Goose,Yellow,Black,Closed,Blue,Solid,No,No,None,No,None,No
23,Robingoose #23,Honk honk,goose_0023.png,Goose,Green,Pink,Open,Black,Solid,Yes,No,None,No,None,No
24,Robingoose #24,Honk honk,goose_0024.png,Goose,Turquoise,Yellow,Open,Purple,Two Tone,Yes,No,None,No,None,No
25,Robingoose #25,Honk honk,goose_0025.png,Goose,Lime,Sky Blue,Open,Black,Solid,No,Yes,Lime,No,None,No
26,Robingoose #26,Honk honk,goose_0026.png,Goose,Red,Pink,Closed,Purple,Two Tone,No,No,None,No,None,No
27,Robingoose #27,Honk honk,goose_0027.png,Goose,Yellow,Orange,Closed,Black,Solid,No,Yes,Yellow,No,None,No
28,Robingoose #28,Honk honk,goose_0028.png,Goose,Red,Orange,Closed,Black,Solid,No,No,None,No,None,No
29,Robingoose #29,Honk honk,goose_0029.png,Goose,White,Orange,Open,Black,Solid,No,No,None,No,None,No
30,Robingoose #30,Honk honk,goose_0030.png,Goose,White,Orange,Closed,Red,Two Tone,No,No,None,No,None,No
31,Robingoose #31,Honk honk,goose_0031.png,Goose,Turquoise,Yellow,Open,Black,Solid,No,Yes,Turquoise,No,None,No
32,Robingoose #32,Honk honk,goose_0032.png,Goose,Orange,Yellow,Closed,Purple,Two Tone,No,No,None,No,None,No
33,Robingoose #33,Honk honk,goose_0033.png,Goose,Orange,Yellow,Open,Purple,Two Tone,Yes,No,None,Yes,Black,No
34,Robingoose #34,Honk honk,goose_0034.png,Goose,Red,Yellow,Closed,Black,Solid,No,Yes,White,No,None,No
35,Robingoose #35,Honk honk,goose_0035.png,Goose,Sky Blue,Yellow,Open,Salmon,Two Tone,No,No,None,No,None,Yes
36,Robingoose #36,Honk honk,goose_0036.png,Goose,White,Orange,Open,Lime,Two Tone,No,Yes,Purple,No,None,No
37,Robingoose #37,Honk honk,goose_0037.png,Goose,Purple,Lime,Open,Black,Solid,Yes,Yes,Blue,No,None,No
38,Robingoose #38,Honk honk,goose_0038.png,Goose,White,Yellow,Open,Black,Solid,Yes,Yes,White,No,None,No
39,Robingoose #39,Honk honk,goose_0039.png,Goose,White,Orange,Closed,Black,Solid,No,Yes,White,No,None,No
40,Robingoose #40,Honk honk,goose_0040.png,Goose,Black,Turquoise,Closed,Coral,Two Tone,No,No,None,Yes,Yellow,No
41,Robingoose #41,Honk honk,goose_0041.png,Goose,Purple,Yellow,Closed,Black,Solid,No,No,None,No,None,No
42,Robingoose #42,Honk honk,goose_0042.png,Goose,Pink,Salmon,Closed,Green,Two Tone,No,No,None,Yes,Yellow,No
43,Robingoose #43,Honk honk,goose_0043.png,Goose,Sky Blue,Purple,Closed,Black,Solid,No,No,None,No,None,No
44,Robingoose #44,Honk honk,goose_0044.png,Goose,Orange,Yellow,Open,Coral,Two Tone,Yes,No,None,No,None,Yes
45,Robingoose #45,Honk honk,goose_0045.png,Goose,Purple,Orange,Closed,Sky Blue,Two Tone,No,Yes,Purple,No,None,No
46,Robingoose #46,Honk honk,goose_0046.png,Goose,Pink,Yellow,Closed,Black,Solid,No,Yes,Pink,No,None,No
47,Robingoose #47,Honk honk,goose_0047.png,Goose,White,Turquoise,Open,Black,Solid,No,No,None,No,None,No
48,Robingoose #48,Honk honk,goose_0048.png,Goose,Yellow,White,Open,Black,Solid,Yes,No,None,No,None,No
49,Robingoose #49,Honk honk,goose_0049.png,Goose,Sky Blue,Coral,Closed,Black,Solid,No,Yes,Sky Blue,No,None,No
50,Robingoose #50,Honk honk,goose_0050.png,Goose,Black,Purple,Closed,White,Solid,No,Yes,Purple,No,None,No
51,Robingoose #51,Honk honk,goose_0051.png,Goose,White,Yellow,Closed,Red,Two Tone,No,No,None,No,None,No
52,Robingoose #52,Honk honk,goose_0052.png,Goose,Yellow,Sky Blue,Open,Black,Solid,Yes,Yes,Blue,No,None,No
53,Robingoose #53,Honk honk,goose_0053.png,Goose,Sky Blue,Lime,Open,Black,Solid,No,No,None,No,None,No
54,Robingoose #54,Honk honk,goose_0054.png,Goose,Lime,Purple,Closed,Blue,Two Tone,No,Yes,Lime,No,None,No
55,Robingoose #55,Honk honk,goose_0055.png,Goose,Red,Yellow,Open,Black,Solid,Yes,Yes,Red,No,None,No
56,Robingoose #56,Honk honk,goose_0056.png,Goose,White,Yellow,Closed,Black,Solid,No,Yes,Turquoise,No,None,No
57,Robingoose #57,Honk honk,goose_0057.png,Goose,Sky Blue,Orange,Open,Yellow,Two Tone,Yes,No,None,Yes,Yellow,No
58,Robingoose #58,Honk honk,goose_0058.png,Goose,Pink,Orange,Open,Black,Solid,No,Yes,Lime,No,None,No
59,Robingoose #59,Honk honk,goose_0059.png,Goose,Black,Orange,Open,Red,Solid,Yes,No,None,No,None,No
60,Robingoose #60,Honk honk,goose_0060.png,Goose,White,Coral,Closed,Black,Solid,No,Yes,White,No,None,No
61,Robingoose #61,Honk honk,goose_0061.png,Goose,Green,Yellow,Closed,Black,Solid,No,Yes,Green,No,None,No
62,Robingoose #62,Honk honk,goose_0062.png,Goose,Turquoise,Orange,Closed,Yellow,Two Tone,No,No,None,Yes,Black,No
63,Robingoose #63,Honk honk,goose_0063.png,Goose,White,Yellow,Open,Black,Solid,Yes,Yes,White,No,None,No
64,Robingoose #64,Honk honk,goose_0064.png,Goose,Orange,Yellow,Closed,Black,Solid,No,Yes,Orange,No,None,No
65,Robingoose #65,Honk honk,goose_0065.png,Goose,Yellow,Orange,Open,Black,Solid,No,No,None,No,None,No
66,Robingoose #66,Honk honk,goose_0066.png,Goose,Yellow,Green,Open,Black,Solid,No,No,None,No,None,No
67,Robingoose #67,Honk honk,goose_0067.png,Goose,Black,Purple,Open,Red,Solid,Yes,Yes,Black,No,None,No
68,Robingoose #68,Honk honk,goose_0068.png,Goose,White,Orange,Open,Black,Solid,Yes,No,None,No,None,No
69,Robingoose #69,Honk honk,goose_0069.png,Goose,Sky Blue,Orange,Open,Turquoise,Two Tone,No,Yes,Sky Blue,No,None,No
70,Robingoose #70,Honk honk,goose_0070.png,Goose,Coral,Yellow,Closed,Black,Solid,No,No,None,No,None,No
71,Robingoose #71,Honk honk,goose_0071.png,Goose,White,Black,Open,Lime,Two Tone,Yes,No,None,No,None,Yes
72,Robingoose #72,Honk honk,goose_0072.png,Goose,White,Orange,Closed,Black,Solid,No,No,None,No,None,No
73,Robingoose #73,Honk honk,goose_0073.png,Goose,Salmon,Black,Closed,Red,Solid,No,No,None,No,None,No
74,Robingoose #74,Honk honk,goose_0074.png,Goose,Black,Orange,Closed,White,Solid,No,No,None,No,None,No
75,Robingoose #75,Honk honk,goose_0075.png,Goose,Lime,Turquoise,Open,Purple,Two Tone,No,Yes,Lime,No,None,No
76,Robingoose #76,Honk honk,goose_0076.png,Goose,Pink,Purple,Closed,Black,Solid,No,Yes,Pink,No,None,No
77,Robingoose #77,Honk honk,goose_0077.png,Goose,Salmon,Yellow,Open,Black,Solid,Yes,Yes,Salmon,No,None,No
78,Robingoose #78,Honk honk,goose_0078.png,Goose,White,Blue,Closed,Black,Solid,No,No,None,No,None,No
79,Robingoose #79,Honk honk,goose_0079.png,Goose,Sky Blue,Pink,Closed,Black,Solid,No,No,None,No,None,No
80,Robingoose #80,Honk honk,goose_0080.png,Goose,Purple,Black,Closed,Yellow,Solid,No,No,None,No,None,No
81,Robingoose #81,Honk honk,goose_0081.png,Goose,Blue,Orange,Closed,Black,Solid,No,No,None,No,None,No
82,Robingoose #82,Honk honk,goose_0082.png,Goose,Blue,Black,Open,Coral,Two Tone,Yes,Yes,Blue,No,None,No
83,Robingoose #83,Honk honk,goose_0083.png,Goose,Salmon,Yellow,Open,Black,Solid,No,Yes,Salmon,No,None,No
84,Robingoose #84,Honk honk,goose_0084.png,Goose,White,Orange,Open,Black,Solid,Yes,Yes,Sky Blue,No,None,No
85,Robingoose #85,Honk honk,goose_0085.png,Goose,Coral,Yellow,Closed,White,Two Tone,No,Yes,White,No,None,No
86,Robingoose #86,Honk honk,goose_0086.png,Goose,Turquoise,White,Closed,Black,Solid,No,No,None,No,None,No
87,Robingoose #87,Honk honk,goose_0087.png,Goose,White,Black,Closed,Orange,Two Tone,No,No,None,No,None,No
88,Robingoose #88,Honk honk,goose_0088.png,Goose,Yellow,Coral,Closed,Black,Solid,No,Yes,Yellow,No,None,No
89,Robingoose #89,Honk honk,goose_0089.png,Goose,Red,White,Open,Black,Solid,No,Yes,Red,No,None,No
90,Robingoose #90,Honk honk,goose_0090.png,Goose,White,Blue,Closed,Red,Two Tone,No,No,None,No,None,Yes
91,Robingoose #91,Honk honk,goose_0091.png,Goose,Sky Blue,Yellow,Closed,Black,Solid,No,Yes,Sky Blue,No,None,No
92,Robingoose #92,Honk honk,goose_0092.png,Goose,Pink,Coral,Open,Salmon,Two Tone,No,No,None,No,None,No
93,Robingoose #93,Honk honk,goose_0093.png,Goose,Blue,Orange,Open,Black,Solid,Yes,Yes,Blue,No,None,No
94,Robingoose #94,Honk honk,goose_0094.png,Goose,White,Lime,Open,Black,Solid,No,No,None,No,None,No
95,Robingoose #95,Honk honk,goose_0095.png,Goose,Pink,Coral,Closed,Black,Solid,No,Yes,Pink,No,None,No
96,Robingoose #96,Honk honk,goose_0096.png,Goose,White,Orange,Open,Black,Solid,No,Yes,White,No,None,No
97,Robingoose #97,Honk honk,goose_0097.png,Goose,White,Orange,Open,Black,Solid,No,Yes,Black,No,None,No
98,Robingoose #98,Honk honk,goose_0098.png,Goose,Pink,Blue,Closed,White,Two Tone,No,No,None,No,None,No
99,Robingoose #99,Honk honk,goose_0099.png,Goose,Green,Yellow,Open,Black,Solid,No,Yes,Green,No,None,No
100,Robingoose #100,Honk honk,goose_0100.png,Goose,Red,Yellow,Open,Black,Solid,No,Yes,White,No,None,No
101,Robingoose #101,Honk honk,goose_0101.png,Goose,Lime,Black,Open,Pink,Solid,No,Yes,Lime,No,None,No
102,Robingoose #102,Honk honk,goose_0102.png,Goose,Black,Sky Blue,Closed,White,Solid,No,Yes,Black,No,None,No
103,Robingoose #103,Honk honk,goose_0103.png,Goose,Pink,Yellow,Open,Black,Solid,Yes,No,None,No,None,No
104,Robingoose #104,Honk honk,goose_0104.png,Goose,Turquoise,White,Open,Blue,Two Tone,Yes,No,None,Yes,Yellow,No
105,Robingoose #105,Honk honk,goose_0105.png,Goose,Green,Orange,Open,Blue,Two Tone,No,No,None,Yes,Black,No
106,Robingoose #106,Honk honk,goose_0106.png,Goose,Orange,Yellow,Open,Blue,Two Tone,No,No,None,No,None,Yes
107,Robingoose #107,Honk honk,goose_0107.png,Goose,Coral,Orange,Closed,Black,Solid,No,Yes,Coral,No,None,No
108,Robingoose #108,Honk honk,goose_0108.png,Goose,Sky Blue,Yellow,Open,Red,Two Tone,No,No,None,Yes,Black,No
109,Robingoose #109,Honk honk,goose_0109.png,Goose,White,Orange,Open,Black,Solid,Yes,No,None,No,None,No
110,Robingoose #110,Honk honk,goose_0110.png,Goose,White,Red,Closed,Black,Solid,No,Yes,White,No,None,No
111,Robingoose #111,Honk honk,goose_0111.png,Goose,White,Yellow,Closed,Black,Solid,No,No,None,No,None,No
112,Robingoose #112,Honk honk,goose_0112.png,Goose,Purple,Orange,Open,White,Two Tone,No,Yes,Purple,No,None,Yes
113,Robingoose #113,Honk honk,goose_0113.png,Goose,White,Green,Closed,Black,Solid,No,No,None,No,None,No
114,Robingoose #114,Honk honk,goose_0114.png,Goose,Purple,Orange,Closed,Black,Solid,No,No,None,No,None,No
115,Robingoose #115,Honk honk,goose_0115.png,Goose,Purple,Pink,Closed,Yellow,Two Tone,No,No,None,Yes,Black,No
116,Robingoose #116,Honk honk,goose_0116.png,Goose,Pink,Yellow,Open,Black,Solid,No,No,None,No,None,No
117,Robingoose #117,Honk honk,goose_0117.png,Goose,White,Yellow,Open,Sky Blue,Two Tone,Yes,Yes,White,No,None,No
118,Robingoose #118,Honk honk,goose_0118.png,Goose,Orange,Yellow,Open,Black,Solid,No,Yes,Black,No,None,No
119,Robingoose #119,Honk honk,goose_0119.png,Goose,White,Yellow,Closed,Black,Solid,No,Yes,White,No,None,No
120,Robingoose #120,Honk honk,goose_0120.png,Goose,Yellow,Orange,Closed,Black,Solid,No,No,None,No,None,No
121,Robingoose #121,Honk honk,goose_0121.png,Goose,White,Green,Open,Orange,Two Tone,No,No,None,No,None,No
122,Robingoose #122,Honk honk,goose_0122.png,Goose,Sky Blue,Green,Closed,Black,Solid,No,Yes,Sky Blue,No,None,No
123,Robingoose #123,Honk honk,goose_0123.png,Goose,Red,Yellow,Open,Salmon,Two Tone,Yes,Yes,Red,No,None,No
124,Robingoose #124,Honk honk,goose_0124.png,Goose,White,Sky Blue,Closed,Black,Solid,No,No,None,No,None,No
125,Robingoose #125,Honk honk,goose_0125.png,Goose,White,Yellow,Open,Red,Two Tone,No,Yes,Green,No,None,No
126,Robingoose #126,Honk honk,goose_0126.png,Goose,Orange,Blue,Open,Black,Solid,No,No,None,No,None,No
127,Robingoose #127,Honk honk,goose_0127.png,Goose,Red,Yellow,Open,Black,Solid,Yes,Yes,Red,No,None,No
128,Robingoose #128,Honk honk,goose_0128.png,Goose,Red,Black,Closed,Salmon,Solid,No,Yes,Red,No,None,No
129,Robingoose #129,Honk honk,goose_0129.png,Goose,White,Coral,Open,Black,Solid,No,No,None,No,None,No
130,Robingoose #130,Honk honk,goose_0130.png,Goose,Blue,Orange,Open,Lime,Two Tone,Yes,Yes,Blue,No,None,Yes
131,Robingoose #131,Honk honk,goose_0131.png,Goose,Orange,Pink,Open,Black,Solid,Yes,No,None,No,None,No
132,Robingoose #132,Honk honk,goose_0132.png,Goose,Blue,Purple,Open,Black,Solid,Yes,Yes,Turquoise,No,None,No
133,Robingoose #133,Honk honk,goose_0133.png,Goose,White,Yellow,Closed,Turquoise,Two Tone,No,No,None,No,None,No
134,Robingoose #134,Honk honk,goose_0134.png,Goose,Green,Black,Closed,White,Two Tone,No,Yes,Sky Blue,No,None,No
135,Robingoose #135,Honk honk,goose_0135.png,Goose,Black,Salmon,Open,White,Solid,Yes,Yes,Yellow,No,None,No
136,Robingoose #136,Honk honk,goose_0136.png,Goose,Black,Yellow,Open,Red,Solid,No,Yes,Black,No,None,No
137,Robingoose #137,Honk honk,goose_0137.png,Goose,Coral,Orange,Closed,Black,Solid,No,No,None,No,None,No
138,Robingoose #138,Honk honk,goose_0138.png,Goose,Coral,Black,Open,Sky Blue,Solid,Yes,No,None,No,None,No
139,Robingoose #139,Honk honk,goose_0139.png,Goose,Lime,Sky Blue,Open,Turquoise,Two Tone,No,Yes,Lime,No,None,No
140,Robingoose #140,Honk honk,goose_0140.png,Goose,White,Orange,Open,Black,Solid,Yes,Yes,White,No,None,No
141,Robingoose #141,Honk honk,goose_0141.png,Goose,Lime,Blue,Open,Black,Solid,Yes,No,None,No,None,No
142,Robingoose #142,Honk honk,goose_0142.png,Goose,Sky Blue,White,Open,Black,Solid,No,No,None,No,None,No
143,Robingoose #143,Honk honk,goose_0143.png,Goose,White,Purple,Closed,Yellow,Two Tone,No,No,None,No,None,No
144,Robingoose #144,Honk honk,goose_0144.png,Goose,Pink,Yellow,Closed,Black,Solid,No,No,None,No,None,No
145,Robingoose #145,Honk honk,goose_0145.png,Goose,White,Orange,Closed,Blue,Two Tone,No,No,None,No,None,No
146,Robingoose #146,Honk honk,goose_0146.png,Goose,Yellow,Black,Closed,Orange,Two Tone,No,No,None,No,None,No
147,Robingoose #147,Honk honk,goose_0147.png,Goose,White,Yellow,Closed,Pink,Two Tone,No,Yes,White,No,None,No
148,Robingoose #148,Honk honk,goose_0148.png,Goose,White,Lime,Open,Purple,Two Tone,No,Yes,Red,No,None,No
149,Robingoose #149,Honk honk,goose_0149.png,Goose,Orange,Red,Closed,Black,Solid,No,Yes,Black,No,None,No
150,Robingoose #150,Honk honk,goose_0150.png,Goose,Sky Blue,Yellow,Open,Green,Two Tone,No,No,None,No,None,No
151,Robingoose #151,Honk honk,goose_0151.png,Goose,Lime,Orange,Closed,Sky Blue,Two Tone,No,Yes,Lime,No,None,No
152,Robingoose #152,Honk honk,goose_0152.png,Goose,Orange,Salmon,Open,Black,Solid,No,Yes,Orange,No,None,No
153,Robingoose #153,Honk honk,goose_0153.png,Goose,Salmon,Orange,Open,Black,Solid,Yes,No,None,No,None,No
154,Robingoose #154,Honk honk,goose_0154.png,Goose,White,Pink,Open,Black,Solid,Yes,No,None,No,None,No
155,Robingoose #155,Honk honk,goose_0155.png,Goose,Lime,Orange,Closed,Black,Solid,No,No,None,No,None,No
156,Robingoose #156,Honk honk,goose_0156.png,Goose,Sky Blue,Orange,Open,Black,Solid,Yes,Yes,Sky Blue,No,None,No
157,Robingoose #157,Honk honk,goose_0157.png,Goose,White,Salmon,Closed,Black,Solid,No,Yes,White,No,None,No
158,Robingoose #158,Honk honk,goose_0158.png,Goose,White,Orange,Open,Sky Blue,Two Tone,No,Yes,White,No,None,Yes
159,Robingoose #159,Honk honk,goose_0159.png,Goose,Orange,Purple,Closed,Blue,Two Tone,No,No,None,Yes,Black,No
160,Robingoose #160,Honk honk,goose_0160.png,Goose,Orange,Yellow,Closed,Green,Two Tone,No,No,None,No,None,No
161,Robingoose #161,Honk honk,goose_0161.png,Goose,Pink,Orange,Open,Black,Solid,Yes,Yes,White,No,None,No
162,Robingoose #162,Honk honk,goose_0162.png,Goose,White,Pink,Closed,Black,Solid,No,Yes,White,No,None,No
163,Robingoose #163,Honk honk,goose_0163.png,Goose,Turquoise,Sky Blue,Open,Coral,Two Tone,No,No,None,No,None,Yes
164,Robingoose #164,Honk honk,goose_0164.png,Goose,Pink,Yellow,Open,Black,Solid,Yes,Yes,Pink,No,None,No
165,Robingoose #165,Honk honk,goose_0165.png,Goose,Purple,Green,Open,Black,Solid,No,No,None,No,None,No
166,Robingoose #166,Honk honk,goose_0166.png,Goose,Sky Blue,Orange,Open,Black,Solid,No,No,None,No,None,No
167,Robingoose #167,Honk honk,goose_0167.png,Goose,White,Purple,Open,Black,Solid,Yes,Yes,White,No,None,No
168,Robingoose #168,Honk honk,goose_0168.png,Goose,White,Yellow,Open,Black,Solid,No,No,None,No,None,No
169,Robingoose #169,Honk honk,goose_0169.png,Goose,Blue,Pink,Open,Black,Solid,Yes,Yes,Blue,No,None,No
170,Robingoose #170,Honk honk,goose_0170.png,Goose,Pink,Yellow,Open,Purple,Two Tone,Yes,Yes,Pink,No,None,No
171,Robingoose #171,Honk honk,goose_0171.png,Goose,Coral,Salmon,Open,Orange,Two Tone,No,Yes,Coral,No,None,Yes
172,Robingoose #172,Honk honk,goose_0172.png,Goose,White,Pink,Open,Black,Solid,No,Yes,White,No,None,No
173,Robingoose #173,Honk honk,goose_0173.png,Goose,Orange,Pink,Open,Black,Solid,Yes,Yes,Orange,No,None,No
174,Robingoose #174,Honk honk,goose_0174.png,Goose,Coral,Yellow,Closed,Purple,Two Tone,No,Yes,Coral,No,None,Yes
175,Robingoose #175,Honk honk,goose_0175.png,Goose,Red,Orange,Open,Black,Solid,No,Yes,Red,No,None,No
176,Robingoose #176,Honk honk,goose_0176.png,Goose,Purple,Yellow,Closed,Blue,Two Tone,No,Yes,Sky Blue,No,None,No
177,Robingoose #177,Honk honk,goose_0177.png,Goose,White,Blue,Open,Black,Solid,Yes,No,None,No,None,No
178,Robingoose #178,Honk honk,goose_0178.png,Goose,White,Green,Open,Black,Solid,Yes,No,None,No,None,No
179,Robingoose #179,Honk honk,goose_0179.png,Goose,Salmon,Orange,Open,Turquoise,Two Tone,Yes,No,None,No,None,No
180,Robingoose #180,Honk honk,goose_0180.png,Goose,White,Yellow,Open,Black,Solid,Yes,No,None,No,None,No
181,Robingoose #181,Honk honk,goose_0181.png,Goose,Turquoise,Yellow,Closed,Salmon,Two Tone,No,No,None,Yes,Black,No
182,Robingoose #182,Honk honk,goose_0182.png,Goose,White,Sky Blue,Closed,Red,Two Tone,No,No,None,No,None,No
183,Robingoose #183,Honk honk,goose_0183.png,Goose,Purple,Orange,Open,Black,Solid,No,No,None,No,None,No
184,Robingoose #184,Honk honk,goose_0184.png,Goose,Purple,Orange,Open,Black,Solid,No,Yes,Purple,No,None,No
185,Robingoose #185,Honk honk,goose_0185.png,Goose,Purple,Turquoise,Closed,Black,Solid,No,No,None,No,None,No
186,Robingoose #186,Honk honk,goose_0186.png,Goose,Pink,Red,Closed,Black,Solid,No,Yes,Pink,No,None,No
187,Robingoose #187,Honk honk,goose_0187.png,Goose,Purple,Pink,Open,Red,Two Tone,Yes,No,None,No,None,No
188,Robingoose #188,Honk honk,goose_0188.png,Goose,Purple,White,Open,Salmon,Two Tone,No,No,None,No,None,Yes
189,Robingoose #189,Honk honk,goose_0189.png,Goose,Sky Blue,Orange,Closed,Black,Solid,No,No,None,No,None,No
190,Robingoose #190,Honk honk,goose_0190.png,Goose,White,Turquoise,Closed,Black,Solid,No,Yes,White,No,None,No
191,Robingoose #191,Honk honk,goose_0191.png,Goose,White,Coral,Closed,Black,Solid,No,No,None,No,None,No
192,Robingoose #192,Honk honk,goose_0192.png,Goose,Coral,White,Open,Orange,Two Tone,Yes,No,None,No,None,No
193,Robingoose #193,Honk honk,goose_0193.png,Goose,Pink,White,Closed,Black,Solid,No,No,None,No,None,No
194,Robingoose #194,Honk honk,goose_0194.png,Goose,Green,Yellow,Open,Orange,Two Tone,No,Yes,Green,No,None,No
195,Robingoose #195,Honk honk,goose_0195.png,Goose,Lime,Orange,Open,Black,Solid,No,No,None,No,None,No
196,Robingoose #196,Honk honk,goose_0196.png,Goose,Coral,Blue,Closed,Black,Solid,No,Yes,Coral,No,None,No
197,Robingoose #197,Honk honk,goose_0197.png,Goose,Lime,Orange,Open,Black,Solid,No,Yes,Lime,No,None,No
198,Robingoose #198,Honk honk,goose_0198.png,Goose,Coral,Orange,Open,Turquoise,Two Tone,No,Yes,Coral,No,None,Yes
199,Robingoose #199,Honk honk,goose_0199.png,Goose,Coral,Yellow,Open,Black,Solid,Yes,Yes,Yellow,No,None,No
200,Robingoose #200,Honk honk,goose_0200.png,Goose,Orange,Sky Blue,Closed,Black,Solid,No,No,None,No,None,No
201,Robingoose #201,Honk honk,goose_0201.png,Goose,Green,Orange,Open,Red,Two Tone,No,Yes,Green,No,None,Yes
202,Robingoose #202,Honk honk,goose_0202.png,Goose,Turquoise,Orange,Closed,Black,Solid,No,Yes,Turquoise,No,None,No
203,Robingoose #203,Honk honk,goose_0203.png,Goose,Black,Orange,Open,Red,Solid,No,No,None,No,None,No
204,Robingoose #204,Honk honk,goose_0204.png,Goose,Red,Yellow,Open,Purple,Two Tone,No,No,None,Yes,Black,No
205,Robingoose #205,Honk honk,goose_0205.png,Goose,Lime,Orange,Open,Black,Solid,Yes,Yes,Lime,No,None,No
206,Robingoose #206,Honk honk,goose_0206.png,Goose,White,Yellow,Open,Black,Solid,No,Yes,Coral,No,None,No
207,Robingoose #207,Honk honk,goose_0207.png,Goose,Purple,Red,Closed,Black,Solid,No,No,None,No,None,No
208,Robingoose #208,Honk honk,goose_0208.png,Goose,White,Blue,Closed,Black,Solid,No,Yes,Purple,No,None,No
209,Robingoose #209,Honk honk,goose_0209.png,Goose,White,Orange,Closed,Red,Two Tone,No,No,None,Yes,Black,No
210,Robingoose #210,Honk honk,goose_0210.png,Goose,Black,Lime,Open,Red,Solid,Yes,Yes,Orange,No,None,No
211,Robingoose #211,Honk honk,goose_0211.png,Goose,Green,White,Open,Black,Solid,Yes,Yes,Green,No,None,No
212,Robingoose #212,Honk honk,goose_0212.png,Goose,Red,Orange,Closed,Purple,Two Tone,No,No,None,No,None,No
213,Robingoose #213,Honk honk,goose_0213.png,Goose,Purple,Blue,Open,Black,Solid,Yes,Yes,Purple,No,None,No
214,Robingoose #214,Honk honk,goose_0214.png,Goose,Salmon,Yellow,Closed,Green,Two Tone,No,Yes,Salmon,No,None,No
215,Robingoose #215,Honk honk,goose_0215.png,Goose,Lime,Sky Blue,Open,Black,Solid,Yes,Yes,Lime,No,None,No
216,Robingoose #216,Honk honk,goose_0216.png,Goose,White,Lime,Closed,Black,Solid,No,Yes,White,No,None,No
217,Robingoose #217,Honk honk,goose_0217.png,Goose,White,Orange,Open,Black,Solid,No,No,None,No,None,No
218,Robingoose #218,Honk honk,goose_0218.png,Goose,Orange,Coral,Closed,Black,Solid,No,Yes,Coral,No,None,No
219,Robingoose #219,Honk honk,goose_0219.png,Goose,White,Yellow,Open,Black,Solid,No,No,None,No,None,No
220,Robingoose #220,Honk honk,goose_0220.png,Goose,Green,Orange,Closed,Black,Solid,No,Yes,Green,No,None,No
221,Robingoose #221,Honk honk,goose_0221.png,Goose,Purple,Yellow,Open,Black,Solid,No,No,None,No,None,No
222,Robingoose #222,Honk honk,goose_0222.png,Goose,Orange,Yellow,Closed,Salmon,Two Tone,No,No,None,No,None,No
223,Robingoose #223,Honk honk,goose_0223.png,Goose,Salmon,Yellow,Closed,Black,Solid,No,Yes,Salmon,No,None,No
224,Robingoose #224,Honk honk,goose_0224.png,Goose,Yellow,Orange,Open,Black,Solid,Yes,Yes,Yellow,No,None,No
225,Robingoose #225,Honk honk,goose_0225.png,Goose,Coral,Yellow,Open,Black,Solid,No,No,None,No,None,No
226,Robingoose #226,Honk honk,goose_0226.png,Goose,White,Yellow,Open,Purple,Two Tone,No,No,None,No,None,Yes
227,Robingoose #227,Honk honk,goose_0227.png,Goose,Red,Orange,Closed,Black,Solid,No,Yes,Purple,No,None,No
228,Robingoose #228,Honk honk,goose_0228.png,Goose,Purple,Orange,Open,Black,Solid,No,Yes,Purple,No,None,No
229,Robingoose #229,Honk honk,goose_0229.png,Goose,Purple,Yellow,Open,Black,Solid,Yes,Yes,Purple,No,None,No
230,Robingoose #230,Honk honk,goose_0230.png,Goose,White,Turquoise,Closed,Black,Solid,No,No,None,No,None,No
231,Robingoose #231,Honk honk,goose_0231.png,Goose,Lime,Sky Blue,Closed,Black,Solid,No,No,None,No,None,No
232,Robingoose #232,Honk honk,goose_0232.png,Goose,White,Green,Closed,Orange,Two Tone,No,No,None,No,None,Yes
233,Robingoose #233,Honk honk,goose_0233.png,Goose,Yellow,Orange,Open,Black,Solid,Yes,No,None,No,None,No
234,Robingoose #234,Honk honk,goose_0234.png,Goose,Coral,Orange,Open,Black,Solid,Yes,No,None,No,None,No
235,Robingoose #235,Honk honk,goose_0235.png,Goose,Yellow,Orange,Open,Turquoise,Two Tone,Yes,No,None,No,None,No
236,Robingoose #236,Honk honk,goose_0236.png,Goose,Sky Blue,Purple,Open,Black,Solid,No,Yes,Sky Blue,No,None,No
237,Robingoose #237,Honk honk,goose_0237.png,Goose,Lime,Purple,Closed,Black,Solid,No,Yes,Lime,No,None,No
238,Robingoose #238,Honk honk,goose_0238.png,Goose,Green,Orange,Closed,Lime,Two Tone,No,Yes,Green,No,None,No
239,Robingoose #239,Honk honk,goose_0239.png,Goose,Yellow,Purple,Closed,Salmon,Two Tone,No,Yes,Yellow,No,None,Yes
240,Robingoose #240,Honk honk,goose_0240.png,Goose,Coral,Sky Blue,Closed,Black,Solid,No,Yes,Coral,No,None,No
241,Robingoose #241,Honk honk,goose_0241.png,Goose,Purple,Yellow,Open,Black,Solid,Yes,No,None,No,None,No
242,Robingoose #242,Honk honk,goose_0242.png,Goose,Coral,Turquoise,Open,Black,Solid,No,No,None,No,None,No
243,Robingoose #243,Honk honk,goose_0243.png,Goose,Turquoise,Yellow,Closed,Black,Solid,No,Yes,Turquoise,No,None,No
244,Robingoose #244,Honk honk,goose_0244.png,Goose,Sky Blue,Orange,Open,Black,Solid,No,Yes,Sky Blue,No,None,No
245,Robingoose #245,Honk honk,goose_0245.png,Goose,White,Yellow,Closed,Orange,Two Tone,No,Yes,White,No,None,No
246,Robingoose #246,Honk honk,goose_0246.png,Goose,Green,Turquoise,Open,Black,Solid,Yes,Yes,Green,No,None,No
247,Robingoose #247,Honk honk,goose_0247.png,Goose,White,Orange,Open,Black,Solid,Yes,Yes,Salmon,No,None,No
248,Robingoose #248,Honk honk,goose_0248.png,Goose,White,Green,Open,Black,Solid,No,Yes,White,No,None,No
249,Robingoose #249,Honk honk,goose_0249.png,Goose,Orange,Yellow,Closed,Black,Solid,No,No,None,No,None,No
250,Robingoose #250,Honk honk,goose_0250.png,Goose,Orange,Black,Open,Green,Solid,Yes,No,None,No,None,No
251,Robingoose #251,Honk honk,goose_0251.png,Goose,Purple,Yellow,Open,Green,Two Tone,No,No,None,Yes,Black,No
252,Robingoose #252,Honk honk,goose_0252.png,Goose,Orange,Yellow,Open,Black,Solid,No,No,None,No,None,No
253,Robingoose #253,Honk honk,goose_0253.png,Goose,White,Red,Open,Salmon,Two Tone,Yes,Yes,Turquoise,No,None,No
254,Robingoose #254,Honk honk,goose_0254.png,Goose,Red,Yellow,Closed,Turquoise,Two Tone,No,Yes,Orange,No,None,Yes
255,Robingoose #255,Honk honk,goose_0255.png,Goose,White,Coral,Closed,Black,Solid,No,Yes,Purple,No,None,No
256,Robingoose #256,Honk honk,goose_0256.png,Goose,Pink,Yellow,Open,Black,Solid,Yes,Yes,Blue,No,None,No
257,Robingoose #257,Honk honk,goose_0257.png,Goose,Purple,Red,Open,Lime,Two Tone,No,Yes,Purple,No,None,No
258,Robingoose #258,Honk honk,goose_0258.png,Goose,Red,Yellow,Open,Black,Solid,No,Yes,Red,No,None,No
259,Robingoose #259,Honk honk,goose_0259.png,Goose,White,Orange,Closed,Turquoise,Two Tone,No,Yes,Yellow,No,None,No
260,Robingoose #260,Honk honk,goose_0260.png,Goose,White,Yellow,Open,Black,Solid,Yes,Yes,White,No,None,No
261,Robingoose #261,Honk honk,goose_0261.png,Goose,White,Orange,Closed,Purple,Two Tone,No,No,None,Yes,Black,No
262,Robingoose #262,Honk honk,goose_0262.png,Goose,White,Blue,Closed,Black,Solid,No,Yes,White,No,None,No
263,Robingoose #263,Honk honk,goose_0263.png,Goose,Pink,Blue,Closed,Black,Solid,No,No,None,No,None,No
264,Robingoose #264,Honk honk,goose_0264.png,Goose,Orange,Red,Closed,Green,Two Tone,No,No,None,No,None,No
265,Robingoose #265,Honk honk,goose_0265.png,Goose,Black,Red,Open,Red,Solid,No,Yes,Lime,No,None,No
266,Robingoose #266,Honk honk,goose_0266.png,Goose,White,Black,Open,Salmon,Two Tone,Yes,No,None,No,None,No
267,Robingoose #267,Honk honk,goose_0267.png,Goose,Lime,Orange,Open,Black,Solid,Yes,No,None,No,None,No
268,Robingoose #268,Honk honk,goose_0268.png,Goose,Coral,Yellow,Closed,Purple,Two Tone,No,No,None,No,None,Yes
269,Robingoose #269,Honk honk,goose_0269.png,Goose,Lime,Orange,Open,Purple,Two Tone,No,Yes,Lime,No,None,No
270,Robingoose #270,Honk honk,goose_0270.png,Goose,Salmon,Turquoise,Closed,Black,Solid,No,Yes,Salmon,No,None,No
271,Robingoose #271,Honk honk,goose_0271.png,Goose,Lime,Pink,Closed,Black,Solid,No,No,None,No,None,No
272,Robingoose #272,Honk honk,goose_0272.png,Goose,Sky Blue,Blue,Closed,Salmon,Two Tone,No,No,None,No,None,Yes
273,Robingoose #273,Honk honk,goose_0273.png,Goose,White,Yellow,Open,Pink,Two Tone,No,Yes,White,No,None,No
274,Robingoose #274,Honk honk,goose_0274.png,Goose,Black,Pink,Open,White,Solid,No,No,None,No,None,No
275,Robingoose #275,Honk honk,goose_0275.png,Goose,Sky Blue,Orange,Closed,Pink,Two Tone,No,No,None,No,None,Yes
276,Robingoose #276,Honk honk,goose_0276.png,Goose,Sky Blue,Orange,Open,Salmon,Two Tone,Yes,No,None,No,None,No
277,Robingoose #277,Honk honk,goose_0277.png,Goose,Orange,Green,Closed,Black,Solid,No,Yes,Orange,No,None,No
278,Robingoose #278,Honk honk,goose_0278.png,Goose,White,Yellow,Open,Black,Solid,No,Yes,Green,No,None,No
279,Robingoose #279,Honk honk,goose_0279.png,Goose,White,Purple,Closed,Lime,Two Tone,No,No,None,No,None,No
280,Robingoose #280,Honk honk,goose_0280.png,Goose,Red,Orange,Open,Lime,Two Tone,No,Yes,Red,No,None,Yes
281,Robingoose #281,Honk honk,goose_0281.png,Goose,Sky Blue,Orange,Open,Black,Solid,Yes,No,None,No,None,No
282,Robingoose #282,Honk honk,goose_0282.png,Goose,White,Yellow,Open,Sky Blue,Two Tone,No,No,None,Yes,Black,No
283,Robingoose #283,Honk honk,goose_0283.png,Goose,Yellow,Sky Blue,Closed,Black,Solid,No,No,None,No,None,No
284,Robingoose #284,Honk honk,goose_0284.png,Goose,White,Yellow,Open,Black,Solid,No,Yes,Pink,No,None,No
285,Robingoose #285,Honk honk,goose_0285.png,Goose,Turquoise,Orange,Open,Black,Solid,Yes,Yes,Turquoise,No,None,No
286,Robingoose #286,Honk honk,goose_0286.png,Goose,White,Yellow,Open,Black,Solid,No,Yes,Salmon,No,None,No
287,Robingoose #287,Honk honk,goose_0287.png,Goose,White,Yellow,Closed,Sky Blue,Two Tone,No,Yes,White,No,None,No
288,Robingoose #288,Honk honk,goose_0288.png,Goose,Green,Yellow,Open,Black,Solid,No,Yes,Green,No,None,No
289,Robingoose #289,Honk honk,goose_0289.png,Goose,Purple,White,Open,Black,Solid,No,No,None,No,None,No
290,Robingoose #290,Honk honk,goose_0290.png,Goose,Yellow,Salmon,Closed,Black,Solid,No,No,None,No,None,No
291,Robingoose #291,Honk honk,goose_0291.png,Goose,Purple,Yellow,Open,Turquoise,Two Tone,No,No,None,No,None,No
292,Robingoose #292,Honk honk,goose_0292.png,Goose,Turquoise,Sky Blue,Closed,Yellow,Two Tone,No,No,None,Yes,Black,No
293,Robingoose #293,Honk honk,goose_0293.png,Goose,Pink,Purple,Closed,Black,Solid,No,No,None,No,None,No
294,Robingoose #294,Honk honk,goose_0294.png,Goose,Salmon,Orange,Closed,Black,Solid,No,Yes,Salmon,No,None,No
295,Robingoose #295,Honk honk,goose_0295.png,Goose,Purple,Salmon,Closed,Black,Solid,No,No,None,No,None,No
296,Robingoose #296,Honk honk,goose_0296.png,Goose,Black,Yellow,Open,Red,Solid,Yes,Yes,Black,No,None,No
297,Robingoose #297,Honk honk,goose_0297.png,Goose,Sky Blue,Lime,Open,Black,Solid,Yes,Yes,Sky Blue,No,None,No
298,Robingoose #298,Honk honk,goose_0298.png,Goose,Orange,Lime,Open,Coral,Two Tone,No,No,None,Yes,Black,No
299,Robingoose #299,Honk honk,goose_0299.png,Goose,Purple,Black,Closed,Turquoise,Two Tone,No,No,None,No,None,Yes
300,Robingoose #300,Honk honk,goose_0300.png,Goose,Pink,White,Open,Black,Solid,No,No,None,No,None,No
301,Robingoose #301,Honk honk,goose_0301.png,Goose,Orange,Lime,Open,Sky Blue,Two Tone,Yes,No,None,Yes,Black,No
302,Robingoose #302,Honk honk,goose_0302.png,Goose,Green,Orange,Closed,Black,Solid,No,Yes,Coral,No,None,No
303,Robingoose #303,Honk honk,goose_0303.png,Goose,Orange,White,Closed,Black,Solid,No,Yes,Orange,No,None,No
304,Robingoose #304,Honk honk,goose_0304.png,Goose,Purple,Yellow,Open,Black,Solid,Yes,No,None,No,None,No
305,Robingoose #305,Honk honk,goose_0305.png,Goose,Black,Lime,Open,White,Solid,Yes,Yes,Orange,No,None,No
306,Robingoose #306,Honk honk,goose_0306.png,Goose,Green,Red,Open,Black,Solid,No,Yes,Green,No,None,No
307,Robingoose #307,Honk honk,goose_0307.png,Goose,Green,Orange,Closed,Black,Solid,No,No,None,No,None,No
308,Robingoose #308,Honk honk,goose_0308.png,Goose,White,Red,Closed,Turquoise,Two Tone,No,No,None,No,None,No
309,Robingoose #309,Honk honk,goose_0309.png,Goose,Black,Green,Closed,White,Solid,No,No,None,No,None,No
310,Robingoose #310,Honk honk,goose_0310.png,Goose,Red,Green,Closed,Black,Solid,No,Yes,Red,No,None,No
311,Robingoose #311,Honk honk,goose_0311.png,Goose,White,Turquoise,Open,Black,Solid,No,Yes,Orange,No,None,No
312,Robingoose #312,Honk honk,goose_0312.png,Goose,White,Orange,Open,Red,Two Tone,No,No,None,Yes,Yellow,No
313,Robingoose #313,Honk honk,goose_0313.png,Goose,White,Orange,Closed,Lime,Two Tone,No,No,None,Yes,Yellow,No
314,Robingoose #314,Honk honk,goose_0314.png,Goose,Yellow,Pink,Open,Coral,Two Tone,No,Yes,Yellow,No,None,No
315,Robingoose #315,Honk honk,goose_0315.png,Goose,Green,Orange,Open,Black,Solid,No,No,None,No,None,No
316,Robingoose #316,Honk honk,goose_0316.png,Goose,Purple,Black,Closed,Red,Solid,No,Yes,Purple,No,None,No
317,Robingoose #317,Honk honk,goose_0317.png,Goose,Lime,Purple,Open,White,Two Tone,No,Yes,Coral,No,None,No
318,Robingoose #318,Honk honk,goose_0318.png,Goose,Green,Salmon,Closed,Red,Two Tone,No,Yes,Green,No,None,No
319,Robingoose #319,Honk honk,goose_0319.png,Goose,Coral,Purple,Open,Black,Solid,Yes,Yes,Sky Blue,No,None,No
320,Robingoose #320,Honk honk,goose_0320.png,Goose,Turquoise,Orange,Closed,Black,Solid,No,No,None,No,None,No
321,Robingoose #321,Honk honk,goose_0321.png,Goose,White,Yellow,Open,Black,Solid,No,No,None,No,None,No
322,Robingoose #322,Honk honk,goose_0322.png,Goose,Black,Yellow,Open,White,Solid,No,No,None,No,None,No
323,Robingoose #323,Honk honk,goose_0323.png,Goose,Lime,Orange,Open,Black,Solid,No,No,None,No,None,No
324,Robingoose #324,Honk honk,goose_0324.png,Goose,Green,Pink,Closed,Black,Solid,No,No,None,No,None,No
325,Robingoose #325,Honk honk,goose_0325.png,Goose,Red,Sky Blue,Closed,Black,Solid,No,Yes,Blue,No,None,No
326,Robingoose #326,Honk honk,goose_0326.png,Goose,White,Turquoise,Open,Black,Solid,Yes,No,None,No,None,No
327,Robingoose #327,Honk honk,goose_0327.png,Goose,Green,Pink,Open,Black,Solid,No,Yes,Green,No,None,No
328,Robingoose #328,Honk honk,goose_0328.png,Goose,White,Purple,Open,Black,Solid,No,Yes,White,No,None,No
329,Robingoose #329,Honk honk,goose_0329.png,Goose,Lime,Orange,Closed,Black,Solid,No,Yes,Pink,No,None,No
330,Robingoose #330,Honk honk,goose_0330.png,Goose,Green,Turquoise,Open,Black,Solid,No,Yes,Green,No,None,No
331,Robingoose #331,Honk honk,goose_0331.png,Goose,Green,Yellow,Closed,Blue,Two Tone,No,No,None,No,None,No
332,Robingoose #332,Honk honk,goose_0332.png,Goose,White,Lime,Closed,Black,Solid,No,No,None,No,None,No
333,Robingoose #333,Honk honk,goose_0333.png,Goose,White,Red,Closed,Black,Solid,No,No,None,No,None,No
334,Robingoose #334,Honk honk,goose_0334.png,Goose,White,Black,Open,Red,Solid,No,No,None,No,None,No
335,Robingoose #335,Honk honk,goose_0335.png,Goose,Salmon,Yellow,Open,Coral,Two Tone,No,No,None,Yes,Black,No
336,Robingoose #336,Honk honk,goose_0336.png,Goose,Black,Lime,Open,White,Solid,No,Yes,Coral,No,None,No
337,Robingoose #337,Honk honk,goose_0337.png,Goose,Purple,Black,Open,Blue,Solid,No,Yes,Purple,No,None,No
338,Robingoose #338,Honk honk,goose_0338.png,Goose,White,Turquoise,Open,Black,Solid,Yes,Yes,White,No,None,No
339,Robingoose #339,Honk honk,goose_0339.png,Goose,Green,Yellow,Open,Black,Solid,Yes,Yes,Green,No,None,No
340,Robingoose #340,Honk honk,goose_0340.png,Goose,Turquoise,Yellow,Open,Black,Solid,Yes,Yes,Turquoise,No,None,No
341,Robingoose #341,Honk honk,goose_0341.png,Goose,Salmon,Lime,Open,Black,Solid,No,Yes,Salmon,No,None,No
342,Robingoose #342,Honk honk,goose_0342.png,Goose,Red,Pink,Open,Black,Solid,Yes,Yes,Red,No,None,No
343,Robingoose #343,Honk honk,goose_0343.png,Goose,Blue,Yellow,Open,Black,Solid,No,Yes,Blue,No,None,No
344,Robingoose #344,Honk honk,goose_0344.png,Goose,Yellow,Red,Open,Black,Solid,No,No,None,No,None,No
345,Robingoose #345,Honk honk,goose_0345.png,Goose,White,Coral,Closed,Yellow,Two Tone,No,No,None,No,None,No
346,Robingoose #346,Honk honk,goose_0346.png,Goose,White,Orange,Closed,Purple,Two Tone,No,No,None,No,None,No
347,Robingoose #347,Honk honk,goose_0347.png,Goose,White,Orange,Closed,Coral,Two Tone,No,No,None,No,None,No
348,Robingoose #348,Honk honk,goose_0348.png,Goose,White,Orange,Open,Black,Solid,No,Yes,White,No,None,No
349,Robingoose #349,Honk honk,goose_0349.png,Goose,White,Orange,Open,Black,Solid,Yes,No,None,No,None,No
350,Robingoose #350,Honk honk,goose_0350.png,Goose,Yellow,Orange,Closed,White,Two Tone,No,Yes,Yellow,No,None,Yes
351,Robingoose #351,Honk honk,goose_0351.png,Goose,White,Green,Open,Yellow,Two Tone,Yes,No,None,Yes,Yellow,No
352,Robingoose #352,Honk honk,goose_0352.png,Goose,Salmon,White,Open,Turquoise,Two Tone,Yes,No,None,Yes,Black,No
353,Robingoose #353,Honk honk,goose_0353.png,Goose,White,Blue,Open,Lime,Two Tone,No,Yes,White,No,None,No
354,Robingoose #354,Honk honk,goose_0354.png,Goose,Green,Yellow,Closed,Sky Blue,Two Tone,No,Yes,Green,No,None,No
355,Robingoose #355,Honk honk,goose_0355.png,Goose,Salmon,Orange,Open,Red,Two Tone,Yes,No,None,Yes,Yellow,No
356,Robingoose #356,Honk honk,goose_0356.png,Goose,Red,Coral,Closed,Black,Solid,No,No,None,No,None,No
357,Robingoose #357,Honk honk,goose_0357.png,Goose,Blue,Yellow,Closed,Black,Solid,No,Yes,Blue,No,None,No
358,Robingoose #358,Honk honk,goose_0358.png,Goose,Sky Blue,Orange,Closed,Black,Solid,No,Yes,Sky Blue,No,None,No
359,Robingoose #359,Honk honk,goose_0359.png,Goose,Orange,Blue,Open,Black,Solid,No,Yes,Orange,No,None,No
360,Robingoose #360,Honk honk,goose_0360.png,Goose,Yellow,Red,Closed,Black,Solid,No,Yes,Yellow,No,None,No
361,Robingoose #361,Honk honk,goose_0361.png,Goose,Salmon,Yellow,Closed,Black,Solid,No,No,None,No,None,No
362,Robingoose #362,Honk honk,goose_0362.png,Goose,White,Yellow,Open,Black,Solid,No,Yes,White,No,None,No
363,Robingoose #363,Honk honk,goose_0363.png,Goose,Black,Orange,Open,Lime,Two Tone,No,Yes,Black,No,None,No
364,Robingoose #364,Honk honk,goose_0364.png,Goose,Sky Blue,Red,Open,Black,Solid,Yes,No,None,No,None,No
365,Robingoose #365,Honk honk,goose_0365.png,Goose,Orange,Lime,Open,Green,Two Tone,Yes,Yes,Coral,No,None,No
366,Robingoose #366,Honk honk,goose_0366.png,Goose,Black,Turquoise,Closed,Red,Two Tone,No,No,None,No,None,No
367,Robingoose #367,Honk honk,goose_0367.png,Goose,Turquoise,Coral,Closed,Black,Solid,No,Yes,Turquoise,No,None,No
368,Robingoose #368,Honk honk,goose_0368.png,Goose,Turquoise,Orange,Closed,Blue,Two Tone,No,Yes,Black,No,None,No
369,Robingoose #369,Honk honk,goose_0369.png,Goose,White,Orange,Closed,Turquoise,Two Tone,No,No,None,No,None,Yes
370,Robingoose #370,Honk honk,goose_0370.png,Goose,Green,Yellow,Open,Turquoise,Two Tone,No,No,None,Yes,Black,No
371,Robingoose #371,Honk honk,goose_0371.png,Goose,Red,Orange,Closed,Black,Solid,No,Yes,Lime,No,None,No
372,Robingoose #372,Honk honk,goose_0372.png,Goose,Sky Blue,Yellow,Closed,White,Two Tone,No,Yes,Sky Blue,No,None,No
373,Robingoose #373,Honk honk,goose_0373.png,Goose,Yellow,Orange,Open,Black,Solid,No,Yes,Blue,No,None,No
374,Robingoose #374,Honk honk,goose_0374.png,Goose,Pink,Black,Open,Purple,Solid,No,Yes,Pink,No,None,No
375,Robingoose #375,Honk honk,goose_0375.png,Goose,White,Orange,Closed,Salmon,Two Tone,No,Yes,White,No,None,No
376,Robingoose #376,Honk honk,goose_0376.png,Goose,White,Red,Open,Yellow,Two Tone,No,No,None,No,None,No
377,Robingoose #377,Honk honk,goose_0377.png,Goose,Sky Blue,Green,Closed,Black,Solid,No,No,None,No,None,No
378,Robingoose #378,Honk honk,goose_0378.png,Goose,Orange,Coral,Closed,Black,Solid,No,No,None,No,None,No
379,Robingoose #379,Honk honk,goose_0379.png,Goose,Blue,Yellow,Open,Black,Solid,No,No,None,No,None,No
380,Robingoose #380,Honk honk,goose_0380.png,Goose,Purple,Orange,Closed,Black,Solid,No,Yes,Purple,No,None,No
381,Robingoose #381,Honk honk,goose_0381.png,Goose,Green,Orange,Open,Black,Solid,No,Yes,Green,No,None,No
382,Robingoose #382,Honk honk,goose_0382.png,Goose,Yellow,Sky Blue,Open,Black,Solid,No,No,None,No,None,No
383,Robingoose #383,Honk honk,goose_0383.png,Goose,Green,Coral,Open,Black,Solid,No,Yes,Black,No,None,No
384,Robingoose #384,Honk honk,goose_0384.png,Goose,Red,Orange,Closed,Black,Solid,No,Yes,Red,No,None,No
385,Robingoose #385,Honk honk,goose_0385.png,Goose,Sky Blue,Yellow,Open,Black,Solid,No,No,None,No,None,No
386,Robingoose #386,Honk honk,goose_0386.png,Goose,Salmon,Coral,Open,Black,Solid,Yes,No,None,No,None,No
387,Robingoose #387,Honk honk,goose_0387.png,Goose,Red,Yellow,Open,Black,Solid,Yes,No,None,No,None,No
388,Robingoose #388,Honk honk,goose_0388.png,Goose,Coral,Orange,Open,Black,Solid,No,No,None,No,None,No
389,Robingoose #389,Honk honk,goose_0389.png,Goose,Sky Blue,Yellow,Open,Black,Solid,Yes,Yes,Sky Blue,No,None,No
390,Robingoose #390,Honk honk,goose_0390.png,Goose,Red,Blue,Closed,Black,Solid,No,Yes,Red,No,None,No
391,Robingoose #391,Honk honk,goose_0391.png,Goose,Purple,Yellow,Closed,Green,Two Tone,No,No,None,No,None,No
392,Robingoose #392,Honk honk,goose_0392.png,Goose,Green,Orange,Open,White,Two Tone,Yes,No,None,No,None,No
393,Robingoose #393,Honk honk,goose_0393.png,Goose,Turquoise,Yellow,Open,Black,Solid,No,Yes,Turquoise,No,None,No
394,Robingoose #394,Honk honk,goose_0394.png,Goose,Yellow,Coral,Open,Black,Solid,Yes,Yes,Yellow,No,None,No
395,Robingoose #395,Honk honk,goose_0395.png,Goose,Lime,Orange,Open,Black,Solid,Yes,No,None,No,None,No
396,Robingoose #396,Honk honk,goose_0396.png,Goose,Pink,Yellow,Open,Black,Solid,No,Yes,Pink,No,None,No
397,Robingoose #397,Honk honk,goose_0397.png,Goose,Pink,Orange,Closed,Black,Solid,No,Yes,Pink,No,None,No
398,Robingoose #398,Honk honk,goose_0398.png,Goose,Yellow,Orange,Closed,Salmon,Two Tone,No,No,None,No,None,Yes
399,Robingoose #399,Honk honk,goose_0399.png,Goose,Sky Blue,Turquoise,Open,Black,Solid,Yes,Yes,White,No,None,No
400,Robingoose #400,Honk honk,goose_0400.png,Goose,White,Green,Closed,Black,Solid,No,Yes,White,No,None,No
401,Robingoose #401,Honk honk,goose_0401.png,Goose,Lime,Turquoise,Closed,Black,Solid,No,Yes,Lime,No,None,No
402,Robingoose #402,Honk honk,goose_0402.png,Goose,Pink,Red,Closed,Black,Solid,No,No,None,No,None,No
403,Robingoose #403,Honk honk,goose_0403.png,Goose,White,Orange,Open,Red,Two Tone,Yes,No,None,No,None,No
404,Robingoose #404,Honk honk,goose_0404.png,Goose,Yellow,Coral,Open,Black,Solid,No,No,None,No,None,No
405,Robingoose #405,Honk honk,goose_0405.png,Goose,White,Orange,Closed,Yellow,Two Tone,No,No,None,No,None,Yes
406,Robingoose #406,Honk honk,goose_0406.png,Goose,Purple,Orange,Open,Black,Solid,No,Yes,Red,No,None,No
407,Robingoose #407,Honk honk,goose_0407.png,Goose,Lime,Green,Closed,Black,Solid,No,Yes,Lime,No,None,No
408,Robingoose #408,Honk honk,goose_0408.png,Goose,Turquoise,Yellow,Open,Black,Solid,Yes,No,None,No,None,No
409,Robingoose #409,Honk honk,goose_0409.png,Goose,Sky Blue,Yellow,Closed,Black,Solid,No,No,None,No,None,No
410,Robingoose #410,Honk honk,goose_0410.png,Goose,Sky Blue,Yellow,Open,Black,Solid,Yes,No,None,No,None,No
411,Robingoose #411,Honk honk,goose_0411.png,Goose,White,Orange,Open,Sky Blue,Two Tone,Yes,No,None,No,None,Yes
412,Robingoose #412,Honk honk,goose_0412.png,Goose,Turquoise,Black,Open,Sky Blue,Solid,No,Yes,Turquoise,No,None,No
413,Robingoose #413,Honk honk,goose_0413.png,Goose,Black,Yellow,Closed,Red,Solid,No,Yes,Black,No,None,No
414,Robingoose #414,Honk honk,goose_0414.png,Goose,White,Orange,Open,Black,Solid,Yes,Yes,Lime,No,None,No
415,Robingoose #415,Honk honk,goose_0415.png,Goose,White,Orange,Open,Black,Solid,Yes,Yes,White,No,None,No
416,Robingoose #416,Honk honk,goose_0416.png,Goose,White,Yellow,Open,Orange,Two Tone,Yes,No,None,No,None,No
417,Robingoose #417,Honk honk,goose_0417.png,Goose,Purple,Orange,Closed,Yellow,Two Tone,No,No,None,Yes,Black,No
418,Robingoose #418,Honk honk,goose_0418.png,Goose,Pink,Yellow,Open,Black,Solid,Yes,Yes,Pink,No,None,No
419,Robingoose #419,Honk honk,goose_0419.png,Goose,White,Coral,Closed,Purple,Two Tone,No,No,None,No,None,No
420,Robingoose #420,Honk honk,goose_0420.png,Goose,Salmon,Turquoise,Open,Black,Solid,Yes,No,None,No,None,No
421,Robingoose #421,Honk honk,goose_0421.png,Goose,Turquoise,Orange,Open,Black,Solid,No,No,None,No,None,No
422,Robingoose #422,Honk honk,goose_0422.png,Goose,White,Yellow,Open,Green,Two Tone,Yes,No,None,Yes,Black,No
423,Robingoose #423,Honk honk,goose_0423.png,Goose,Red,Lime,Open,Black,Solid,No,No,None,No,None,No
424,Robingoose #424,Honk honk,goose_0424.png,Goose,Orange,Yellow,Open,Black,Solid,Yes,Yes,Orange,No,None,No
425,Robingoose #425,Honk honk,goose_0425.png,Goose,Pink,Orange,Closed,White,Two Tone,No,Yes,Pink,No,None,No
426,Robingoose #426,Honk honk,goose_0426.png,Goose,Salmon,White,Closed,Black,Solid,No,No,None,No,None,No
427,Robingoose #427,Honk honk,goose_0427.png,Goose,Orange,White,Open,Black,Solid,Yes,Yes,Orange,No,None,No
428,Robingoose #428,Honk honk,goose_0428.png,Goose,Red,Black,Open,Orange,Solid,No,No,None,No,None,No
429,Robingoose #429,Honk honk,goose_0429.png,Goose,Lime,Black,Open,Orange,Solid,Yes,No,None,No,None,No
430,Robingoose #430,Honk honk,goose_0430.png,Goose,Sky Blue,Orange,Open,Black,Solid,No,Yes,Sky Blue,No,None,No
431,Robingoose #431,Honk honk,goose_0431.png,Goose,Orange,Red,Closed,Black,Solid,No,No,None,No,None,No
432,Robingoose #432,Honk honk,goose_0432.png,Goose,Red,Orange,Open,Black,Solid,No,No,None,No,None,No
433,Robingoose #433,Honk honk,goose_0433.png,Goose,Green,Orange,Open,Black,Solid,Yes,No,None,No,None,No
434,Robingoose #434,Honk honk,goose_0434.png,Goose,Orange,Black,Open,Black,Solid,No,Yes,Orange,No,None,No
435,Robingoose #435,Honk honk,goose_0435.png,Goose,White,Green,Open,Lime,Two Tone,Yes,Yes,White,No,None,Yes
436,Robingoose #436,Honk honk,goose_0436.png,Goose,White,Orange,Open,Lime,Two Tone,Yes,Yes,White,No,None,Yes
437,Robingoose #437,Honk honk,goose_0437.png,Goose,Green,Orange,Open,Salmon,Two Tone,Yes,Yes,Green,No,None,No
438,Robingoose #438,Honk honk,goose_0438.png,Goose,Purple,Sky Blue,Closed,Coral,Two Tone,No,No,None,No,None,No
439,Robingoose #439,Honk honk,goose_0439.png,Goose,Purple,Yellow,Open,Black,Solid,Yes,Yes,Purple,No,None,No
440,Robingoose #440,Honk honk,goose_0440.png,Goose,Blue,Green,Open,Black,Solid,Yes,Yes,Blue,No,None,No
441,Robingoose #441,Honk honk,goose_0441.png,Goose,Black,Orange,Closed,Green,Two Tone,No,No,None,Yes,Yellow,No
442,Robingoose #442,Honk honk,goose_0442.png,Goose,White,Yellow,Closed,Blue,Two Tone,No,No,None,No,None,No
443,Robingoose #443,Honk honk,goose_0443.png,Goose,Lime,Green,Closed,Black,Solid,No,No,None,No,None,No
444,Robingoose #444,Honk honk,goose_0444.png,Goose,Yellow,Coral,Open,Black,Solid,Yes,No,None,No,None,No
445,Robingoose #445,Honk honk,goose_0445.png,Goose,Black,Orange,Open,Red,Solid,Yes,Yes,Black,No,None,No
446,Robingoose #446,Honk honk,goose_0446.png,Goose,White,Lime,Open,Black,Solid,No,Yes,White,No,None,No
447,Robingoose #447,Honk honk,goose_0447.png,Goose,White,Yellow,Open,Green,Two Tone,Yes,Yes,White,No,None,No
448,Robingoose #448,Honk honk,goose_0448.png,Goose,Black,Sky Blue,Open,White,Solid,Yes,Yes,Black,No,None,No
449,Robingoose #449,Honk honk,goose_0449.png,Goose,White,Green,Open,Black,Solid,No,Yes,Turquoise,No,None,No
450,Robingoose #450,Honk honk,goose_0450.png,Goose,Turquoise,Lime,Closed,Black,Solid,No,No,None,No,None,No
451,Robingoose #451,Honk honk,goose_0451.png,Goose,Coral,Yellow,Open,Black,Solid,No,Yes,Black,No,None,No
452,Robingoose #452,Honk honk,goose_0452.png,Goose,Salmon,Yellow,Open,White,Two Tone,No,Yes,Salmon,No,None,No
453,Robingoose #453,Honk honk,goose_0453.png,Goose,Lime,Coral,Open,Blue,Two Tone,Yes,Yes,Lime,No,None,No
454,Robingoose #454,Honk honk,goose_0454.png,Goose,White,Lime,Open,Black,Solid,No,No,None,No,None,No
455,Robingoose #455,Honk honk,goose_0455.png,Goose,Yellow,Blue,Closed,Pink,Two Tone,No,No,None,No,None,Yes
456,Robingoose #456,Honk honk,goose_0456.png,Goose,White,Yellow,Open,Red,Two Tone,No,Yes,White,No,None,No
457,Robingoose #457,Honk honk,goose_0457.png,Goose,White,Orange,Open,Black,Solid,Yes,Yes,White,No,None,No
458,Robingoose #458,Honk honk,goose_0458.png,Goose,Red,Yellow,Open,Black,Solid,No,Yes,Black,No,None,No
459,Robingoose #459,Honk honk,goose_0459.png,Goose,White,Orange,Closed,Yellow,Two Tone,No,No,None,Yes,Black,No
460,Robingoose #460,Honk honk,goose_0460.png,Goose,Purple,Yellow,Open,Pink,Two Tone,No,No,None,No,None,Yes
461,Robingoose #461,Honk honk,goose_0461.png,Goose,Sky Blue,Yellow,Open,Black,Solid,No,No,None,No,None,No
462,Robingoose #462,Honk honk,goose_0462.png,Goose,White,Orange,Closed,Salmon,Two Tone,No,No,None,Yes,Black,No
463,Robingoose #463,Honk honk,goose_0463.png,Goose,Orange,Pink,Closed,Black,Solid,No,No,None,No,None,No
464,Robingoose #464,Honk honk,goose_0464.png,Goose,Orange,Yellow,Open,Black,Solid,Yes,No,None,No,None,No
465,Robingoose #465,Honk honk,goose_0465.png,Goose,White,Sky Blue,Open,Purple,Two Tone,No,Yes,White,No,None,No
466,Robingoose #466,Honk honk,goose_0466.png,Goose,Purple,Yellow,Open,Coral,Two Tone,Yes,No,None,No,None,No
467,Robingoose #467,Honk honk,goose_0467.png,Goose,Green,Orange,Open,Coral,Two Tone,No,No,None,Yes,Black,No
468,Robingoose #468,Honk honk,goose_0468.png,Goose,Red,Yellow,Open,Black,Solid,No,Yes,Orange,No,None,No
469,Robingoose #469,Honk honk,goose_0469.png,Goose,Turquoise,Yellow,Open,Black,Solid,No,Yes,Turquoise,No,None,No
470,Robingoose #470,Honk honk,goose_0470.png,Goose,White,Yellow,Open,Black,Solid,No,Yes,White,No,None,No
471,Robingoose #471,Honk honk,goose_0471.png,Goose,Black,Lime,Open,Red,Solid,No,Yes,Black,No,None,No
472,Robingoose #472,Honk honk,goose_0472.png,Goose,Orange,Yellow,Open,Black,Solid,No,Yes,Orange,No,None,No
473,Robingoose #473,Honk honk,goose_0473.png,Goose,Pink,Blue,Open,Black,Solid,Yes,No,None,No,None,No
474,Robingoose #474,Honk honk,goose_0474.png,Goose,Green,White,Closed,Black,Solid,No,Yes,Green,No,None,No
475,Robingoose #475,Honk honk,goose_0475.png,Goose,Black,Red,Open,Green,Two Tone,Yes,No,None,Yes,Yellow,No
476,Robingoose #476,Honk honk,goose_0476.png,Goose,White,Orange,Closed,Black,Solid,No,Yes,Salmon,No,None,No
477,Robingoose #477,Honk honk,goose_0477.png,Goose,Red,Yellow,Closed,Black,Solid,No,No,None,No,None,No
478,Robingoose #478,Honk honk,goose_0478.png,Goose,White,Blue,Open,Black,Solid,Yes,No,None,No,None,No
479,Robingoose #479,Honk honk,goose_0479.png,Goose,Green,Orange,Open,Black,Solid,No,Yes,Green,No,None,No
480,Robingoose #480,Honk honk,goose_0480.png,Goose,Blue,Orange,Open,Black,Solid,Yes,Yes,Blue,No,None,No
481,Robingoose #481,Honk honk,goose_0481.png,Goose,White,Red,Closed,Salmon,Two Tone,No,No,None,No,None,No
482,Robingoose #482,Honk honk,goose_0482.png,Goose,Purple,Orange,Open,Blue,Two Tone,No,No,None,No,None,No
483,Robingoose #483,Honk honk,goose_0483.png,Goose,Green,Yellow,Closed,Black,Solid,No,Yes,Coral,No,None,No
484,Robingoose #484,Honk honk,goose_0484.png,Goose,Yellow,Orange,Open,Black,Solid,No,No,None,No,None,No
485,Robingoose #485,Honk honk,goose_0485.png,Goose,Pink,Sky Blue,Closed,Black,Solid,No,No,None,No,None,No
486,Robingoose #486,Honk honk,goose_0486.png,Goose,White,Orange,Closed,Black,Solid,No,Yes,Orange,No,None,No
487,Robingoose #487,Honk honk,goose_0487.png,Goose,White,Orange,Closed,Red,Two Tone,No,No,None,Yes,Black,No
488,Robingoose #488,Honk honk,goose_0488.png,Goose,White,Yellow,Closed,Purple,Two Tone,No,No,None,Yes,Yellow,No
489,Robingoose #489,Honk honk,goose_0489.png,Goose,Turquoise,Yellow,Closed,Black,Solid,No,No,None,No,None,No
490,Robingoose #490,Honk honk,goose_0490.png,Goose,Black,Yellow,Closed,Red,Solid,No,Yes,Pink,No,None,No
491,Robingoose #491,Honk honk,goose_0491.png,Goose,Purple,Orange,Open,Black,Solid,Yes,No,None,No,None,No
492,Robingoose #492,Honk honk,goose_0492.png,Goose,Purple,Turquoise,Open,Black,Solid,Yes,No,None,No,None,No
493,Robingoose #493,Honk honk,goose_0493.png,Goose,Pink,Orange,Open,Black,Solid,Yes,Yes,Pink,No,None,No
494,Robingoose #494,Honk honk,goose_0494.png,Goose,Pink,Green,Closed,Black,Solid,No,Yes,Pink,No,None,No
495,Robingoose #495,Honk honk,goose_0495.png,Goose,Sky Blue,Pink,Closed,Orange,Two Tone,No,Yes,Sky Blue,No,None,Yes
496,Robingoose #496,Honk honk,goose_0496.png,Goose,White,Yellow,Closed,Purple,Two Tone,No,Yes,White,No,None,No
497,Robingoose #497,Honk honk,goose_0497.png,Goose,White,Sky Blue,Open,Purple,Two Tone,No,No,None,No,None,Yes
498,Robingoose #498,Honk honk,goose_0498.png,Goose,Purple,Yellow,Open,Black,Solid,No,No,None,No,None,No
499,Robingoose #499,Honk honk,goose_0499.png,Goose,Purple,Orange,Closed,Coral,Two Tone,No,No,None,No,None,No
500,Robingoose #500,Honk honk,goose_0500.png,Goose,Orange,Pink,Closed,Black,Solid,No,Yes,Orange,No,None,No
501,Robingoose #501,Honk honk,goose_0501.png,Goose,Pink,Yellow,Closed,Coral,Two Tone,No,No,None,Yes,Yellow,No
502,Robingoose #502,Honk honk,goose_0502.png,Goose,Yellow,Sky Blue,Closed,Black,Solid,No,Yes,Yellow,No,None,No
503,Robingoose #503,Honk honk,goose_0503.png,Goose,Orange,Turquoise,Closed,Black,Solid,No,Yes,Orange,No,None,No
504,Robingoose #504,Honk honk,goose_0504.png,Goose,Purple,Green,Open,Blue,Two Tone,No,Yes,Purple,No,None,Yes
505,Robingoose #505,Honk honk,goose_0505.png,Goose,Orange,Lime,Open,Blue,Two Tone,No,Yes,Orange,No,None,No
506,Robingoose #506,Honk honk,goose_0506.png,Goose,Pink,Orange,Closed,Black,Solid,No,No,None,No,None,No
507,Robingoose #507,Honk honk,goose_0507.png,Goose,White,Yellow,Open,Pink,Two Tone,No,No,None,No,None,No
508,Robingoose #508,Honk honk,goose_0508.png,Goose,White,Orange,Open,Black,Solid,No,Yes,White,No,None,No
509,Robingoose #509,Honk honk,goose_0509.png,Goose,Green,Red,Open,Blue,Two Tone,No,Yes,Green,No,None,No
510,Robingoose #510,Honk honk,goose_0510.png,Goose,Blue,Orange,Open,Black,Solid,No,Yes,Blue,No,None,No
511,Robingoose #511,Honk honk,goose_0511.png,Goose,Red,Yellow,Open,Black,Solid,Yes,Yes,White,No,None,No
512,Robingoose #512,Honk honk,goose_0512.png,Goose,Salmon,Black,Closed,Orange,Solid,No,Yes,Salmon,No,None,No
513,Robingoose #513,Honk honk,goose_0513.png,Goose,White,Blue,Open,Black,Solid,No,Yes,White,No,None,No
514,Robingoose #514,Honk honk,goose_0514.png,Goose,Salmon,Sky Blue,Closed,Black,Solid,No,Yes,Green,No,None,No
515,Robingoose #515,Honk honk,goose_0515.png,Goose,Blue,Sky Blue,Open,Lime,Two Tone,No,No,None,No,None,Yes
516,Robingoose #516,Honk honk,goose_0516.png,Goose,White,Orange,Open,Purple,Two Tone,No,Yes,White,No,None,No
517,Robingoose #517,Honk honk,goose_0517.png,Goose,Yellow,Orange,Open,Sky Blue,Two Tone,Yes,No,None,No,None,No
518,Robingoose #518,Honk honk,goose_0518.png,Goose,White,Turquoise,Open,Black,Solid,No,No,None,No,None,No
519,Robingoose #519,Honk honk,goose_0519.png,Goose,Yellow,White,Open,Black,Solid,No,Yes,Lime,No,None,No
520,Robingoose #520,Honk honk,goose_0520.png,Goose,Green,White,Closed,Black,Solid,No,No,None,No,None,No
521,Robingoose #521,Honk honk,goose_0521.png,Goose,Pink,Green,Open,Black,Solid,No,Yes,White,No,None,No
522,Robingoose #522,Honk honk,goose_0522.png,Goose,Salmon,Orange,Open,Black,Solid,No,No,None,No,None,No
523,Robingoose #523,Honk honk,goose_0523.png,Goose,Black,Orange,Closed,Purple,Two Tone,No,No,None,No,None,No
524,Robingoose #524,Honk honk,goose_0524.png,Goose,Turquoise,Yellow,Open,Black,Solid,No,No,None,No,None,No
525,Robingoose #525,Honk honk,goose_0525.png,Goose,Blue,Yellow,Closed,Green,Two Tone,No,Yes,Blue,No,None,No
526,Robingoose #526,Honk honk,goose_0526.png,Goose,White,Pink,Open,Black,Solid,Yes,Yes,Sky Blue,No,None,No
527,Robingoose #527,Honk honk,goose_0527.png,Goose,Yellow,Orange,Open,Black,Solid,Yes,No,None,No,None,No
528,Robingoose #528,Honk honk,goose_0528.png,Goose,Salmon,Lime,Open,Blue,Two Tone,Yes,Yes,Salmon,No,None,No
529,Robingoose #529,Honk honk,goose_0529.png,Goose,Sky Blue,Yellow,Open,Black,Solid,No,Yes,Sky Blue,No,None,No
530,Robingoose #530,Honk honk,goose_0530.png,Goose,Red,Sky Blue,Closed,Salmon,Two Tone,No,Yes,Red,No,None,No
531,Robingoose #531,Honk honk,goose_0531.png,Goose,White,Pink,Open,Yellow,Two Tone,No,Yes,Pink,No,None,No
532,Robingoose #532,Honk honk,goose_0532.png,Goose,Pink,Blue,Open,Black,Solid,No,Yes,Pink,No,None,No
533,Robingoose #533,Honk honk,goose_0533.png,Goose,White,Lime,Open,Black,Solid,Yes,No,None,No,None,No
534,Robingoose #534,Honk honk,goose_0534.png,Goose,White,Green,Open,Black,Solid,No,No,None,No,None,No
535,Robingoose #535,Honk honk,goose_0535.png,Goose,White,Turquoise,Open,Orange,Two Tone,No,No,None,No,None,No
536,Robingoose #536,Honk honk,goose_0536.png,Goose,White,Orange,Closed,Black,Solid,No,Yes,Red,No,None,No
537,Robingoose #537,Honk honk,goose_0537.png,Owl,,,,,,,,,,,
538,Robingoose #538,Honk honk,goose_0538.png,Goose,Turquoise,Orange,Closed,Pink,Two Tone,No,Yes,Turquoise,No,None,Yes
539,Robingoose #539,Honk honk,goose_0539.png,Goose,Salmon,Black,Closed,Turquoise,Solid,No,No,None,No,None,No
540,Robingoose #540,Honk honk,goose_0540.png,Goose,Orange,Red,Closed,Black,Solid,No,Yes,Orange,No,None,No
541,Robingoose #541,Honk honk,goose_0541.png,Goose,Black,Turquoise,Closed,Yellow,Two Tone,No,No,None,No,None,Yes
542,Robingoose #542,Honk honk,goose_0542.png,Goose,Turquoise,Green,Open,Black,Solid,No,Yes,Turquoise,No,None,No
543,Robingoose #543,Honk honk,goose_0543.png,Goose,Blue,Yellow,Closed,Sky Blue,Two Tone,No,Yes,Blue,No,None,Yes
544,Robingoose #544,Honk honk,goose_0544.png,Goose,White,Coral,Open,Orange,Two Tone,Yes,No,None,Yes,Yellow,No
545,Robingoose #545,Honk honk,goose_0545.png,Goose,Salmon,Red,Open,Black,Solid,No,No,None,No,None,No
546,Robingoose #546,Honk honk,goose_0546.png,Goose,Lime,Black,Closed,White,Two Tone,No,Yes,Lime,No,None,Yes
547,Robingoose #547,Honk honk,goose_0547.png,Goose,Sky Blue,Turquoise,Closed,Black,Solid,No,Yes,Sky Blue,No,None,No
548,Robingoose #548,Honk honk,goose_0548.png,Goose,Purple,Orange,Closed,White,Two Tone,No,No,None,No,None,No
549,Robingoose #549,Honk honk,goose_0549.png,Goose,White,Yellow,Closed,Orange,Two Tone,No,Yes,Purple,No,None,No
550,Robingoose #550,Honk honk,goose_0550.png,Goose,White,Yellow,Open,Black,Solid,No,Yes,Salmon,No,None,No
551,Robingoose #551,Honk honk,goose_0551.png,Goose,Green,Yellow,Open,White,Two Tone,Yes,Yes,Green,No,None,Yes
552,Robingoose #552,Honk honk,goose_0552.png,Goose,Turquoise,Orange,Open,Black,Solid,Yes,Yes,Turquoise,No,None,No
553,Robingoose #553,Honk honk,goose_0553.png,Goose,Black,Blue,Closed,Red,Solid,No,Yes,Purple,No,None,No
554,Robingoose #554,Honk honk,goose_0554.png,Goose,Sky Blue,Orange,Closed,Lime,Two Tone,No,No,None,No,None,Yes
555,Robingoose #555,Honk honk,goose_0555.png,Goose,Red,Orange,Closed,Sky Blue,Two Tone,No,Yes,Red,No,None,No
556,Robingoose #556,Honk honk,goose_0556.png,Goose,Blue,Salmon,Closed,Orange,Two Tone,No,Yes,Blue,No,None,No
557,Robingoose #557,Honk honk,goose_0557.png,Goose,Pink,Salmon,Closed,Yellow,Two Tone,No,Yes,Turquoise,No,None,No
558,Robingoose #558,Honk honk,goose_0558.png,Goose,Purple,Turquoise,Open,Black,Solid,Yes,No,None,No,None,No
559,Robingoose #559,Honk honk,goose_0559.png,Goose,Pink,Purple,Open,Black,Solid,No,No,None,No,None,No
560,Robingoose #560,Honk honk,goose_0560.png,Goose,Sky Blue,Purple,Open,Black,Solid,No,Yes,Sky Blue,No,None,No
561,Robingoose #561,Honk honk,goose_0561.png,Goose,Turquoise,Pink,Closed,Blue,Two Tone,No,Yes,Coral,No,None,No
562,Robingoose #562,Honk honk,goose_0562.png,Goose,Green,Orange,Open,Yellow,Two Tone,Yes,Yes,Green,No,None,No
563,Robingoose #563,Honk honk,goose_0563.png,Goose,Salmon,Yellow,Open,Black,Solid,Yes,No,None,No,None,No
564,Robingoose #564,Honk honk,goose_0564.png,Goose,Salmon,Pink,Closed,Black,Solid,No,Yes,Salmon,No,None,No
565,Robingoose #565,Honk honk,goose_0565.png,Goose,White,Salmon,Open,Black,Solid,Yes,No,None,No,None,No
566,Robingoose #566,Honk honk,goose_0566.png,Goose,Red,Orange,Open,Black,Solid,Yes,No,None,No,None,No
567,Robingoose #567,Honk honk,goose_0567.png,Goose,White,Orange,Closed,Sky Blue,Two Tone,No,No,None,No,None,No
568,Robingoose #568,Honk honk,goose_0568.png,Goose,Turquoise,Yellow,Open,White,Two Tone,No,Yes,Red,No,None,Yes
569,Robingoose #569,Honk honk,goose_0569.png,Goose,Orange,Yellow,Open,Black,Solid,No,Yes,Orange,No,None,No
570,Robingoose #570,Honk honk,goose_0570.png,Goose,Green,Orange,Open,Black,Solid,Yes,Yes,Green,No,None,No
571,Robingoose #571,Honk honk,goose_0571.png,Goose,Blue,Yellow,Closed,Black,Solid,No,No,None,No,None,No
572,Robingoose #572,Honk honk,goose_0572.png,Goose,Red,Yellow,Closed,Black,Solid,No,Yes,Red,No,None,No
573,Robingoose #573,Honk honk,goose_0573.png,Goose,Salmon,Orange,Open,Blue,Two Tone,No,No,None,Yes,Black,No
574,Robingoose #574,Honk honk,goose_0574.png,Goose,Blue,Orange,Open,Black,Solid,Yes,No,None,No,None,No
575,Robingoose #575,Honk honk,goose_0575.png,Goose,Sky Blue,Black,Closed,Purple,Solid,No,No,None,No,None,No
576,Robingoose #576,Honk honk,goose_0576.png,Goose,White,Black,Closed,Orange,Solid,No,Yes,White,No,None,No
577,Robingoose #577,Honk honk,goose_0577.png,Goose,Coral,Green,Closed,Yellow,Two Tone,No,Yes,Yellow,No,None,No
578,Robingoose #578,Honk honk,goose_0578.png,Goose,Turquoise,Orange,Open,Black,Solid,No,No,None,No,None,No
579,Robingoose #579,Honk honk,goose_0579.png,Goose,Orange,Blue,Closed,Black,Solid,No,No,None,No,None,No
580,Robingoose #580,Honk honk,goose_0580.png,Goose,Lime,Turquoise,Closed,Black,Solid,No,No,None,No,None,No
581,Robingoose #581,Honk honk,goose_0581.png,Goose,Sky Blue,Orange,Closed,Blue,Two Tone,No,Yes,Sky Blue,No,None,No
582,Robingoose #582,Honk honk,goose_0582.png,Goose,Green,Yellow,Open,Black,Solid,No,No,None,No,None,No
583,Robingoose #583,Honk honk,goose_0583.png,Goose,Green,Yellow,Open,Purple,Two Tone,Yes,Yes,Green,No,None,No
584,Robingoose #584,Honk honk,goose_0584.png,Goose,White,Orange,Open,Black,Solid,No,No,None,No,None,No
585,Robingoose #585,Honk honk,goose_0585.png,Goose,Black,Orange,Closed,White,Solid,No,Yes,Black,No,None,No
586,Robingoose #586,Honk honk,goose_0586.png,Goose,Lime,Orange,Closed,Black,Solid,No,Yes,Lime,No,None,No
587,Robingoose #587,Honk honk,goose_0587.png,Goose,Pink,Blue,Closed,Yellow,Two Tone,No,Yes,Pink,No,None,Yes
588,Robingoose #588,Honk honk,goose_0588.png,Goose,Turquoise,Yellow,Open,Blue,Two Tone,No,No,None,Yes,Yellow,No
589,Robingoose #589,Honk honk,goose_0589.png,Goose,Purple,Blue,Closed,Black,Solid,No,Yes,Purple,No,None,No
590,Robingoose #590,Honk honk,goose_0590.png,Goose,Orange,Red,Open,Black,Solid,No,No,None,No,None,No
591,Robingoose #591,Honk honk,goose_0591.png,Goose,Green,Blue,Closed,Turquoise,Two Tone,No,Yes,Salmon,No,None,Yes
592,Robingoose #592,Honk honk,goose_0592.png,Goose,White,Orange,Closed,Green,Two Tone,No,No,None,Yes,Yellow,No
593,Robingoose #593,Honk honk,goose_0593.png,Goose,White,Salmon,Closed,Red,Two Tone,No,No,None,Yes,Yellow,No
594,Robingoose #594,Honk honk,goose_0594.png,Goose,Turquoise,Sky Blue,Open,Coral,Two Tone,Yes,Yes,Turquoise,No,None,No
595,Robingoose #595,Honk honk,goose_0595.png,Goose,Purple,Orange,Open,Red,Two Tone,Yes,Yes,White,No,None,No
596,Robingoose #596,Honk honk,goose_0596.png,Goose,Orange,Coral,Open,Black,Solid,Yes,Yes,Orange,No,None,No
597,Robingoose #597,Honk honk,goose_0597.png,Goose,Green,Black,Closed,Blue,Two Tone,No,Yes,Green,No,None,Yes
598,Robingoose #598,Honk honk,goose_0598.png,Goose,White,Purple,Closed,Lime,Two Tone,No,No,None,No,None,Yes
599,Robingoose #599,Honk honk,goose_0599.png,Goose,Salmon,Orange,Closed,Black,Solid,No,No,None,No,None,No
600,Robingoose #600,Honk honk,goose_0600.png,Goose,White,Green,Open,Black,Solid,Yes,Yes,White,No,None,No
601,Robingoose #601,Honk honk,goose_0601.png,Goose,Blue,Orange,Open,Yellow,Two Tone,Yes,Yes,Blue,No,None,No
602,Robingoose #602,Honk honk,goose_0602.png,Goose,Orange,Yellow,Open,Turquoise,Two Tone,No,Yes,White,No,None,No
603,Robingoose #603,Honk honk,goose_0603.png,Goose,Coral,Yellow,Open,Black,Solid,Yes,Yes,Coral,No,None,No
604,Robingoose #604,Honk honk,goose_0604.png,Goose,Pink,Orange,Open,Black,Solid,Yes,No,None,No,None,No
605,Robingoose #605,Honk honk,goose_0605.png,Goose,Salmon,Black,Open,White,Solid,No,No,None,No,None,No
606,Robingoose #606,Honk honk,goose_0606.png,Goose,Salmon,Orange,Closed,Blue,Two Tone,No,No,None,Yes,Yellow,No
607,Robingoose #607,Honk honk,goose_0607.png,Goose,Turquoise,Coral,Open,Pink,Two Tone,No,No,None,No,None,No
608,Robingoose #608,Honk honk,goose_0608.png,Goose,Blue,Orange,Open,Black,Solid,No,No,None,No,None,No
609,Robingoose #609,Honk honk,goose_0609.png,Goose,Black,Green,Open,Coral,Two Tone,No,No,None,No,None,Yes
610,Robingoose #610,Honk honk,goose_0610.png,Goose,Orange,Yellow,Closed,Blue,Two Tone,No,No,None,No,None,Yes
611,Robingoose #611,Honk honk,goose_0611.png,Goose,Sky Blue,Turquoise,Open,Black,Solid,No,No,None,No,None,No
612,Robingoose #612,Honk honk,goose_0612.png,Goose,White,Yellow,Open,Black,Solid,Yes,No,None,No,None,No
613,Robingoose #613,Honk honk,goose_0613.png,Goose,Blue,Yellow,Closed,Pink,Two Tone,No,No,None,No,None,Yes
614,Robingoose #614,Honk honk,goose_0614.png,Goose,Salmon,Turquoise,Closed,Black,Solid,No,No,None,No,None,No
615,Robingoose #615,Honk honk,goose_0615.png,Goose,Sky Blue,Yellow,Closed,Salmon,Two Tone,No,No,None,No,None,No
616,Robingoose #616,Honk honk,goose_0616.png,Goose,White,Yellow,Closed,Salmon,Two Tone,No,No,None,No,None,No
617,Robingoose #617,Honk honk,goose_0617.png,Goose,Red,Orange,Open,Black,Solid,Yes,Yes,Blue,No,None,No
618,Robingoose #618,Honk honk,goose_0618.png,Goose,White,Yellow,Closed,Salmon,Two Tone,No,Yes,Black,No,None,No
619,Robingoose #619,Honk honk,goose_0619.png,Goose,Blue,Red,Closed,Black,Solid,No,No,None,No,None,No
620,Robingoose #620,Honk honk,goose_0620.png,Goose,Yellow,Coral,Open,Green,Two Tone,No,Yes,Yellow,No,None,No
621,Robingoose #621,Honk honk,goose_0621.png,Goose,Pink,Orange,Closed,White,Two Tone,No,No,None,No,None,Yes
622,Robingoose #622,Honk honk,goose_0622.png,Goose,Black,Orange,Open,White,Solid,No,Yes,Black,No,None,No
623,Robingoose #623,Honk honk,goose_0623.png,Goose,Sky Blue,Purple,Open,Blue,Two Tone,No,No,None,No,None,No
624,Robingoose #624,Honk honk,goose_0624.png,Goose,White,Yellow,Open,Black,Solid,Yes,Yes,Coral,No,None,No
625,Robingoose #625,Honk honk,goose_0625.png,Goose,White,Yellow,Open,Black,Solid,No,Yes,Black,No,None,No
626,Robingoose #626,Honk honk,goose_0626.png,Goose,Salmon,Yellow,Open,Black,Solid,No,Yes,Orange,No,None,No
627,Robingoose #627,Honk honk,goose_0627.png,Goose,Salmon,Red,Open,Black,Solid,Yes,Yes,Salmon,No,None,No
628,Robingoose #628,Honk honk,goose_0628.png,Goose,Green,Red,Closed,Black,Solid,No,No,None,No,None,No
629,Robingoose #629,Honk honk,goose_0629.png,Goose,Lime,Orange,Closed,Purple,Two Tone,No,Yes,Lime,No,None,Yes
630,Robingoose #630,Honk honk,goose_0630.png,Goose,Salmon,Red,Open,Black,Solid,Yes,No,None,No,None,No
631,Robingoose #631,Honk honk,goose_0631.png,Goose,Coral,Orange,Open,Black,Solid,No,Yes,Coral,No,None,No
632,Robingoose #632,Honk honk,goose_0632.png,Goose,Lime,Orange,Closed,Pink,Two Tone,No,No,None,No,None,No
633,Robingoose #633,Honk honk,goose_0633.png,Goose,Blue,Coral,Open,Orange,Two Tone,Yes,No,None,No,None,No
634,Robingoose #634,Honk honk,goose_0634.png,Goose,Turquoise,Yellow,Closed,Green,Two Tone,No,No,None,No,None,Yes
635,Robingoose #635,Honk honk,goose_0635.png,Goose,Orange,Salmon,Closed,Black,Solid,No,No,None,No,None,No
636,Robingoose #636,Honk honk,goose_0636.png,Goose,Sky Blue,Orange,Open,Black,Solid,Yes,No,None,No,None,No
637,Robingoose #637,Honk honk,goose_0637.png,Goose,Salmon,Yellow,Open,Green,Two Tone,No,Yes,Yellow,No,None,Yes
638,Robingoose #638,Honk honk,goose_0638.png,Goose,Green,Lime,Open,Black,Solid,Yes,No,None,No,None,No
639,Robingoose #639,Honk honk,goose_0639.png,Goose,Salmon,Purple,Open,Red,Two Tone,Yes,No,None,Yes,Black,No
640,Robingoose #640,Honk honk,goose_0640.png,Goose,Sky Blue,Blue,Open,Black,Solid,No,Yes,Sky Blue,No,None,No
641,Robingoose #641,Honk honk,goose_0641.png,Goose,Black,Purple,Open,Red,Solid,Yes,No,None,No,None,No
642,Robingoose #642,Honk honk,goose_0642.png,Goose,Yellow,Orange,Closed,Turquoise,Two Tone,No,Yes,Yellow,No,None,No
643,Robingoose #643,Honk honk,goose_0643.png,Goose,Red,Yellow,Open,Black,Solid,No,No,None,No,None,No
644,Robingoose #644,Honk honk,goose_0644.png,Goose,Salmon,Yellow,Open,Black,Solid,No,Yes,Salmon,No,None,No
645,Robingoose #645,Honk honk,goose_0645.png,Goose,White,Orange,Closed,Lime,Two Tone,No,No,None,No,None,No
646,Robingoose #646,Honk honk,goose_0646.png,Goose,White,Blue,Open,Black,Solid,No,Yes,Salmon,No,None,No
647,Robingoose #647,Honk honk,goose_0647.png,Goose,Sky Blue,Yellow,Open,Black,Solid,Yes,Yes,Lime,No,None,No
648,Robingoose #648,Honk honk,goose_0648.png,Goose,Pink,White,Open,Purple,Two Tone,No,Yes,Pink,No,None,Yes
649,Robingoose #649,Honk honk,goose_0649.png,Goose,Yellow,Salmon,Closed,Orange,Two Tone,No,No,None,No,None,No
650,Robingoose #650,Honk honk,goose_0650.png,Goose,Black,Yellow,Open,Red,Solid,No,No,None,No,None,No
651,Robingoose #651,Honk honk,goose_0651.png,Goose,Red,Orange,Open,Purple,Two Tone,No,No,None,No,None,No
652,Robingoose #652,Honk honk,goose_0652.png,Goose,Yellow,Sky Blue,Open,Black,Solid,No,Yes,White,No,None,No
653,Robingoose #653,Honk honk,goose_0653.png,Goose,Yellow,Black,Open,Coral,Solid,Yes,No,None,No,None,No
654,Robingoose #654,Honk honk,goose_0654.png,Goose,Turquoise,White,Closed,Black,Solid,No,Yes,Turquoise,No,None,No
655,Robingoose #655,Honk honk,goose_0655.png,Goose,Coral,White,Open,Black,Solid,Yes,No,None,No,None,No
656,Robingoose #656,Honk honk,goose_0656.png,Goose,White,Salmon,Closed,Yellow,Two Tone,No,No,None,Yes,Black,No
657,Robingoose #657,Honk honk,goose_0657.png,Goose,Orange,Red,Closed,Turquoise,Two Tone,No,Yes,Orange,No,None,Yes
658,Robingoose #658,Honk honk,goose_0658.png,Goose,White,Orange,Closed,Purple,Two Tone,No,No,None,Yes,Black,No
659,Robingoose #659,Honk honk,goose_0659.png,Goose,Coral,White,Closed,Turquoise,Two Tone,No,No,None,No,None,No
660,Robingoose #660,Honk honk,goose_0660.png,Goose,Black,Blue,Open,White,Solid,No,No,None,No,None,No
661,Robingoose #661,Honk honk,goose_0661.png,Goose,Lime,Salmon,Open,Black,Solid,No,Yes,Lime,No,None,No
662,Robingoose #662,Honk honk,goose_0662.png,Goose,Salmon,Purple,Open,Black,Solid,Yes,Yes,Salmon,No,None,No
663,Robingoose #663,Honk honk,goose_0663.png,Goose,White,Yellow,Open,Sky Blue,Two Tone,No,Yes,White,No,None,Yes
664,Robingoose #664,Honk honk,goose_0664.png,Goose,Purple,Red,Open,Lime,Two Tone,No,Yes,Purple,No,None,No
665,Robingoose #665,Honk honk,goose_0665.png,Goose,Lime,Coral,Closed,Black,Solid,No,No,None,No,None,No
666,Robingoose #666,Honk honk,goose_0666.png,Goose,Yellow,Orange,Open,Blue,Two Tone,Yes,Yes,Yellow,No,None,No
667,Robingoose #667,Honk honk,goose_0667.png,Goose,Coral,White,Closed,Black,Solid,No,No,None,No,None,No
668,Robingoose #668,Honk honk,goose_0668.png,Goose,Blue,Orange,Open,Lime,Two Tone,Yes,No,None,Yes,Yellow,No
669,Robingoose #669,Honk honk,goose_0669.png,Goose,Black,Yellow,Open,White,Solid,No,No,None,No,None,No
670,Robingoose #670,Honk honk,goose_0670.png,Goose,Green,Yellow,Open,Turquoise,Two Tone,No,Yes,Green,No,None,No
671,Robingoose #671,Honk honk,goose_0671.png,Goose,Black,Coral,Open,Orange,Two Tone,No,No,None,No,None,Yes
672,Robingoose #672,Honk honk,goose_0672.png,Goose,Yellow,Red,Closed,Purple,Two Tone,No,No,None,No,None,Yes
673,Robingoose #673,Honk honk,goose_0673.png,Goose,White,Orange,Open,Turquoise,Two Tone,Yes,Yes,White,No,None,No
674,Robingoose #674,Honk honk,goose_0674.png,Goose,Coral,Yellow,Closed,Black,Solid,No,Yes,Lime,No,None,No
675,Robingoose #675,Honk honk,goose_0675.png,Goose,Salmon,Green,Closed,Purple,Two Tone,No,Yes,Salmon,No,None,No
676,Robingoose #676,Honk honk,goose_0676.png,Goose,White,Yellow,Open,Black,Solid,No,Yes,White,No,None,No
677,Robingoose #677,Honk honk,goose_0677.png,Goose,White,Yellow,Open,Salmon,Two Tone,No,No,None,No,None,No
678,Robingoose #678,Honk honk,goose_0678.png,Goose,White,Red,Open,Black,Solid,Yes,Yes,White,No,None,No
679,Robingoose #679,Honk honk,goose_0679.png,Goose,White,Yellow,Open,Red,Two Tone,No,No,None,No,None,No
680,Robingoose #680,Honk honk,goose_0680.png,Goose,Salmon,Yellow,Open,Black,Solid,No,No,None,No,None,No
681,Robingoose #681,Honk honk,goose_0681.png,Goose,Turquoise,Orange,Open,Lime,Two Tone,Yes,No,None,No,None,Yes
682,Robingoose #682,Honk honk,goose_0682.png,Goose,Salmon,Yellow,Open,Black,Solid,No,No,None,No,None,No
683,Robingoose #683,Honk honk,goose_0683.png,Goose,Black,Yellow,Closed,White,Solid,No,No,None,No,None,No
684,Robingoose #684,Honk honk,goose_0684.png,Goose,Yellow,White,Closed,Black,Solid,No,No,None,No,None,No
685,Robingoose #685,Honk honk,goose_0685.png,Goose,Orange,Green,Closed,Black,Solid,No,No,None,No,None,No
686,Robingoose #686,Honk honk,goose_0686.png,Goose,White,Lime,Open,Turquoise,Two Tone,No,Yes,White,No,None,No
687,Robingoose #687,Honk honk,goose_0687.png,Goose,Red,Yellow,Open,Black,Solid,No,No,None,No,None,No
688,Robingoose #688,Honk honk,goose_0688.png,Goose,Salmon,Yellow,Closed,Purple,Two Tone,No,Yes,Salmon,No,None,Yes
689,Robingoose #689,Honk honk,goose_0689.png,Goose,Salmon,Coral,Closed,Black,Solid,No,No,None,No,None,No
690,Robingoose #690,Honk honk,goose_0690.png,Goose,Sky Blue,Purple,Closed,Blue,Two Tone,No,No,None,Yes,Yellow,No
691,Robingoose #691,Honk honk,goose_0691.png,Goose,White,Yellow,Closed,Sky Blue,Two Tone,No,No,None,No,None,Yes
692,Robingoose #692,Honk honk,goose_0692.png,Goose,White,Pink,Open,Blue,Two Tone,Yes,No,None,Yes,Yellow,No
693,Robingoose #693,Honk honk,goose_0693.png,Goose,Yellow,Orange,Closed,White,Two Tone,No,No,None,No,None,No
694,Robingoose #694,Honk honk,goose_0694.png,Goose,Salmon,Sky Blue,Closed,Lime,Two Tone,No,No,None,Yes,Yellow,No
695,Robingoose #695,Honk honk,goose_0695.png,Goose,Yellow,Orange,Closed,Black,Solid,No,Yes,White,No,None,No
696,Robingoose #696,Honk honk,goose_0696.png,Goose,Purple,Green,Open,Black,Solid,No,Yes,Purple,No,None,No
697,Robingoose #697,Honk honk,goose_0697.png,Goose,Purple,Black,Open,Turquoise,Two Tone,No,No,None,Yes,Black,No
698,Robingoose #698,Honk honk,goose_0698.png,Goose,Pink,Yellow,Open,Coral,Two Tone,No,No,None,No,None,No
699,Robingoose #699,Honk honk,goose_0699.png,Goose,Sky Blue,Orange,Closed,Black,Solid,No,Yes,Turquoise,No,None,No
700,Robingoose #700,Honk honk,goose_0700.png,Goose,Purple,Yellow,Open,Red,Two Tone,Yes,Yes,Turquoise,No,None,Yes
701,Robingoose #701,Honk honk,goose_0701.png,Goose,Yellow,Orange,Closed,Sky Blue,Two Tone,No,No,None,No,None,No
702,Robingoose #702,Honk honk,goose_0702.png,Goose,White,Black,Closed,Red,Solid,No,No,None,No,None,No
703,Robingoose #703,Honk honk,goose_0703.png,Goose,White,Salmon,Open,Black,Solid,Yes,Yes,Black,No,None,No
704,Robingoose #704,Honk honk,goose_0704.png,Goose,Yellow,Coral,Closed,Blue,Two Tone,No,No,None,No,None,No
705,Robingoose #705,Honk honk,goose_0705.png,Goose,Salmon,Orange,Closed,Lime,Two Tone,No,No,None,No,None,No
706,Robingoose #706,Honk honk,goose_0706.png,Goose,Orange,White,Closed,Lime,Two Tone,No,Yes,Orange,No,None,Yes
707,Robingoose #707,Honk honk,goose_0707.png,Goose,Purple,Lime,Closed,Black,Solid,No,Yes,Purple,No,None,No
708,Robingoose #708,Honk honk,goose_0708.png,Goose,White,Blue,Closed,Coral,Two Tone,No,No,None,Yes,Black,No
709,Robingoose #709,Honk honk,goose_0709.png,Goose,Turquoise,Blue,Closed,Black,Solid,No,No,None,No,None,No
710,Robingoose #710,Honk honk,goose_0710.png,Goose,Turquoise,Pink,Closed,Black,Solid,No,Yes,Turquoise,No,None,No
711,Robingoose #711,Honk honk,goose_0711.png,Goose,Pink,Yellow,Open,Black,Solid,No,No,None,No,None,No
712,Robingoose #712,Honk honk,goose_0712.png,Goose,White,Blue,Open,Black,Solid,No,No,None,No,None,No
713,Robingoose #713,Honk honk,goose_0713.png,Goose,Sky Blue,Orange,Open,Black,Solid,Yes,Yes,Sky Blue,No,None,No
714,Robingoose #714,Honk honk,goose_0714.png,Goose,White,Yellow,Open,Black,Solid,Yes,No,None,No,None,No
715,Robingoose #715,Honk honk,goose_0715.png,Goose,Purple,Coral,Open,Red,Two Tone,No,No,None,No,None,No
716,Robingoose #716,Honk honk,goose_0716.png,Goose,White,Coral,Open,Pink,Two Tone,Yes,Yes,White,No,None,No
717,Robingoose #717,Honk honk,goose_0717.png,Goose,Green,Yellow,Closed,Pink,Two Tone,No,No,None,No,None,No
718,Robingoose #718,Honk honk,goose_0718.png,Goose,Salmon,Orange,Open,Black,Solid,Yes,No,None,No,None,No
719,Robingoose #719,Honk honk,goose_0719.png,Goose,Green,Coral,Closed,Black,Solid,No,No,None,No,None,No
720,Robingoose #720,Honk honk,goose_0720.png,Goose,Blue,Purple,Closed,Coral,Two Tone,No,No,None,No,None,Yes
721,Robingoose #721,Honk honk,goose_0721.png,Goose,Yellow,Orange,Open,Purple,Two Tone,Yes,Yes,Orange,No,None,No
722,Robingoose #722,Honk honk,goose_0722.png,Goose,White,Orange,Open,Coral,Two Tone,No,No,None,No,None,Yes
723,Robingoose #723,Honk honk,goose_0723.png,Goose,Black,Sky Blue,Closed,Red,Solid,No,Yes,Black,No,None,No
724,Robingoose #724,Honk honk,goose_0724.png,Goose,Black,Yellow,Open,White,Solid,No,Yes,Black,No,None,No
725,Robingoose #725,Honk honk,goose_0725.png,Goose,White,Yellow,Closed,Green,Two Tone,No,No,None,No,None,No
726,Robingoose #726,Honk honk,goose_0726.png,Goose,Red,Sky Blue,Closed,Black,Solid,No,Yes,Red,No,None,No
727,Robingoose #727,Honk honk,goose_0727.png,Goose,Salmon,Orange,Closed,Turquoise,Two Tone,No,No,None,No,None,Yes
728,Robingoose #728,Honk honk,goose_0728.png,Goose,Sky Blue,Black,Open,Turquoise,Two Tone,No,No,None,Yes,Yellow,No
729,Robingoose #729,Honk honk,goose_0729.png,Goose,Turquoise,Yellow,Open,Orange,Two Tone,Yes,No,None,Yes,Black,No
730,Robingoose #730,Honk honk,goose_0730.png,Goose,Turquoise,Purple,Open,Red,Two Tone,Yes,No,None,No,None,Yes
731,Robingoose #731,Honk honk,goose_0731.png,Goose,White,Coral,Open,Black,Solid,Yes,Yes,Black,No,None,No
732,Robingoose #732,Honk honk,goose_0732.png,Goose,Green,Lime,Closed,Black,Solid,No,No,None,No,None,No
733,Robingoose #733,Honk honk,goose_0733.png,Goose,Coral,Sky Blue,Closed,Black,Solid,No,No,None,No,None,No
734,Robingoose #734,Honk honk,goose_0734.png,Goose,White,Turquoise,Open,Black,Solid,Yes,Yes,White,No,None,No
735,Robingoose #735,Honk honk,goose_0735.png,Goose,Sky Blue,Yellow,Closed,Red,Two Tone,No,Yes,Sky Blue,No,None,No
736,Robingoose #736,Honk honk,goose_0736.png,Goose,White,Purple,Open,Pink,Two Tone,No,Yes,White,No,None,Yes
737,Robingoose #737,Honk honk,goose_0737.png,Goose,Black,Orange,Open,Sky Blue,Two Tone,Yes,Yes,Black,No,None,No
738,Robingoose #738,Honk honk,goose_0738.png,Goose,Turquoise,Orange,Closed,Blue,Two Tone,No,Yes,Turquoise,No,None,Yes
739,Robingoose #739,Honk honk,goose_0739.png,Goose,Green,Orange,Open,Black,Solid,No,Yes,Green,No,None,No
740,Robingoose #740,Honk honk,goose_0740.png,Goose,Salmon,White,Closed,Black,Solid,No,Yes,Sky Blue,No,None,No
741,Robingoose #741,Honk honk,goose_0741.png,Goose,Yellow,Blue,Closed,White,Two Tone,No,Yes,Yellow,No,None,No
742,Robingoose #742,Honk honk,goose_0742.png,Goose,Red,Orange,Open,Black,Solid,Yes,No,None,No,None,No
743,Robingoose #743,Honk honk,goose_0743.png,Goose,Lime,Purple,Closed,Blue,Two Tone,No,Yes,Pink,No,None,Yes
744,Robingoose #744,Honk honk,goose_0744.png,Goose,White,Coral,Open,Purple,Two Tone,No,No,None,Yes,Black,No
745,Robingoose #745,Honk honk,goose_0745.png,Goose,White,Orange,Closed,Yellow,Two Tone,No,Yes,White,No,None,No
746,Robingoose #746,Honk honk,goose_0746.png,Goose,Salmon,Blue,Open,Black,Solid,No,Yes,Salmon,No,None,No
747,Robingoose #747,Honk honk,goose_0747.png,Goose,White,Pink,Open,Black,Solid,Yes,Yes,White,No,None,No
748,Robingoose #748,Honk honk,goose_0748.png,Goose,Purple,Yellow,Open,Pink,Two Tone,Yes,Yes,Purple,No,None,No
749,Robingoose #749,Honk honk,goose_0749.png,Goose,Pink,Sky Blue,Open,Purple,Two Tone,No,No,None,No,None,No
750,Robingoose #750,Honk honk,goose_0750.png,Goose,White,Orange,Closed,Green,Two Tone,No,No,None,Yes,Black,No
751,Robingoose #751,Honk honk,goose_0751.png,Goose,White,Blue,Closed,Green,Two Tone,No,Yes,White,No,None,Yes
752,Robingoose #752,Honk honk,goose_0752.png,Goose,Black,Orange,Open,Red,Solid,No,Yes,Black,No,None,No
753,Robingoose #753,Honk honk,goose_0753.png,Goose,Lime,Coral,Open,Turquoise,Two Tone,Yes,Yes,Lime,No,None,No
754,Robingoose #754,Honk honk,goose_0754.png,Goose,White,Orange,Closed,Purple,Two Tone,No,Yes,White,No,None,No
755,Robingoose #755,Honk honk,goose_0755.png,Goose,Coral,Pink,Open,Black,Solid,Yes,Yes,Coral,No,None,No
756,Robingoose #756,Honk honk,goose_0756.png,Goose,Sky Blue,White,Closed,Black,Solid,No,Yes,Sky Blue,No,None,No
757,Robingoose #757,Honk honk,goose_0757.png,Goose,Blue,Red,Open,Black,Solid,No,Yes,Blue,No,None,No
758,Robingoose #758,Honk honk,goose_0758.png,Goose,Salmon,Orange,Closed,Blue,Two Tone,No,No,None,No,None,Yes
759,Robingoose #759,Honk honk,goose_0759.png,Goose,White,Sky Blue,Closed,Purple,Two Tone,No,Yes,White,No,None,Yes
760,Robingoose #760,Honk honk,goose_0760.png,Goose,Green,Lime,Open,Black,Solid,No,No,None,No,None,No
761,Robingoose #761,Honk honk,goose_0761.png,Goose,White,Yellow,Open,Coral,Two Tone,No,No,None,No,None,No
762,Robingoose #762,Honk honk,goose_0762.png,Goose,White,Orange,Closed,Purple,Two Tone,No,No,None,No,None,Yes
763,Robingoose #763,Honk honk,goose_0763.png,Goose,Purple,White,Closed,Blue,Two Tone,No,No,None,No,None,No
764,Robingoose #764,Honk honk,goose_0764.png,Goose,Blue,Yellow,Open,Black,Solid,Yes,No,None,No,None,No
765,Robingoose #765,Honk honk,goose_0765.png,Goose,Orange,Sky Blue,Open,Purple,Two Tone,Yes,Yes,Orange,No,None,No
766,Robingoose #766,Honk honk,goose_0766.png,Goose,White,Black,Open,Yellow,Solid,Yes,No,None,No,None,No
767,Robingoose #767,Honk honk,goose_0767.png,Goose,White,Orange,Open,Lime,Two Tone,Yes,No,None,No,None,No
768,Robingoose #768,Honk honk,goose_0768.png,Goose,Black,Red,Open,White,Solid,Yes,Yes,Black,No,None,No
769,Robingoose #769,Honk honk,goose_0769.png,Goose,White,Black,Open,Salmon,Two Tone,No,Yes,White,No,None,No
770,Robingoose #770,Honk honk,goose_0770.png,Goose,Yellow,Orange,Open,Black,Solid,Yes,Yes,Yellow,No,None,No
771,Robingoose #771,Honk honk,goose_0771.png,Goose,Coral,Yellow,Open,Black,Solid,No,No,None,No,None,No
772,Robingoose #772,Honk honk,goose_0772.png,Goose,White,Purple,Open,Black,Solid,Yes,No,None,No,None,No
773,Robingoose #773,Honk honk,goose_0773.png,Goose,Lime,Black,Open,Salmon,Solid,No,Yes,Lime,No,None,No
774,Robingoose #774,Honk honk,goose_0774.png,Goose,Black,Orange,Open,Purple,Two Tone,Yes,No,None,Yes,Yellow,No
775,Robingoose #775,Honk honk,goose_0775.png,Goose,Salmon,Yellow,Open,Black,Solid,Yes,Yes,Salmon,No,None,No
776,Robingoose #776,Honk honk,goose_0776.png,Goose,Red,Orange,Open,Black,Solid,No,No,None,No,None,No
777,Robingoose #777,Honk honk,goose_0777.png,Goose,Orange,Yellow,Open,Pink,Two Tone,No,No,None,No,None,Yes
778,Robingoose #778,Honk honk,goose_0778.png,Goose,White,Blue,Closed,Yellow,Two Tone,No,No,None,Yes,Yellow,No
779,Robingoose #779,Honk honk,goose_0779.png,Goose,Purple,Yellow,Open,Blue,Two Tone,Yes,Yes,Purple,No,None,Yes
780,Robingoose #780,Honk honk,goose_0780.png,Goose,Red,Orange,Closed,Lime,Two Tone,No,Yes,Red,No,None,No
781,Robingoose #781,Honk honk,goose_0781.png,Goose,Turquoise,Yellow,Closed,Black,Solid,No,Yes,Sky Blue,No,None,No
782,Robingoose #782,Honk honk,goose_0782.png,Goose,White,Sky Blue,Closed,Purple,Two Tone,No,No,None,No,None,Yes
783,Robingoose #783,Honk honk,goose_0783.png,Goose,White,Sky Blue,Closed,Red,Two Tone,No,Yes,White,No,None,No
784,Robingoose #784,Honk honk,goose_0784.png,Goose,White,Blue,Open,Black,Solid,Yes,No,None,No,None,No
785,Robingoose #785,Honk honk,goose_0785.png,Goose,Green,Orange,Open,Sky Blue,Two Tone,Yes,Yes,Green,No,None,No
786,Robingoose #786,Honk honk,goose_0786.png,Goose,Sky Blue,Yellow,Open,Red,Two Tone,Yes,No,None,No,None,No
787,Robingoose #787,Honk honk,goose_0787.png,Goose,White,Salmon,Closed,Black,Solid,No,No,None,No,None,No
788,Robingoose #788,Honk honk,goose_0788.png,Goose,Turquoise,Yellow,Open,Black,Solid,Yes,Yes,Turquoise,No,None,No
789,Robingoose #789,Honk honk,goose_0789.png,Goose,White,Orange,Closed,Coral,Two Tone,No,No,None,Yes,Yellow,No
790,Robingoose #790,Honk honk,goose_0790.png,Goose,Orange,Green,Open,Black,Solid,No,No,None,No,None,No
791,Robingoose #791,Honk honk,goose_0791.png,Goose,Purple,Orange,Closed,Black,Solid,No,Yes,Turquoise,No,None,No
792,Robingoose #792,Honk honk,goose_0792.png,Goose,Yellow,Red,Open,Coral,Two Tone,Yes,No,None,No,None,Yes
793,Robingoose #793,Honk honk,goose_0793.png,Goose,Orange,Yellow,Open,Red,Two Tone,Yes,No,None,Yes,Black,No
794,Robingoose #794,Honk honk,goose_0794.png,Goose,Pink,Yellow,Closed,Green,Two Tone,No,No,None,No,None,No
795,Robingoose #795,Honk honk,goose_0795.png,Goose,Coral,Yellow,Closed,Blue,Two Tone,No,No,None,No,None,No
796,Robingoose #796,Honk honk,goose_0796.png,Goose,Blue,Red,Closed,Black,Solid,No,Yes,Blue,No,None,No
797,Robingoose #797,Honk honk,goose_0797.png,Goose,Red,Purple,Open,Black,Solid,Yes,No,None,No,None,No
798,Robingoose #798,Honk honk,goose_0798.png,Goose,Purple,Yellow,Open,Black,Solid,No,No,None,No,None,No
799,Robingoose #799,Honk honk,goose_0799.png,Goose,Sky Blue,Yellow,Closed,Coral,Two Tone,No,No,None,No,None,No
800,Robingoose #800,Honk honk,goose_0800.png,Goose,Pink,Coral,Open,Black,Solid,Yes,Yes,Yellow,No,None,No
801,Robingoose #801,Honk honk,goose_0801.png,Goose,Yellow,Pink,Closed,Black,Solid,No,Yes,Yellow,No,None,No
802,Robingoose #802,Honk honk,goose_0802.png,Goose,Lime,Orange,Closed,Red,Two Tone,No,No,None,No,None,No
803,Robingoose #803,Honk honk,goose_0803.png,Goose,White,Pink,Open,Black,Solid,No,Yes,Purple,No,None,No
804,Robingoose #804,Honk honk,goose_0804.png,Goose,Blue,Sky Blue,Open,Black,Solid,No,Yes,Blue,No,None,No
805,Robingoose #805,Honk honk,goose_0805.png,Goose,Coral,Purple,Closed,Black,Solid,No,No,None,No,None,No
806,Robingoose #806,Honk honk,goose_0806.png,Goose,White,Yellow,Open,Red,Two Tone,Yes,No,None,No,None,No
807,Robingoose #807,Honk honk,goose_0807.png,Goose,Coral,Yellow,Open,Black,Solid,Yes,No,None,No,None,No
808,Robingoose #808,Honk honk,goose_0808.png,Goose,Green,Yellow,Closed,Turquoise,Two Tone,No,Yes,Yellow,No,None,No
809,Robingoose #809,Honk honk,goose_0809.png,Goose,Turquoise,Black,Closed,Black,Solid,No,No,None,No,None,No
810,Robingoose #810,Honk honk,goose_0810.png,Goose,Turquoise,Yellow,Open,Black,Solid,Yes,Yes,Turquoise,No,None,No
811,Robingoose #811,Honk honk,goose_0811.png,Goose,Yellow,Purple,Closed,Black,Solid,No,No,None,No,None,No
812,Robingoose #812,Honk honk,goose_0812.png,Goose,Orange,White,Closed,Purple,Two Tone,No,No,None,Yes,Black,No
813,Robingoose #813,Honk honk,goose_0813.png,Goose,White,Blue,Closed,Black,Solid,No,Yes,Green,No,None,No
814,Robingoose #814,Honk honk,goose_0814.png,Goose,White,Sky Blue,Open,Black,Solid,No,Yes,White,No,None,No
815,Robingoose #815,Honk honk,goose_0815.png,Goose,White,Turquoise,Open,Orange,Two Tone,No,Yes,Turquoise,No,None,No
816,Robingoose #816,Honk honk,goose_0816.png,Goose,Sky Blue,Lime,Closed,Black,Solid,No,Yes,Sky Blue,No,None,No
817,Robingoose #817,Honk honk,goose_0817.png,Goose,White,Coral,Closed,Pink,Two Tone,No,No,None,No,None,No
818,Robingoose #818,Honk honk,goose_0818.png,Goose,Pink,Orange,Open,Black,Solid,Yes,No,None,No,None,No
819,Robingoose #819,Honk honk,goose_0819.png,Goose,Turquoise,Green,Closed,Black,Solid,No,No,None,No,None,No
820,Robingoose #820,Honk honk,goose_0820.png,Goose,White,Blue,Open,Yellow,Two Tone,No,No,None,Yes,Black,No
821,Robingoose #821,Honk honk,goose_0821.png,Goose,White,Yellow,Open,Black,Solid,No,Yes,Salmon,No,None,No
822,Robingoose #822,Honk honk,goose_0822.png,Goose,Lime,Coral,Open,Black,Solid,No,Yes,Turquoise,No,None,No
823,Robingoose #823,Honk honk,goose_0823.png,Goose,Purple,Orange,Open,Black,Solid,No,No,None,No,None,No
824,Robingoose #824,Honk honk,goose_0824.png,Goose,Red,Turquoise,Open,Salmon,Two Tone,Yes,No,None,No,None,No
825,Robingoose #825,Honk honk,goose_0825.png,Goose,Green,Orange,Closed,Sky Blue,Two Tone,No,Yes,Green,No,None,No
826,Robingoose #826,Honk honk,goose_0826.png,Goose,Blue,Salmon,Closed,Sky Blue,Two Tone,No,No,None,No,None,Yes
827,Robingoose #827,Honk honk,goose_0827.png,Goose,White,Yellow,Closed,Blue,Two Tone,No,Yes,White,No,None,Yes
828,Robingoose #828,Honk honk,goose_0828.png,Goose,White,Orange,Closed,Green,Two Tone,No,No,None,Yes,Black,No
829,Robingoose #829,Honk honk,goose_0829.png,Goose,Yellow,Orange,Open,Black,Solid,No,Yes,Coral,No,None,No
830,Robingoose #830,Honk honk,goose_0830.png,Goose,Orange,Black,Closed,Salmon,Solid,No,No,None,No,None,No
831,Robingoose #831,Honk honk,goose_0831.png,Goose,Yellow,Orange,Closed,Black,Solid,No,Yes,Purple,No,None,No
832,Robingoose #832,Honk honk,goose_0832.png,Goose,White,Orange,Open,Black,Solid,Yes,Yes,Pink,No,None,No
833,Robingoose #833,Honk honk,goose_0833.png,Goose,Pink,Yellow,Open,Green,Two Tone,No,Yes,Pink,No,None,Yes
834,Robingoose #834,Honk honk,goose_0834.png,Goose,Green,Yellow,Closed,Turquoise,Two Tone,No,No,None,No,None,Yes
835,Robingoose #835,Honk honk,goose_0835.png,Goose,Red,Orange,Open,Blue,Two Tone,No,No,None,No,None,No
836,Robingoose #836,Honk honk,goose_0836.png,Goose,White,Orange,Open,Black,Solid,Yes,Yes,Blue,No,None,No
837,Robingoose #837,Honk honk,goose_0837.png,Goose,Orange,Yellow,Closed,Turquoise,Two Tone,No,Yes,Orange,No,None,No
838,Robingoose #838,Honk honk,goose_0838.png,Goose,Red,Turquoise,Open,Black,Solid,Yes,Yes,Red,No,None,No
839,Robingoose #839,Honk honk,goose_0839.png,Goose,Sky Blue,Pink,Closed,Black,Solid,No,Yes,Sky Blue,No,None,No
840,Robingoose #840,Honk honk,goose_0840.png,Goose,Sky Blue,Yellow,Open,Black,Solid,No,Yes,Sky Blue,No,None,No
841,Robingoose #841,Honk honk,goose_0841.png,Goose,Purple,Orange,Closed,Lime,Two Tone,No,No,None,Yes,Yellow,No
842,Robingoose #842,Honk honk,goose_0842.png,Goose,White,Salmon,Open,Red,Two Tone,Yes,No,None,Yes,Black,No
843,Robingoose #843,Honk honk,goose_0843.png,Goose,Lime,Orange,Open,Black,Solid,Yes,Yes,Lime,No,None,No
844,Robingoose #844,Honk honk,goose_0844.png,Goose,Lime,Orange,Closed,Blue,Two Tone,No,No,None,No,None,No
845,Robingoose #845,Honk honk,goose_0845.png,Cow,,,,,,,,,,,
846,Robingoose #846,Honk honk,goose_0846.png,Goose,Coral,Orange,Closed,Turquoise,Two Tone,No,No,None,Yes,Black,No
847,Robingoose #847,Honk honk,goose_0847.png,Goose,Coral,Pink,Closed,Salmon,Two Tone,No,No,None,No,None,No
848,Robingoose #848,Honk honk,goose_0848.png,Goose,Black,Yellow,Closed,Blue,Two Tone,No,No,None,Yes,Yellow,No
849,Robingoose #849,Honk honk,goose_0849.png,Goose,Red,Blue,Open,Sky Blue,Two Tone,No,No,None,Yes,Yellow,No
850,Robingoose #850,Honk honk,goose_0850.png,Goose,Blue,Lime,Closed,Pink,Two Tone,No,No,None,Yes,Black,No
851,Robingoose #851,Honk honk,goose_0851.png,Goose,Black,Turquoise,Closed,Red,Solid,No,Yes,Black,No,None,No
852,Robingoose #852,Honk honk,goose_0852.png,Goose,Coral,Purple,Closed,Black,Solid,No,Yes,Coral,No,None,No
853,Robingoose #853,Honk honk,goose_0853.png,Goose,Black,Yellow,Open,White,Solid,No,No,None,No,None,No
854,Robingoose #854,Honk honk,goose_0854.png,Goose,Blue,Orange,Closed,Sky Blue,Two Tone,No,Yes,Blue,No,None,Yes
855,Robingoose #855,Honk honk,goose_0855.png,Goose,White,Black,Closed,Yellow,Solid,No,Yes,White,No,None,No
856,Robingoose #856,Honk honk,goose_0856.png,Goose,Purple,Blue,Closed,Red,Two Tone,No,Yes,Purple,No,None,No
857,Robingoose #857,Honk honk,goose_0857.png,Goose,Blue,Salmon,Closed,Black,Solid,No,No,None,No,None,No
858,Robingoose #858,Honk honk,goose_0858.png,Goose,Coral,Yellow,Open,Green,Two Tone,Yes,No,None,No,None,Yes
859,Robingoose #859,Honk honk,goose_0859.png,Goose,Sky Blue,Orange,Open,Green,Two Tone,Yes,No,None,Yes,Black,No
860,Robingoose #860,Honk honk,goose_0860.png,Goose,Turquoise,Sky Blue,Open,Black,Solid,No,No,None,No,None,No
861,Robingoose #861,Honk honk,goose_0861.png,Goose,White,Coral,Closed,Pink,Two Tone,No,No,None,No,None,Yes
862,Robingoose #862,Honk honk,goose_0862.png,Goose,Green,Orange,Open,Black,Solid,Yes,Yes,Green,No,None,No
863,Robingoose #863,Honk honk,goose_0863.png,Goose,Black,Yellow,Closed,Red,Solid,No,No,None,No,None,No
864,Robingoose #864,Honk honk,goose_0864.png,Goose,Blue,Orange,Open,Yellow,Two Tone,Yes,Yes,Blue,No,None,No
865,Robingoose #865,Honk honk,goose_0865.png,Goose,Yellow,Turquoise,Open,Coral,Two Tone,Yes,No,None,No,None,Yes
866,Robingoose #866,Honk honk,goose_0866.png,Goose,Purple,Yellow,Closed,Coral,Two Tone,No,No,None,No,None,No
867,Robingoose #867,Honk honk,goose_0867.png,Goose,Black,Green,Closed,Coral,Two Tone,No,Yes,Black,No,None,No
868,Robingoose #868,Honk honk,goose_0868.png,Goose,White,Orange,Open,Salmon,Two Tone,No,Yes,White,No,None,No
869,Robingoose #869,Honk honk,goose_0869.png,Goose,Lime,Black,Open,Green,Solid,Yes,Yes,Lime,No,None,No
870,Robingoose #870,Honk honk,goose_0870.png,Goose,Sky Blue,Salmon,Open,Turquoise,Two Tone,No,No,None,No,None,Yes
871,Robingoose #871,Honk honk,goose_0871.png,Goose,Salmon,Sky Blue,Open,Black,Solid,No,Yes,Salmon,No,None,No
872,Robingoose #872,Honk honk,goose_0872.png,Goose,Blue,Yellow,Open,Black,Solid,No,No,None,No,None,No
873,Robingoose #873,Honk honk,goose_0873.png,Goose,Blue,Orange,Closed,Black,Solid,No,Yes,Black,No,None,No
874,Robingoose #874,Honk honk,goose_0874.png,Goose,Purple,Pink,Open,Black,Solid,Yes,No,None,No,None,No
875,Robingoose #875,Honk honk,goose_0875.png,Goose,White,Green,Closed,Yellow,Two Tone,No,No,None,Yes,Yellow,No
876,Robingoose #876,Honk honk,goose_0876.png,Goose,Pink,Orange,Open,Black,Solid,Yes,No,None,No,None,No
877,Robingoose #877,Honk honk,goose_0877.png,Goose,Lime,Orange,Open,Black,Solid,Yes,No,None,No,None,No
878,Robingoose #878,Honk honk,goose_0878.png,Goose,White,Orange,Open,Black,Solid,No,Yes,Red,No,None,No
879,Robingoose #879,Honk honk,goose_0879.png,Goose,Sky Blue,Yellow,Closed,Black,Solid,No,Yes,Purple,No,None,No
880,Robingoose #880,Honk honk,goose_0880.png,Goose,White,Purple,Open,Black,Solid,No,Yes,White,No,None,No
881,Robingoose #881,Honk honk,goose_0881.png,Goose,White,Yellow,Open,Coral,Two Tone,No,No,None,No,None,No
882,Robingoose #882,Honk honk,goose_0882.png,Goose,Black,White,Closed,White,Solid,No,Yes,Green,No,None,No
883,Robingoose #883,Honk honk,goose_0883.png,Goose,Turquoise,Blue,Open,Black,Solid,No,No,None,No,None,No
884,Robingoose #884,Honk honk,goose_0884.png,Goose,Black,Orange,Closed,Red,Solid,No,Yes,Black,No,None,No
885,Robingoose #885,Honk honk,goose_0885.png,Goose,Black,Turquoise,Closed,Red,Solid,No,Yes,Green,No,None,No
886,Robingoose #886,Honk honk,goose_0886.png,Goose,Coral,Yellow,Open,Black,Solid,Yes,No,None,No,None,No
887,Robingoose #887,Honk honk,goose_0887.png,Goose,Coral,Lime,Closed,Black,Solid,No,Yes,Coral,No,None,No
888,Robingoose #888,Honk honk,goose_0888.png,Goose,Lime,Coral,Closed,Black,Solid,No,Yes,Lime,No,None,No
889,Robingoose #889,Honk honk,goose_0889.png,Goose,Yellow,Black,Closed,Black,Solid,No,Yes,Yellow,No,None,No
890,Robingoose #890,Honk honk,goose_0890.png,Goose,Yellow,Sky Blue,Open,Black,Solid,No,Yes,Yellow,No,None,No
891,Robingoose #891,Honk honk,goose_0891.png,Goose,Turquoise,Orange,Closed,Blue,Two Tone,No,Yes,Salmon,No,None,Yes
892,Robingoose #892,Honk honk,goose_0892.png,Goose,Turquoise,Red,Closed,Salmon,Two Tone,No,Yes,Pink,No,None,Yes
893,Robingoose #893,Honk honk,goose_0893.png,Goose,Black,Orange,Closed,Lime,Two Tone,No,Yes,Black,No,None,No
894,Robingoose #894,Honk honk,goose_0894.png,Goose,Pink,Salmon,Closed,Black,Solid,No,No,None,No,None,No
895,Robingoose #895,Honk honk,goose_0895.png,Goose,Orange,Yellow,Open,Black,Solid,No,No,None,No,None,No
896,Robingoose #896,Honk honk,goose_0896.png,Goose,Green,Orange,Open,Sky Blue,Two Tone,No,Yes,Green,No,None,No
897,Robingoose #897,Honk honk,goose_0897.png,Goose,Coral,Orange,Closed,Black,Solid,No,Yes,Black,No,None,No
898,Robingoose #898,Honk honk,goose_0898.png,Goose,Purple,Turquoise,Closed,Black,Solid,No,Yes,Purple,No,None,No
899,Robingoose #899,Honk honk,goose_0899.png,Goose,Green,Sky Blue,Open,Black,Solid,Yes,No,None,No,None,No
900,Robingoose #900,Honk honk,goose_0900.png,Goose,Purple,Pink,Closed,Black,Solid,No,No,None,No,None,No
901,Robingoose #901,Honk honk,goose_0901.png,Goose,Yellow,White,Closed,Sky Blue,Two Tone,No,No,None,No,None,No
902,Robingoose #902,Honk honk,goose_0902.png,Goose,Blue,Pink,Closed,Black,Solid,No,No,None,No,None,No
903,Robingoose #903,Honk honk,goose_0903.png,Goose,White,Blue,Open,Coral,Two Tone,Yes,No,None,No,None,No
904,Robingoose #904,Honk honk,goose_0904.png,Goose,White,Yellow,Closed,Sky Blue,Two Tone,No,Yes,White,No,None,Yes
905,Robingoose #905,Honk honk,goose_0905.png,Goose,Purple,Yellow,Open,Black,Solid,Yes,No,None,No,None,No
906,Robingoose #906,Honk honk,goose_0906.png,Goose,Sky Blue,Orange,Open,Lime,Two Tone,No,No,None,Yes,Black,No
907,Robingoose #907,Honk honk,goose_0907.png,Goose,Salmon,Yellow,Closed,Turquoise,Two Tone,No,No,None,No,None,No
908,Robingoose #908,Honk honk,goose_0908.png,Goose,Red,Orange,Open,Black,Solid,Yes,Yes,Red,No,None,No
909,Robingoose #909,Honk honk,goose_0909.png,Goose,Green,Sky Blue,Closed,Black,Solid,No,No,None,No,None,No
910,Robingoose #910,Honk honk,goose_0910.png,Goose,Red,Orange,Open,Black,Solid,Yes,No,None,No,None,No
911,Robingoose #911,Honk honk,goose_0911.png,Goose,Green,Purple,Open,Black,Solid,No,Yes,Green,No,None,No
912,Robingoose #912,Honk honk,goose_0912.png,Goose,White,Red,Open,Black,Solid,No,Yes,Lime,No,None,No
913,Robingoose #913,Honk honk,goose_0913.png,Goose,Coral,Orange,Open,Black,Solid,Yes,No,None,No,None,No
914,Robingoose #914,Honk honk,goose_0914.png,Goose,Turquoise,Orange,Open,Black,Solid,Yes,No,None,No,None,No
915,Robingoose #915,Honk honk,goose_0915.png,Goose,Sky Blue,Orange,Open,Coral,Two Tone,Yes,No,None,No,None,Yes
916,Robingoose #916,Honk honk,goose_0916.png,Goose,Purple,Orange,Open,Black,Solid,Yes,Yes,Purple,No,None,No
917,Robingoose #917,Honk honk,goose_0917.png,Goose,Orange,Pink,Closed,Black,Solid,No,Yes,Black,No,None,No
918,Robingoose #918,Honk honk,goose_0918.png,Goose,Pink,Yellow,Open,Black,Solid,No,Yes,White,No,None,No
919,Robingoose #919,Honk honk,goose_0919.png,Goose,White,Purple,Open,Black,Solid,Yes,Yes,White,No,None,No
920,Robingoose #920,Honk honk,goose_0920.png,Goose,Salmon,Black,Open,Orange,Solid,No,No,None,No,None,No
921,Robingoose #921,Honk honk,goose_0921.png,Goose,Sky Blue,Orange,Open,Yellow,Two Tone,Yes,Yes,Sky Blue,No,None,Yes
922,Robingoose #922,Honk honk,goose_0922.png,Goose,Yellow,Blue,Open,Black,Solid,No,Yes,Yellow,No,None,No
923,Robingoose #923,Honk honk,goose_0923.png,Goose,White,Pink,Closed,Black,Solid,No,No,None,No,None,No
924,Robingoose #924,Honk honk,goose_0924.png,Goose,Black,Red,Open,Red,Solid,No,Yes,Black,No,None,No
925,Robingoose #925,Honk honk,goose_0925.png,Goose,Red,Blue,Open,Salmon,Two Tone,Yes,No,None,No,None,No
926,Robingoose #926,Honk honk,goose_0926.png,Goose,Salmon,Orange,Open,Sky Blue,Two Tone,Yes,Yes,Salmon,No,None,No
927,Robingoose #927,Honk honk,goose_0927.png,Goose,Blue,Yellow,Open,Black,Solid,No,Yes,Blue,No,None,No
928,Robingoose #928,Honk honk,goose_0928.png,Goose,Turquoise,Sky Blue,Open,Black,Solid,No,Yes,Black,No,None,No
929,Robingoose #929,Honk honk,goose_0929.png,Goose,White,Yellow,Closed,Pink,Two Tone,No,No,None,No,None,No
930,Robingoose #930,Honk honk,goose_0930.png,Goose,Blue,Turquoise,Closed,Purple,Two Tone,No,No,None,Yes,Black,No
931,Robingoose #931,Honk honk,goose_0931.png,Goose,Salmon,Yellow,Closed,Black,Solid,No,Yes,Coral,No,None,No
932,Robingoose #932,Honk honk,goose_0932.png,Goose,Sky Blue,Turquoise,Open,Green,Two Tone,No,No,None,Yes,Yellow,No
933,Robingoose #933,Honk honk,goose_0933.png,Goose,White,Green,Open,Black,Solid,No,Yes,White,No,None,No
934,Robingoose #934,Honk honk,goose_0934.png,Goose,Green,Orange,Closed,Purple,Two Tone,No,Yes,Green,No,None,No
935,Robingoose #935,Honk honk,goose_0935.png,Goose,Turquoise,Purple,Open,Black,Solid,Yes,Yes,Red,No,None,No
936,Robingoose #936,Honk honk,goose_0936.png,Goose,Green,Lime,Closed,Blue,Two Tone,No,Yes,Green,No,None,No
937,Robingoose #937,Honk honk,goose_0937.png,Goose,Lime,Orange,Closed,Pink,Two Tone,No,Yes,Lime,No,None,No
938,Robingoose #938,Honk honk,goose_0938.png,Goose,Pink,Lime,Open,Black,Solid,No,Yes,Pink,No,None,No
939,Robingoose #939,Honk honk,goose_0939.png,Goose,Salmon,Green,Closed,Sky Blue,Two Tone,No,No,None,Yes,Yellow,No
940,Robingoose #940,Honk honk,goose_0940.png,Goose,Yellow,Blue,Closed,Black,Solid,No,Yes,Yellow,No,None,No
941,Robingoose #941,Honk honk,goose_0941.png,Goose,Lime,Orange,Closed,Black,Solid,No,Yes,Green,No,None,No
942,Robingoose #942,Honk honk,goose_0942.png,Goose,Red,Yellow,Closed,Black,Solid,No,Yes,Blue,No,None,No
943,Robingoose #943,Honk honk,goose_0943.png,Goose,Green,Turquoise,Closed,Black,Solid,No,No,None,No,None,No
944,Robingoose #944,Honk honk,goose_0944.png,Goose,Red,Yellow,Closed,Turquoise,Two Tone,No,Yes,Red,No,None,No
945,Robingoose #945,Honk honk,goose_0945.png,Goose,Purple,Orange,Open,Black,Solid,No,Yes,Yellow,No,None,No
946,Robingoose #946,Honk honk,goose_0946.png,Goose,Coral,White,Open,Green,Two Tone,Yes,No,None,No,None,Yes
947,Robingoose #947,Honk honk,goose_0947.png,Goose,Blue,Yellow,Open,Black,Solid,Yes,No,None,No,None,No
948,Robingoose #948,Honk honk,goose_0948.png,Goose,Blue,Black,Open,Red,Two Tone,No,Yes,Coral,No,None,No
949,Robingoose #949,Honk honk,goose_0949.png,Goose,Yellow,White,Open,Red,Two Tone,No,No,None,No,None,No
950,Robingoose #950,Honk honk,goose_0950.png,Goose,Coral,Orange,Open,Sky Blue,Two Tone,Yes,No,None,No,None,Yes
951,Robingoose #951,Honk honk,goose_0951.png,Goose,Salmon,Orange,Open,Black,Solid,Yes,Yes,Salmon,No,None,No
952,Robingoose #952,Honk honk,goose_0952.png,Goose,Salmon,Lime,Open,Black,Solid,Yes,No,None,No,None,No
953,Robingoose #953,Honk honk,goose_0953.png,Goose,Black,Lime,Closed,White,Solid,No,Yes,Green,No,None,No
954,Robingoose #954,Honk honk,goose_0954.png,Goose,Turquoise,Purple,Open,Black,Solid,No,No,None,No,None,No
955,Robingoose #955,Honk honk,goose_0955.png,Goose,Purple,Lime,Open,Black,Solid,Yes,Yes,Sky Blue,No,None,No
956,Robingoose #956,Honk honk,goose_0956.png,Goose,Blue,Salmon,Open,Black,Solid,Yes,No,None,No,None,No
957,Robingoose #957,Honk honk,goose_0957.png,Goose,White,Orange,Open,Yellow,Two Tone,Yes,No,None,Yes,Black,No
958,Robingoose #958,Honk honk,goose_0958.png,Goose,Turquoise,Orange,Open,Yellow,Two Tone,No,No,None,No,None,Yes
959,Robingoose #959,Honk honk,goose_0959.png,Goose,Black,Yellow,Closed,White,Solid,No,Yes,Black,No,None,No
960,Robingoose #960,Honk honk,goose_0960.png,Goose,Blue,Yellow,Closed,Salmon,Two Tone,No,No,None,No,None,No
961,Robingoose #961,Honk honk,goose_0961.png,Goose,White,Black,Closed,Green,Solid,No,No,None,No,None,No
962,Robingoose #962,Honk honk,goose_0962.png,Goose,Blue,Yellow,Open,Pink,Two Tone,No,No,None,No,None,No
963,Robingoose #963,Honk honk,goose_0963.png,Goose,Sky Blue,Coral,Open,Black,Solid,No,Yes,Sky Blue,No,None,No
964,Robingoose #964,Honk honk,goose_0964.png,Goose,Turquoise,Yellow,Open,Black,Solid,No,Yes,Yellow,No,None,No
965,Robingoose #965,Honk honk,goose_0965.png,Goose,Sky Blue,Orange,Open,Green,Two Tone,Yes,No,None,No,None,No
966,Robingoose #966,Honk honk,goose_0966.png,Goose,Yellow,Green,Open,Pink,Two Tone,No,Yes,Yellow,No,None,No
967,Robingoose #967,Honk honk,goose_0967.png,Goose,White,Purple,Closed,Blue,Two Tone,No,No,None,Yes,Black,No
968,Robingoose #968,Honk honk,goose_0968.png,Goose,White,Purple,Closed,Black,Solid,No,Yes,White,No,None,No
969,Robingoose #969,Honk honk,goose_0969.png,Goose,Yellow,Turquoise,Closed,Black,Solid,No,Yes,Yellow,No,None,No
970,Robingoose #970,Honk honk,goose_0970.png,Goose,Blue,Black,Open,Pink,Solid,Yes,No,None,No,None,No
971,Robingoose #971,Honk honk,goose_0971.png,Goose,Blue,Yellow,Open,Black,Solid,Yes,Yes,Blue,No,None,No
972,Robingoose #972,Honk honk,goose_0972.png,Goose,Yellow,Orange,Closed,Sky Blue,Two Tone,No,No,None,No,None,Yes
973,Robingoose #973,Honk honk,goose_0973.png,Goose,Blue,Orange,Open,Purple,Two Tone,Yes,Yes,Blue,No,None,No
974,Robingoose #974,Honk honk,goose_0974.png,Goose,White,Turquoise,Closed,Orange,Two Tone,No,No,None,Yes,Black,No
975,Robingoose #975,Honk honk,goose_0975.png,Goose,Lime,Orange,Open,Coral,Two Tone,No,Yes,Lime,No,None,Yes
976,Robingoose #976,Honk honk,goose_0976.png,Goose,Salmon,Orange,Open,Purple,Two Tone,No,No,None,Yes,Black,No
977,Robingoose #977,Honk honk,goose_0977.png,Goose,Coral,Green,Closed,Black,Solid,No,Yes,Coral,No,None,No
978,Robingoose #978,Honk honk,goose_0978.png,Goose,Lime,Black,Closed,Orange,Two Tone,No,Yes,Lime,No,None,No
979,Robingoose #979,Honk honk,goose_0979.png,Goose,White,Orange,Open,Black,Solid,No,Yes,Pink,No,None,No
980,Robingoose #980,Honk honk,goose_0980.png,Goose,Coral,Pink,Open,Black,Solid,No,No,None,No,None,No
981,Robingoose #981,Honk honk,goose_0981.png,Goose,Green,Black,Open,Black,Solid,No,Yes,Coral,No,None,No
982,Robingoose #982,Honk honk,goose_0982.png,Goose,White,Yellow,Closed,Coral,Two Tone,No,No,None,No,None,No
983,Robingoose #983,Honk honk,goose_0983.png,Goose,Black,Purple,Closed,Red,Solid,No,No,None,No,None,No
984,Robingoose #984,Honk honk,goose_0984.png,Goose,White,Lime,Open,Black,Solid,Yes,No,None,No,None,No
985,Robingoose #985,Honk honk,goose_0985.png,Goose,White,Yellow,Closed,Salmon,Two Tone,No,No,None,Yes,Black,No
986,Robingoose #986,Honk honk,goose_0986.png,Goose,Green,Yellow,Open,Pink,Two Tone,No,Yes,Green,No,None,No
987,Robingoose #987,Honk honk,goose_0987.png,Goose,Sky Blue,Lime,Closed,Black,Solid,No,No,None,No,None,No
988,Robingoose #988,Honk honk,goose_0988.png,Goose,Sky Blue,Yellow,Open,Black,Solid,No,No,None,No,None,No
989,Robingoose #989,Honk honk,goose_0989.png,Goose,Turquoise,Salmon,Closed,Black,Solid,No,Yes,Turquoise,No,None,No
990,Robingoose #990,Honk honk,goose_0990.png,Goose,Blue,Turquoise,Closed,White,Two Tone,No,Yes,Blue,No,None,No
991,Robingoose #991,Honk honk,goose_0991.png,Goose,Salmon,Yellow,Open,Red,Two Tone,Yes,No,None,Yes,Yellow,No
992,Robingoose #992,Honk honk,goose_0992.png,Goose,Red,Yellow,Closed,Salmon,Two Tone,No,Yes,Red,No,None,Yes
993,Robingoose #993,Honk honk,goose_0993.png,Goose,Salmon,Orange,Open,White,Two Tone,Yes,Yes,Salmon,No,None,Yes
994,Robingoose #994,Honk honk,goose_0994.png,Goose,Black,Orange,Closed,Red,Solid,No,No,None,No,None,No
995,Robingoose #995,Honk honk,goose_0995.png,Goose,Black,Yellow,Closed,Pink,Two Tone,No,Yes,Black,No,None,No
996,Robingoose #996,Honk honk,goose_0996.png,Goose,Purple,Yellow,Open,Blue,Two Tone,No,No,None,No,None,No
997,Robingoose #997,Honk honk,goose_0997.png,Goose,Lime,Orange,Open,Sky Blue,Two Tone,Yes,No,None,No,None,No
998,Robingoose #998,Honk honk,goose_0998.png,Goose,Lime,Blue,Closed,Black,Solid,No,No,None,No,None,No
999,Robingoose #999,Honk honk,goose_0999.png,Goose,Yellow,Black,Closed,Salmon,Solid,No,No,None,No,None,No
1000,Robingoose #1000,Honk honk,goose_1000.png,Goose,Salmon,Purple,Closed,Black,Solid,No,No,None,No,None,No
1001,Robingoose #1001,Honk honk,goose_1001.png,Goose,White,Blue,Open,Black,Solid,No,Yes,White,No,None,No
1002,Robingoose #1002,Honk honk,goose_1002.png,Goose,Sky Blue,Yellow,Closed,Blue,Two Tone,No,No,None,No,None,Yes
1003,Robingoose #1003,Honk honk,goose_1003.png,Goose,Black,White,Closed,Red,Solid,No,No,None,No,None,No
1004,Robingoose #1004,Honk honk,goose_1004.png,Goose,Salmon,Orange,Open,Black,Solid,No,Yes,Black,No,None,No
1005,Robingoose #1005,Honk honk,goose_1005.png,Goose,Coral,Orange,Closed,Turquoise,Two Tone,No,No,None,No,None,Yes
1006,Robingoose #1006,Honk honk,goose_1006.png,Goose,Black,Yellow,Open,White,Solid,Yes,No,None,No,None,No
1007,Robingoose #1007,Honk honk,goose_1007.png,Goose,Yellow,Purple,Open,Red,Two Tone,Yes,Yes,Yellow,No,None,No
1008,Robingoose #1008,Honk honk,goose_1008.png,Goose,Blue,Salmon,Open,Black,Solid,No,Yes,Blue,No,None,No
1009,Robingoose #1009,Honk honk,goose_1009.png,Goose,White,Green,Open,Purple,Two Tone,Yes,Yes,White,No,None,Yes
1010,Robingoose #1010,Honk honk,goose_1010.png,Goose,Orange,White,Closed,Black,Solid,No,No,None,No,None,No
1011,Robingoose #1011,Honk honk,goose_1011.png,Goose,Yellow,Purple,Open,Red,Two Tone,No,Yes,Yellow,No,None,No
1012,Robingoose #1012,Honk honk,goose_1012.png,Goose,Purple,White,Open,Yellow,Two Tone,No,Yes,Purple,No,None,Yes
1013,Robingoose #1013,Honk honk,goose_1013.png,Goose,White,Orange,Closed,Pink,Two Tone,No,Yes,White,No,None,Yes
1014,Robingoose #1014,Honk honk,goose_1014.png,Goose,Purple,Red,Open,Black,Solid,Yes,Yes,Purple,No,None,No
1015,Robingoose #1015,Honk honk,goose_1015.png,Goose,Salmon,Turquoise,Open,Green,Two Tone,Yes,Yes,Salmon,No,None,Yes
1016,Robingoose #1016,Honk honk,goose_1016.png,Goose,Yellow,Red,Open,White,Two Tone,Yes,Yes,Yellow,No,None,No
1017,Robingoose #1017,Honk honk,goose_1017.png,Goose,Blue,Green,Open,Black,Solid,No,No,None,No,None,No
1018,Robingoose #1018,Honk honk,goose_1018.png,Goose,Red,Pink,Closed,Black,Solid,No,No,None,No,None,No
1019,Robingoose #1019,Honk honk,goose_1019.png,Goose,Lime,Blue,Open,Black,Solid,Yes,No,None,No,None,No
1020,Robingoose #1020,Honk honk,goose_1020.png,Goose,White,Purple,Closed,Turquoise,Two Tone,No,Yes,Turquoise,No,None,No
1021,Robingoose #1021,Honk honk,goose_1021.png,Goose,Salmon,Turquoise,Closed,Blue,Two Tone,No,No,None,Yes,Black,No
1022,Robingoose #1022,Honk honk,goose_1022.png,Goose,Pink,Sky Blue,Open,Black,Solid,Yes,Yes,Pink,No,None,No
1023,Robingoose #1023,Honk honk,goose_1023.png,Goose,Red,Green,Closed,Black,Solid,No,Yes,Purple,No,None,No
1024,Robingoose #1024,Honk honk,goose_1024.png,Goose,White,Black,Open,Yellow,Solid,No,No,None,No,None,No
1025,Robingoose #1025,Honk honk,goose_1025.png,Goose,Salmon,Orange,Closed,Pink,Two Tone,No,No,None,Yes,Black,No
1026,Robingoose #1026,Honk honk,goose_1026.png,Goose,Orange,Yellow,Open,Black,Solid,Yes,Yes,Lime,No,None,No
1027,Robingoose #1027,Honk honk,goose_1027.png,Goose,White,Pink,Closed,Lime,Two Tone,No,No,None,Yes,Yellow,No
1028,Robingoose #1028,Honk honk,goose_1028.png,Goose,Sky Blue,Orange,Open,Pink,Two Tone,Yes,No,None,No,None,No
1029,Robingoose #1029,Honk honk,goose_1029.png,Goose,Purple,Blue,Open,Black,Solid,No,No,None,No,None,No
1030,Robingoose #1030,Honk honk,goose_1030.png,Goose,White,Sky Blue,Open,Lime,Two Tone,No,Yes,White,No,None,No
1031,Robingoose #1031,Honk honk,goose_1031.png,Goose,Orange,Green,Open,Black,Solid,Yes,Yes,Orange,No,None,No
1032,Robingoose #1032,Honk honk,goose_1032.png,Goose,White,Black,Closed,Blue,Solid,No,No,None,No,None,No
1033,Robingoose #1033,Honk honk,goose_1033.png,Goose,Salmon,Blue,Open,Yellow,Two Tone,No,No,None,No,None,No
1034,Robingoose #1034,Honk honk,goose_1034.png,Goose,Turquoise,Yellow,Closed,Orange,Two Tone,No,Yes,Turquoise,No,None,No
1035,Robingoose #1035,Honk honk,goose_1035.png,Goose,Red,Orange,Open,White,Two Tone,No,Yes,Sky Blue,No,None,No
1036,Robingoose #1036,Honk honk,goose_1036.png,Goose,Yellow,Purple,Open,Turquoise,Two Tone,Yes,No,None,No,None,No
1037,Robingoose #1037,Honk honk,goose_1037.png,Goose,Lime,Purple,Closed,Salmon,Two Tone,No,No,None,No,None,No
1038,Robingoose #1038,Honk honk,goose_1038.png,Goose,Purple,Lime,Open,Sky Blue,Two Tone,Yes,Yes,Orange,No,None,Yes
1039,Robingoose #1039,Honk honk,goose_1039.png,Goose,Green,Red,Open,Black,Solid,No,Yes,Green,No,None,No
1040,Robingoose #1040,Honk honk,goose_1040.png,Goose,Lime,Turquoise,Open,Salmon,Two Tone,Yes,Yes,Lime,No,None,No
1041,Robingoose #1041,Honk honk,goose_1041.png,Goose,Black,Turquoise,Closed,White,Solid,No,Yes,Black,No,None,No
1042,Robingoose #1042,Honk honk,goose_1042.png,Goose,Purple,Yellow,Closed,Turquoise,Two Tone,No,No,None,No,None,No
1043,Robingoose #1043,Honk honk,goose_1043.png,Goose,White,Yellow,Closed,Pink,Two Tone,No,No,None,Yes,Black,No
1044,Robingoose #1044,Honk honk,goose_1044.png,Goose,Purple,Lime,Closed,Turquoise,Two Tone,No,No,None,No,None,No
1045,Robingoose #1045,Honk honk,goose_1045.png,Goose,Blue,Yellow,Open,Black,Solid,No,Yes,Turquoise,No,None,No
1046,Robingoose #1046,Honk honk,goose_1046.png,Goose,Blue,Orange,Closed,Black,Solid,No,Yes,Green,No,None,No
1047,Robingoose #1047,Honk honk,goose_1047.png,Goose,White,Coral,Open,Black,Solid,Yes,No,None,No,None,No
1048,Robingoose #1048,Honk honk,goose_1048.png,Goose,Orange,Sky Blue,Open,Black,Solid,Yes,Yes,Orange,No,None,No
1049,Robingoose #1049,Honk honk,goose_1049.png,Goose,Coral,Turquoise,Closed,Green,Two Tone,No,Yes,Coral,No,None,No
1050,Robingoose #1050,Honk honk,goose_1050.png,Goose,Turquoise,Orange,Open,Black,Solid,No,Yes,Turquoise,No,None,No
1051,Robingoose #1051,Honk honk,goose_1051.png,Goose,White,Orange,Open,Black,Solid,No,Yes,Purple,No,None,No
1052,Robingoose #1052,Honk honk,goose_1052.png,Goose,White,Orange,Open,Coral,Two Tone,Yes,Yes,White,No,None,Yes
1053,Robingoose #1053,Honk honk,goose_1053.png,Goose,Yellow,Orange,Open,Purple,Two Tone,No,No,None,No,None,Yes
1054,Robingoose #1054,Honk honk,goose_1054.png,Goose,White,Blue,Open,Black,Solid,Yes,Yes,White,No,None,No
1055,Robingoose #1055,Honk honk,goose_1055.png,Goose,Green,Coral,Closed,Black,Solid,No,Yes,Green,No,None,No
1056,Robingoose #1056,Honk honk,goose_1056.png,Goose,Green,Salmon,Closed,Black,Solid,No,No,None,No,None,No
1057,Robingoose #1057,Honk honk,goose_1057.png,Goose,Sky Blue,Orange,Closed,Green,Two Tone,No,No,None,Yes,Black,No
1058,Robingoose #1058,Honk honk,goose_1058.png,Goose,Orange,Purple,Closed,Coral,Two Tone,No,Yes,Yellow,No,None,No
1059,Robingoose #1059,Honk honk,goose_1059.png,Goose,Yellow,Red,Open,Purple,Two Tone,Yes,Yes,Yellow,No,None,No
1060,Robingoose #1060,Honk honk,goose_1060.png,Goose,Orange,Sky Blue,Closed,Yellow,Two Tone,No,Yes,Orange,No,None,No
1061,Robingoose #1061,Honk honk,goose_1061.png,Goose,Purple,Orange,Open,Red,Two Tone,No,Yes,Purple,No,None,Yes
1062,Robingoose #1062,Honk honk,goose_1062.png,Goose,Pink,Blue,Open,Black,Solid,Yes,Yes,Pink,No,None,No
1063,Robingoose #1063,Honk honk,goose_1063.png,Goose,Lime,Black,Closed,Blue,Solid,No,No,None,No,None,No
1064,Robingoose #1064,Honk honk,goose_1064.png,Goose,White,Yellow,Open,Purple,Two Tone,No,Yes,White,No,None,No
1065,Robingoose #1065,Honk honk,goose_1065.png,Goose,White,Pink,Open,Black,Solid,Yes,Yes,White,No,None,No
1066,Robingoose #1066,Honk honk,goose_1066.png,Goose,Lime,Turquoise,Open,Sky Blue,Two Tone,Yes,Yes,Lime,No,None,No
1067,Robingoose #1067,Honk honk,goose_1067.png,Goose,White,Yellow,Open,Purple,Two Tone,No,No,None,No,None,No
1068,Robingoose #1068,Honk honk,goose_1068.png,Goose,White,Black,Open,Purple,Solid,No,No,None,No,None,No
1069,Robingoose #1069,Honk honk,goose_1069.png,Goose,Orange,White,Closed,Blue,Two Tone,No,Yes,Orange,No,None,No
1070,Robingoose #1070,Honk honk,goose_1070.png,Goose,Black,Orange,Closed,Green,Two Tone,No,No,None,Yes,Yellow,No
1071,Robingoose #1071,Honk honk,goose_1071.png,Goose,Salmon,Lime,Closed,Black,Solid,No,No,None,No,None,No
1072,Robingoose #1072,Honk honk,goose_1072.png,Goose,Green,Coral,Open,Black,Solid,Yes,Yes,Green,No,None,No
1073,Robingoose #1073,Honk honk,goose_1073.png,Goose,Sky Blue,Yellow,Closed,Coral,Two Tone,No,Yes,Sky Blue,No,None,No
1074,Robingoose #1074,Honk honk,goose_1074.png,Goose,White,Yellow,Closed,Black,Solid,No,Yes,Coral,No,None,No
1075,Robingoose #1075,Honk honk,goose_1075.png,Goose,Orange,Lime,Open,Black,Solid,Yes,Yes,Orange,No,None,No
1076,Robingoose #1076,Honk honk,goose_1076.png,Goose,Turquoise,Purple,Open,Orange,Two Tone,Yes,Yes,Turquoise,No,None,Yes
1077,Robingoose #1077,Honk honk,goose_1077.png,Goose,Red,White,Open,Black,Solid,No,No,None,No,None,No
1078,Robingoose #1078,Honk honk,goose_1078.png,Goose,Red,Black,Closed,Yellow,Solid,No,No,None,No,None,No
1079,Robingoose #1079,Honk honk,goose_1079.png,Goose,Red,Yellow,Open,Black,Solid,No,Yes,Red,No,None,No
1080,Robingoose #1080,Honk honk,goose_1080.png,Goose,White,Yellow,Closed,Black,Solid,No,Yes,Red,No,None,No
1081,Robingoose #1081,Honk honk,goose_1081.png,Goose,Coral,Sky Blue,Open,Black,Solid,Yes,Yes,Purple,No,None,No
1082,Robingoose #1082,Honk honk,goose_1082.png,Goose,Salmon,Sky Blue,Open,Black,Solid,Yes,Yes,Salmon,No,None,No
1083,Robingoose #1083,Honk honk,goose_1083.png,Goose,Turquoise,Red,Open,Black,Solid,No,Yes,White,No,None,No
1084,Robingoose #1084,Honk honk,goose_1084.png,Goose,Salmon,White,Open,Black,Solid,Yes,No,None,No,None,No
1085,Robingoose #1085,Honk honk,goose_1085.png,Goose,Orange,Black,Closed,Green,Solid,No,Yes,Orange,No,None,No
1086,Robingoose #1086,Honk honk,goose_1086.png,Goose,Coral,Blue,Open,Black,Solid,Yes,No,None,No,None,No
1087,Robingoose #1087,Honk honk,goose_1087.png,Goose,Pink,Lime,Open,Orange,Two Tone,No,No,None,No,None,No
1088,Robingoose #1088,Honk honk,goose_1088.png,Goose,Yellow,Turquoise,Open,Black,Solid,No,Yes,Orange,No,None,No
1089,Robingoose #1089,Honk honk,goose_1089.png,Goose,Orange,Yellow,Open,Turquoise,Two Tone,Yes,No,None,Yes,Yellow,No
1090,Robingoose #1090,Honk honk,goose_1090.png,Goose,Orange,Salmon,Closed,Black,Solid,No,Yes,Orange,No,None,No
1091,Robingoose #1091,Honk honk,goose_1091.png,Goose,White,Yellow,Open,Purple,Two Tone,No,Yes,White,No,None,No
1092,Robingoose #1092,Honk honk,goose_1092.png,Goose,Black,White,Open,Red,Solid,Yes,No,None,No,None,No
1093,Robingoose #1093,Honk honk,goose_1093.png,Goose,Coral,Yellow,Open,Black,Solid,Yes,Yes,Coral,No,None,No
1094,Robingoose #1094,Honk honk,goose_1094.png,Goose,Salmon,Sky Blue,Open,Orange,Two Tone,Yes,No,None,No,None,Yes
1095,Robingoose #1095,Honk honk,goose_1095.png,Goose,Green,Yellow,Closed,Pink,Two Tone,No,Yes,Black,No,None,Yes
1096,Robingoose #1096,Honk honk,goose_1096.png,Goose,White,Turquoise,Open,Pink,Two Tone,No,No,None,Yes,Black,No
1097,Robingoose #1097,Honk honk,goose_1097.png,Goose,Lime,Pink,Open,White,Two Tone,Yes,No,None,No,None,Yes
1098,Robingoose #1098,Honk honk,goose_1098.png,Goose,White,Turquoise,Open,Black,Solid,No,Yes,White,No,None,No
1099,Robingoose #1099,Honk honk,goose_1099.png,Goose,Black,Green,Open,Red,Solid,No,Yes,Black,No,None,No
1100,Robingoose #1100,Honk honk,goose_1100.png,Goose,Salmon,Orange,Open,Black,Solid,Yes,Yes,Green,No,None,No
1101,Robingoose #1101,Honk honk,goose_1101.png,Goose,Red,Salmon,Open,Pink,Two Tone,No,Yes,Green,No,None,Yes
1102,Robingoose #1102,Honk honk,goose_1102.png,Goose,White,Orange,Open,Black,Solid,Yes,Yes,Coral,No,None,No
1103,Robingoose #1103,Honk honk,goose_1103.png,Goose,White,Red,Open,Black,Solid,Yes,No,None,No,None,No
1104,Robingoose #1104,Honk honk,goose_1104.png,Goose,Orange,Turquoise,Open,Blue,Two Tone,No,Yes,Orange,No,None,Yes
1105,Robingoose #1105,Honk honk,goose_1105.png,Goose,Red,Pink,Open,Black,Solid,Yes,Yes,Red,No,None,No
1106,Robingoose #1106,Honk honk,goose_1106.png,Goose,Black,Blue,Closed,Yellow,Two Tone,No,No,None,No,None,No
1107,Robingoose #1107,Honk honk,goose_1107.png,Goose,Orange,Black,Closed,Yellow,Two Tone,No,Yes,Orange,No,None,No
1108,Robingoose #1108,Honk honk,goose_1108.png,Goose,White,Black,Closed,Green,Solid,No,Yes,White,No,None,No
1109,Robingoose #1109,Honk honk,goose_1109.png,Goose,Coral,Sky Blue,Closed,Turquoise,Two Tone,No,Yes,Coral,No,None,No
1110,Robingoose #1110,Honk honk,goose_1110.png,Goose,Sky Blue,Orange,Closed,Blue,Two Tone,No,No,None,Yes,Black,No
1111,Robingoose #1111,Honk honk,goose_1111.png,Goose,Black,Orange,Open,Red,Solid,No,Yes,Pink,No,None,No
1112,Robingoose #1112,Honk honk,goose_1112.png,Goose,Salmon,Orange,Open,Black,Solid,Yes,No,None,No,None,No
1113,Robingoose #1113,Honk honk,goose_1113.png,Goose,Red,Yellow,Closed,Sky Blue,Two Tone,No,No,None,No,None,Yes
1114,Robingoose #1114,Honk honk,goose_1114.png,Goose,Yellow,Blue,Open,Black,Solid,Yes,No,None,No,None,No
1115,Robingoose #1115,Honk honk,goose_1115.png,Goose,Lime,Orange,Closed,Turquoise,Two Tone,No,Yes,Lime,No,None,Yes
1116,Robingoose #1116,Honk honk,goose_1116.png,Goose,Pink,Yellow,Open,Black,Solid,Yes,Yes,Pink,No,None,No
1117,Robingoose #1117,Honk honk,goose_1117.png,Goose,Orange,Coral,Open,Black,Solid,Yes,No,None,No,None,No
1118,Robingoose #1118,Honk honk,goose_1118.png,Goose,Yellow,Blue,Closed,Turquoise,Two Tone,No,No,None,No,None,Yes
1119,Robingoose #1119,Honk honk,goose_1119.png,Goose,Lime,Salmon,Closed,Purple,Two Tone,No,No,None,No,None,No
1120,Robingoose #1120,Honk honk,goose_1120.png,Goose,Lime,Orange,Open,Red,Two Tone,Yes,Yes,Lime,No,None,Yes
1121,Robingoose #1121,Honk honk,goose_1121.png,Goose,White,Yellow,Open,Purple,Two Tone,No,Yes,White,No,None,Yes
1122,Robingoose #1122,Honk honk,goose_1122.png,Goose,Orange,Green,Open,Salmon,Two Tone,Yes,No,None,No,None,Yes
1123,Robingoose #1123,Honk honk,goose_1123.png,Goose,Red,Orange,Closed,Yellow,Two Tone,No,Yes,Red,No,None,No
1124,Robingoose #1124,Honk honk,goose_1124.png,Goose,White,Orange,Closed,Green,Two Tone,No,No,None,No,None,No
1125,Robingoose #1125,Honk honk,goose_1125.png,Goose,Purple,Orange,Open,Turquoise,Two Tone,Yes,Yes,Sky Blue,No,None,No
1126,Robingoose #1126,Honk honk,goose_1126.png,Goose,White,Coral,Open,Black,Solid,No,Yes,White,No,None,No
1127,Robingoose #1127,Honk honk,goose_1127.png,Goose,Lime,Orange,Open,Black,Solid,No,Yes,Lime,No,None,No
1128,Robingoose #1128,Honk honk,goose_1128.png,Goose,Green,Lime,Closed,Blue,Two Tone,No,No,None,Yes,Yellow,No
1129,Robingoose #1129,Honk honk,goose_1129.png,Goose,Coral,Yellow,Open,Black,Solid,No,No,None,No,None,No
1130,Robingoose #1130,Honk honk,goose_1130.png,Goose,Red,Lime,Closed,Black,Solid,No,No,None,No,None,No
1131,Robingoose #1131,Honk honk,goose_1131.png,Goose,Coral,Orange,Closed,Black,Solid,No,Yes,Lime,No,None,No
1132,Robingoose #1132,Honk honk,goose_1132.png,Goose,Yellow,Coral,Open,Black,Solid,No,No,None,No,None,No
1133,Robingoose #1133,Honk honk,goose_1133.png,Goose,Coral,Yellow,Closed,Black,Solid,No,Yes,Coral,No,None,No
1134,Robingoose #1134,Honk honk,goose_1134.png,Goose,Green,Turquoise,Open,Blue,Two Tone,Yes,No,None,Yes,Black,No
1135,Robingoose #1135,Honk honk,goose_1135.png,Goose,Yellow,Black,Open,Green,Solid,Yes,No,None,No,None,No
1136,Robingoose #1136,Honk honk,goose_1136.png,Goose,White,Yellow,Open,Red,Two Tone,Yes,No,None,Yes,Black,No
1137,Robingoose #1137,Honk honk,goose_1137.png,Goose,Blue,Lime,Closed,Black,Solid,No,Yes,Blue,No,None,No
1138,Robingoose #1138,Honk honk,goose_1138.png,Goose,Black,Yellow,Open,Red,Solid,No,Yes,Black,No,None,No
1139,Robingoose #1139,Honk honk,goose_1139.png,Goose,Turquoise,Orange,Closed,Pink,Two Tone,No,No,None,No,None,No
1140,Robingoose #1140,Honk honk,goose_1140.png,Goose,Sky Blue,Coral,Open,Green,Two Tone,No,No,None,No,None,No
1141,Robingoose #1141,Honk honk,goose_1141.png,Goose,Orange,Black,Closed,Lime,Two Tone,No,Yes,Orange,No,None,Yes
1142,Robingoose #1142,Honk honk,goose_1142.png,Goose,Purple,Coral,Closed,Green,Two Tone,No,No,None,No,None,No
1143,Robingoose #1143,Honk honk,goose_1143.png,Goose,Sky Blue,Yellow,Closed,Coral,Two Tone,No,Yes,Sky Blue,No,None,Yes
1144,Robingoose #1144,Honk honk,goose_1144.png,Goose,White,Salmon,Open,Black,Solid,Yes,Yes,White,No,None,No
1145,Robingoose #1145,Honk honk,goose_1145.png,Goose,Sky Blue,Yellow,Closed,Turquoise,Two Tone,No,No,None,No,None,No
1146,Robingoose #1146,Honk honk,goose_1146.png,Goose,White,Red,Open,Black,Solid,Yes,Yes,White,No,None,No
1147,Robingoose #1147,Honk honk,goose_1147.png,Goose,Coral,Yellow,Closed,Salmon,Two Tone,No,No,None,Yes,Black,No
1148,Robingoose #1148,Honk honk,goose_1148.png,Goose,White,Blue,Open,Red,Two Tone,Yes,No,None,Yes,Black,No
1149,Robingoose #1149,Honk honk,goose_1149.png,Goose,Sky Blue,Yellow,Open,Black,Solid,Yes,Yes,Sky Blue,No,None,No
1150,Robingoose #1150,Honk honk,goose_1150.png,Goose,White,Yellow,Open,Black,Solid,Yes,Yes,Turquoise,No,None,No
1151,Robingoose #1151,Honk honk,goose_1151.png,Goose,Lime,Orange,Open,Black,Solid,No,No,None,No,None,No
1152,Robingoose #1152,Honk honk,goose_1152.png,Goose,Coral,Green,Closed,Lime,Two Tone,No,Yes,Coral,No,None,No
1153,Robingoose #1153,Honk honk,goose_1153.png,Goose,Black,Orange,Open,White,Solid,No,No,None,No,None,No
1154,Robingoose #1154,Honk honk,goose_1154.png,Goose,Orange,Blue,Open,Black,Solid,Yes,No,None,No,None,No
1155,Robingoose #1155,Honk honk,goose_1155.png,Goose,Blue,Orange,Open,Black,Solid,Yes,Yes,Red,No,None,No
1156,Robingoose #1156,Honk honk,goose_1156.png,Goose,Sky Blue,Yellow,Closed,Turquoise,Two Tone,No,Yes,Sky Blue,No,None,Yes
1157,Robingoose #1157,Honk honk,goose_1157.png,Goose,Red,Yellow,Open,Pink,Two Tone,Yes,No,None,No,None,Yes
1158,Robingoose #1158,Honk honk,goose_1158.png,Goose,White,Yellow,Open,Purple,Two Tone,Yes,Yes,Salmon,No,None,No
1159,Robingoose #1159,Honk honk,goose_1159.png,Goose,Pink,Turquoise,Open,Black,Solid,Yes,Yes,Red,No,None,No
1160,Robingoose #1160,Honk honk,goose_1160.png,Goose,Blue,Lime,Open,Red,Two Tone,No,No,None,No,None,No
1161,Robingoose #1161,Honk honk,goose_1161.png,Goose,White,Orange,Closed,Black,Solid,No,Yes,Black,No,None,No
1162,Robingoose #1162,Honk honk,goose_1162.png,Goose,Sky Blue,Yellow,Closed,White,Two Tone,No,No,None,No,None,No
1163,Robingoose #1163,Honk honk,goose_1163.png,Goose,Green,Lime,Open,Black,Solid,Yes,No,None,No,None,No
1164,Robingoose #1164,Honk honk,goose_1164.png,Goose,Black,Orange,Open,Green,Two Tone,No,Yes,Yellow,No,None,Yes
1165,Robingoose #1165,Honk honk,goose_1165.png,Goose,White,Black,Closed,Purple,Solid,No,No,None,No,None,No
1166,Robingoose #1166,Honk honk,goose_1166.png,Goose,Red,Orange,Open,Black,Solid,No,Yes,Red,No,None,No
1167,Robingoose #1167,Honk honk,goose_1167.png,Goose,Green,Yellow,Open,Black,Solid,Yes,Yes,Pink,No,None,No
1168,Robingoose #1168,Honk honk,goose_1168.png,Goose,Orange,Yellow,Open,Black,Solid,Yes,No,None,No,None,No
1169,Robingoose #1169,Honk honk,goose_1169.png,Goose,Lime,Green,Open,Black,Solid,No,Yes,Lime,No,None,No
1170,Robingoose #1170,Honk honk,goose_1170.png,Goose,Green,Orange,Open,Black,Solid,Yes,No,None,No,None,No
1171,Robingoose #1171,Honk honk,goose_1171.png,Goose,Sky Blue,Lime,Open,Black,Solid,Yes,Yes,Salmon,No,None,No
1172,Robingoose #1172,Honk honk,goose_1172.png,Goose,Turquoise,Sky Blue,Closed,Yellow,Two Tone,No,Yes,Turquoise,No,None,No
1173,Robingoose #1173,Honk honk,goose_1173.png,Goose,White,Yellow,Open,Black,Solid,No,Yes,Blue,No,None,No
1174,Robingoose #1174,Honk honk,goose_1174.png,Goose,Yellow,Sky Blue,Open,Green,Two Tone,No,Yes,Yellow,No,None,Yes
1175,Robingoose #1175,Honk honk,goose_1175.png,Goose,Sky Blue,Orange,Open,Black,Solid,Yes,No,None,No,None,No
1176,Robingoose #1176,Honk honk,goose_1176.png,Goose,Green,Yellow,Closed,White,Two Tone,No,Yes,Green,No,None,No
1177,Robingoose #1177,Honk honk,goose_1177.png,Goose,Purple,Orange,Open,Black,Solid,Yes,No,None,No,None,No
1178,Robingoose #1178,Honk honk,goose_1178.png,Goose,Orange,Yellow,Open,Coral,Two Tone,Yes,No,None,No,None,Yes
1179,Robingoose #1179,Honk honk,goose_1179.png,Goose,Coral,Green,Open,Black,Solid,No,No,None,No,None,No
1180,Robingoose #1180,Honk honk,goose_1180.png,Goose,Coral,Pink,Closed,Black,Solid,No,No,None,No,None,No
1181,Robingoose #1181,Honk honk,goose_1181.png,Goose,Pink,Purple,Closed,Black,Solid,No,Yes,Blue,No,None,No
1182,Robingoose #1182,Honk honk,goose_1182.png,Goose,Orange,Lime,Closed,Black,Solid,No,Yes,Orange,No,None,No
1183,Robingoose #1183,Honk honk,goose_1183.png,Goose,White,Yellow,Open,Sky Blue,Two Tone,Yes,No,None,Yes,Yellow,No
1184,Robingoose #1184,Honk honk,goose_1184.png,Goose,White,Yellow,Closed,Pink,Two Tone,No,No,None,Yes,Black,No
1185,Robingoose #1185,Honk honk,goose_1185.png,Goose,Lime,Turquoise,Closed,Blue,Two Tone,No,No,None,No,None,No
1186,Robingoose #1186,Honk honk,goose_1186.png,Goose,Coral,Orange,Closed,Black,Solid,No,Yes,Orange,No,None,No
1187,Robingoose #1187,Honk honk,goose_1187.png,Goose,White,Coral,Closed,Black,Solid,No,Yes,Green,No,None,No
1188,Robingoose #1188,Honk honk,goose_1188.png,Goose,Yellow,Orange,Closed,White,Two Tone,No,Yes,Orange,No,None,No
1189,Robingoose #1189,Honk honk,goose_1189.png,Goose,Black,Pink,Closed,White,Solid,No,No,None,No,None,No
1190,Robingoose #1190,Honk honk,goose_1190.png,Goose,Blue,Green,Closed,Black,Solid,No,No,None,No,None,No
1191,Robingoose #1191,Honk honk,goose_1191.png,Goose,Green,Lime,Open,Red,Two Tone,No,No,None,No,None,No
1192,Robingoose #1192,Honk honk,goose_1192.png,Goose,Coral,Lime,Open,Black,Solid,Yes,Yes,Coral,No,None,No
1193,Robingoose #1193,Honk honk,goose_1193.png,Goose,White,Purple,Open,Black,Solid,Yes,No,None,No,None,No
1194,Robingoose #1194,Honk honk,goose_1194.png,Goose,Blue,Black,Open,Salmon,Two Tone,Yes,No,None,No,None,No
1195,Robingoose #1195,Honk honk,goose_1195.png,Goose,Blue,Lime,Open,Black,Solid,No,No,None,No,None,No
1196,Robingoose #1196,Honk honk,goose_1196.png,Goose,Purple,Coral,Open,Black,Solid,No,No,None,No,None,No
1197,Robingoose #1197,Honk honk,goose_1197.png,Goose,White,Turquoise,Open,Black,Solid,No,Yes,White,No,None,No
1198,Robingoose #1198,Honk honk,goose_1198.png,Goose,White,Green,Closed,Orange,Two Tone,No,Yes,White,No,None,No
1199,Robingoose #1199,Honk honk,goose_1199.png,Goose,Pink,Green,Closed,Black,Solid,No,No,None,No,None,No
1200,Robingoose #1200,Honk honk,goose_1200.png,Goose,Turquoise,Green,Open,Black,Solid,No,Yes,Turquoise,No,None,No
1201,Robingoose #1201,Honk honk,goose_1201.png,Goose,Orange,Yellow,Open,Black,Solid,No,Yes,Lime,No,None,No
1202,Robingoose #1202,Honk honk,goose_1202.png,Goose,Green,Yellow,Closed,Black,Solid,No,Yes,Black,No,None,No
1203,Robingoose #1203,Honk honk,goose_1203.png,Goose,Purple,Orange,Open,Pink,Two Tone,Yes,Yes,Purple,No,None,Yes
1204,Robingoose #1204,Honk honk,goose_1204.png,Goose,Red,Salmon,Closed,Black,Solid,No,No,None,No,None,No
1205,Robingoose #1205,Honk honk,goose_1205.png,Goose,Turquoise,Green,Open,Black,Solid,Yes,No,None,No,None,No
1206,Robingoose #1206,Honk honk,goose_1206.png,Goose,White,Black,Open,Blue,Solid,No,Yes,White,No,None,No
1207,Robingoose #1207,Honk honk,goose_1207.png,Goose,Purple,Black,Open,Red,Solid,Yes,Yes,White,No,None,No
1208,Robingoose #1208,Honk honk,goose_1208.png,Goose,Orange,Black,Closed,Lime,Solid,No,No,None,No,None,No
1209,Robingoose #1209,Honk honk,goose_1209.png,Goose,White,Orange,Open,Green,Two Tone,No,No,None,Yes,Black,No
1210,Robingoose #1210,Honk honk,goose_1210.png,Goose,Coral,Sky Blue,Open,Black,Solid,Yes,Yes,Coral,No,None,No
1211,Robingoose #1211,Honk honk,goose_1211.png,Goose,Orange,White,Open,Red,Two Tone,No,No,None,No,None,Yes
1212,Robingoose #1212,Honk honk,goose_1212.png,Goose,White,Coral,Open,Black,Solid,Yes,Yes,White,No,None,No
1213,Robingoose #1213,Honk honk,goose_1213.png,Goose,White,Orange,Open,Black,Solid,Yes,Yes,Purple,No,None,No
1214,Robingoose #1214,Honk honk,goose_1214.png,Goose,Red,Sky Blue,Closed,Lime,Two Tone,No,No,None,Yes,Black,No
1215,Robingoose #1215,Honk honk,goose_1215.png,Goose,Sky Blue,Pink,Open,Black,Solid,Yes,Yes,Sky Blue,No,None,No
1216,Robingoose #1216,Honk honk,goose_1216.png,Goose,Salmon,Orange,Open,Black,Solid,No,Yes,Salmon,No,None,No
1217,Robingoose #1217,Honk honk,goose_1217.png,Goose,Green,Sky Blue,Open,Black,Solid,No,No,None,No,None,No
1218,Robingoose #1218,Honk honk,goose_1218.png,Goose,Purple,Pink,Open,Black,Solid,No,No,None,No,None,No
1219,Robingoose #1219,Honk honk,goose_1219.png,Goose,Turquoise,Lime,Open,Black,Solid,No,No,None,No,None,No
1220,Robingoose #1220,Honk honk,goose_1220.png,Goose,Salmon,Green,Open,Pink,Two Tone,Yes,Yes,Salmon,No,None,No
1221,Robingoose #1221,Honk honk,goose_1221.png,Goose,Green,Yellow,Open,Turquoise,Two Tone,Yes,No,None,No,None,No
1222,Robingoose #1222,Honk honk,goose_1222.png,Goose,White,Red,Open,Black,Solid,Yes,No,None,No,None,No
1223,Robingoose #1223,Honk honk,goose_1223.png,Goose,Orange,Yellow,Closed,Sky Blue,Two Tone,No,No,None,No,None,Yes
1224,Robingoose #1224,Honk honk,goose_1224.png,Goose,Coral,Orange,Open,Yellow,Two Tone,No,No,None,Yes,Black,No
1225,Robingoose #1225,Honk honk,goose_1225.png,Goose,Black,Orange,Closed,Pink,Two Tone,No,No,None,Yes,Yellow,No
1226,Robingoose #1226,Honk honk,goose_1226.png,Goose,Red,Yellow,Open,Black,Solid,No,No,None,No,None,No
1227,Robingoose #1227,Honk honk,goose_1227.png,Goose,Pink,Black,Open,Black,Solid,No,Yes,Pink,No,None,No
1228,Robingoose #1228,Honk honk,goose_1228.png,Goose,Orange,Pink,Open,White,Two Tone,No,No,None,No,None,No
1229,Robingoose #1229,Honk honk,goose_1229.png,Goose,Blue,Pink,Closed,Black,Solid,No,Yes,Blue,No,None,No
1230,Robingoose #1230,Honk honk,goose_1230.png,Goose,White,Green,Closed,Yellow,Two Tone,No,Yes,White,No,None,Yes
1231,Robingoose #1231,Honk honk,goose_1231.png,Goose,White,Lime,Open,Coral,Two Tone,Yes,Yes,White,No,None,No
1232,Robingoose #1232,Honk honk,goose_1232.png,Goose,White,Lime,Closed,Sky Blue,Two Tone,No,Yes,White,No,None,No
1233,Robingoose #1233,Honk honk,goose_1233.png,Goose,White,Blue,Closed,Orange,Two Tone,No,No,None,No,None,No
1234,Robingoose #1234,Honk honk,goose_1234.png,Goose,Lime,Orange,Open,Sky Blue,Two Tone,No,No,None,No,None,No
1235,Robingoose #1235,Honk honk,goose_1235.png,Goose,Yellow,Purple,Closed,Green,Two Tone,No,No,None,No,None,No
1236,Robingoose #1236,Honk honk,goose_1236.png,Goose,White,Orange,Open,Turquoise,Two Tone,No,No,None,Yes,Yellow,No
1237,Robingoose #1237,Honk honk,goose_1237.png,Goose,Blue,Turquoise,Open,Sky Blue,Two Tone,No,Yes,Blue,No,None,No
1238,Robingoose #1238,Honk honk,goose_1238.png,Goose,Pink,Lime,Closed,Black,Solid,No,No,None,No,None,No
1239,Robingoose #1239,Honk honk,goose_1239.png,Goose,Turquoise,Pink,Closed,Black,Solid,No,No,None,No,None,No
1240,Robingoose #1240,Honk honk,goose_1240.png,Goose,Pink,Yellow,Open,Black,Solid,Yes,No,None,No,None,No
1241,Robingoose #1241,Honk honk,goose_1241.png,Goose,Yellow,Blue,Closed,Black,Solid,No,Yes,Purple,No,None,No
1242,Robingoose #1242,Honk honk,goose_1242.png,Goose,Lime,Black,Closed,Red,Solid,No,No,None,No,None,No
1243,Robingoose #1243,Honk honk,goose_1243.png,Goose,White,Black,Closed,Pink,Two Tone,No,No,None,Yes,Black,No
1244,Robingoose #1244,Honk honk,goose_1244.png,Goose,Black,Yellow,Closed,Pink,Two Tone,No,Yes,Black,No,None,No
1245,Robingoose #1245,Honk honk,goose_1245.png,Goose,White,Orange,Closed,Lime,Two Tone,No,Yes,White,No,None,No
1246,Robingoose #1246,Honk honk,goose_1246.png,Goose,Lime,Black,Open,Green,Two Tone,Yes,No,None,No,None,No
1247,Robingoose #1247,Honk honk,goose_1247.png,Goose,White,Orange,Closed,Yellow,Two Tone,No,Yes,White,No,None,Yes
1248,Robingoose #1248,Honk honk,goose_1248.png,Goose,Black,Orange,Open,White,Solid,Yes,No,None,No,None,No
1249,Robingoose #1249,Honk honk,goose_1249.png,Goose,Salmon,Yellow,Open,Blue,Two Tone,Yes,Yes,Salmon,No,None,No
1250,Robingoose #1250,Honk honk,goose_1250.png,Goose,White,Black,Closed,Salmon,Two Tone,No,No,None,No,None,Yes
1251,Robingoose #1251,Honk honk,goose_1251.png,Goose,Sky Blue,Salmon,Open,Black,Solid,Yes,No,None,No,None,No
1252,Robingoose #1252,Honk honk,goose_1252.png,Goose,Red,Yellow,Open,Sky Blue,Two Tone,No,Yes,Red,No,None,No
1253,Robingoose #1253,Honk honk,goose_1253.png,Goose,Pink,Blue,Open,Yellow,Two Tone,No,No,None,Yes,Black,No
1254,Robingoose #1254,Honk honk,goose_1254.png,Goose,White,Coral,Closed,Lime,Two Tone,No,Yes,White,No,None,No
1255,Robingoose #1255,Honk honk,goose_1255.png,Goose,Turquoise,Orange,Open,Black,Solid,No,Yes,Turquoise,No,None,No
1256,Robingoose #1256,Honk honk,goose_1256.png,Goose,Purple,White,Open,Turquoise,Two Tone,Yes,No,None,No,None,Yes
1257,Robingoose #1257,Honk honk,goose_1257.png,Goose,Turquoise,Blue,Open,Black,Solid,Yes,No,None,No,None,No
1258,Robingoose #1258,Honk honk,goose_1258.png,Goose,Red,Orange,Open,Lime,Two Tone,No,Yes,Lime,No,None,No
1259,Robingoose #1259,Honk honk,goose_1259.png,Goose,Yellow,Red,Open,Black,Solid,Yes,No,None,No,None,No
1260,Robingoose #1260,Honk honk,goose_1260.png,Goose,Coral,Salmon,Open,Turquoise,Two Tone,Yes,No,None,Yes,Black,No
1261,Robingoose #1261,Honk honk,goose_1261.png,Goose,Salmon,Lime,Open,Black,Solid,No,No,None,No,None,No
1262,Robingoose #1262,Honk honk,goose_1262.png,Goose,Sky Blue,Yellow,Closed,Red,Two Tone,No,No,None,No,None,No
1263,Robingoose #1263,Honk honk,goose_1263.png,Goose,Orange,Purple,Closed,Coral,Two Tone,No,Yes,Orange,No,None,Yes
1264,Robingoose #1264,Honk honk,goose_1264.png,Goose,White,Pink,Open,Lime,Two Tone,Yes,Yes,White,No,None,No
1265,Robingoose #1265,Honk honk,goose_1265.png,Goose,Purple,Yellow,Open,Pink,Two Tone,No,No,None,Yes,Black,No
1266,Robingoose #1266,Honk honk,goose_1266.png,Goose,Purple,Sky Blue,Open,Black,Solid,Yes,No,None,No,None,No
1267,Robingoose #1267,Honk honk,goose_1267.png,Goose,Pink,Blue,Closed,Black,Solid,No,Yes,Pink,No,None,No
1268,Robingoose #1268,Honk honk,goose_1268.png,Goose,White,Orange,Open,Black,Solid,Yes,Yes,Purple,No,None,No
1269,Robingoose #1269,Honk honk,goose_1269.png,Goose,Yellow,Turquoise,Open,Black,Solid,No,No,None,No,None,No
1270,Robingoose #1270,Honk honk,goose_1270.png,Goose,White,Red,Open,Salmon,Two Tone,No,Yes,White,No,None,No
1271,Robingoose #1271,Honk honk,goose_1271.png,Goose,Red,Lime,Open,Black,Solid,No,No,None,No,None,No
1272,Robingoose #1272,Honk honk,goose_1272.png,Goose,Black,Orange,Open,White,Solid,Yes,Yes,Black,No,None,No
1273,Robingoose #1273,Honk honk,goose_1273.png,Goose,White,Orange,Open,Coral,Two Tone,Yes,Yes,White,No,None,No
1274,Robingoose #1274,Honk honk,goose_1274.png,Goose,White,Sky Blue,Open,Black,Solid,Yes,No,None,No,None,No
1275,Robingoose #1275,Honk honk,goose_1275.png,Goose,Black,Yellow,Open,Red,Two Tone,Yes,No,None,Yes,Yellow,No
1276,Robingoose #1276,Honk honk,goose_1276.png,Goose,Blue,Coral,Open,Purple,Two Tone,No,Yes,Blue,No,None,Yes
1277,Robingoose #1277,Honk honk,goose_1277.png,Goose,Turquoise,Blue,Open,Black,Solid,No,No,None,No,None,No
1278,Robingoose #1278,Honk honk,goose_1278.png,Goose,Orange,Yellow,Closed,Black,Solid,No,Yes,White,No,None,No
1279,Robingoose #1279,Honk honk,goose_1279.png,Goose,Pink,Orange,Open,Black,Solid,Yes,Yes,Pink,No,None,No
1280,Robingoose #1280,Honk honk,goose_1280.png,Goose,Pink,Coral,Closed,Red,Two Tone,No,Yes,Pink,No,None,No
1281,Robingoose #1281,Honk honk,goose_1281.png,Goose,Yellow,Orange,Open,Green,Two Tone,Yes,Yes,Yellow,No,None,Yes
1282,Robingoose #1282,Honk honk,goose_1282.png,Goose,Lime,Sky Blue,Closed,Turquoise,Two Tone,No,Yes,Lime,No,None,No
1283,Robingoose #1283,Honk honk,goose_1283.png,Goose,Pink,Sky Blue,Open,Black,Solid,No,Yes,Pink,No,None,No
1284,Robingoose #1284,Honk honk,goose_1284.png,Goose,Salmon,Orange,Open,Yellow,Two Tone,No,Yes,Black,No,None,Yes
1285,Robingoose #1285,Honk honk,goose_1285.png,Goose,Green,Yellow,Closed,Black,Solid,No,Yes,Salmon,No,None,No
1286,Robingoose #1286,Honk honk,goose_1286.png,Goose,Sky Blue,White,Closed,Black,Solid,No,No,None,No,None,No
1287,Robingoose #1287,Honk honk,goose_1287.png,Goose,Coral,White,Open,Blue,Two Tone,No,No,None,No,None,No
1288,Robingoose #1288,Honk honk,goose_1288.png,Goose,Salmon,Orange,Closed,Coral,Two Tone,No,No,None,No,None,Yes
1289,Robingoose #1289,Honk honk,goose_1289.png,Goose,Orange,Green,Open,Turquoise,Two Tone,Yes,No,None,No,None,No
1290,Robingoose #1290,Honk honk,goose_1290.png,Goose,Green,Sky Blue,Closed,Black,Solid,No,Yes,Green,No,None,No
1291,Robingoose #1291,Honk honk,goose_1291.png,Goose,White,Black,Open,Pink,Solid,No,No,None,No,None,No
1292,Robingoose #1292,Honk honk,goose_1292.png,Goose,Purple,Blue,Open,Black,Solid,No,Yes,Purple,No,None,No
1293,Robingoose #1293,Honk honk,goose_1293.png,Goose,White,Yellow,Open,Salmon,Two Tone,No,No,None,Yes,Black,No
1294,Robingoose #1294,Honk honk,goose_1294.png,Goose,Red,Green,Closed,Salmon,Two Tone,No,Yes,Turquoise,No,None,Yes
1295,Robingoose #1295,Honk honk,goose_1295.png,Goose,Purple,Green,Closed,Black,Solid,No,No,None,No,None,No
1296,Robingoose #1296,Honk honk,goose_1296.png,Goose,Black,Yellow,Closed,Orange,Two Tone,No,Yes,Sky Blue,No,None,Yes
1297,Robingoose #1297,Honk honk,goose_1297.png,Goose,Coral,Orange,Open,Black,Solid,Yes,Yes,Coral,No,None,No
1298,Robingoose #1298,Honk honk,goose_1298.png,Goose,Orange,Pink,Open,Salmon,Two Tone,Yes,No,None,Yes,Yellow,No
1299,Robingoose #1299,Honk honk,goose_1299.png,Goose,White,Yellow,Open,Orange,Two Tone,No,No,None,Yes,Yellow,No
1300,Robingoose #1300,Honk honk,goose_1300.png,Goose,Lime,Purple,Closed,Black,Solid,No,No,None,No,None,No
1301,Robingoose #1301,Honk honk,goose_1301.png,Goose,Orange,Black,Open,Blue,Solid,Yes,No,None,No,None,No
1302,Robingoose #1302,Honk honk,goose_1302.png,Goose,Green,White,Open,Black,Solid,Yes,No,None,No,None,No
1303,Robingoose #1303,Honk honk,goose_1303.png,Goose,Purple,White,Closed,Black,Solid,No,No,None,No,None,No
1304,Robingoose #1304,Honk honk,goose_1304.png,Goose,Red,White,Open,Black,Solid,Yes,Yes,Red,No,None,No
1305,Robingoose #1305,Honk honk,goose_1305.png,Goose,Yellow,Orange,Open,Black,Solid,No,Yes,Turquoise,No,None,No
1306,Robingoose #1306,Honk honk,goose_1306.png,Goose,Blue,Red,Open,Lime,Two Tone,Yes,No,None,Yes,Black,No
1307,Robingoose #1307,Honk honk,goose_1307.png,Goose,Green,White,Open,Black,Solid,Yes,Yes,Green,No,None,No
1308,Robingoose #1308,Honk honk,goose_1308.png,Goose,White,Salmon,Closed,Black,Solid,No,Yes,Salmon,No,None,No
1309,Robingoose #1309,Honk honk,goose_1309.png,Goose,Yellow,Coral,Open,Black,Solid,No,Yes,Salmon,No,None,No
1310,Robingoose #1310,Honk honk,goose_1310.png,Goose,Salmon,Yellow,Open,Black,Solid,Yes,Yes,Lime,No,None,No
1311,Robingoose #1311,Honk honk,goose_1311.png,Goose,Coral,Orange,Open,Red,Two Tone,Yes,No,None,Yes,Black,No
1312,Robingoose #1312,Honk honk,goose_1312.png,Goose,Purple,Orange,Open,Black,Solid,Yes,No,None,No,None,No
1313,Robingoose #1313,Honk honk,goose_1313.png,Goose,Orange,Purple,Closed,Black,Solid,No,Yes,Orange,No,None,No
1314,Robingoose #1314,Honk honk,goose_1314.png,Goose,Sky Blue,Yellow,Open,Black,Solid,Yes,No,None,No,None,No
1315,Robingoose #1315,Honk honk,goose_1315.png,Goose,Orange,Turquoise,Closed,Coral,Two Tone,No,No,None,No,None,No
1316,Robingoose #1316,Honk honk,goose_1316.png,Goose,White,Black,Open,Green,Solid,Yes,No,None,No,None,No
1317,Robingoose #1317,Honk honk,goose_1317.png,Goose,White,Orange,Closed,Red,Two Tone,No,No,None,No,None,Yes
1318,Robingoose #1318,Honk honk,goose_1318.png,Goose,Salmon,Yellow,Closed,Purple,Two Tone,No,No,None,No,None,Yes
1319,Robingoose #1319,Honk honk,goose_1319.png,Goose,Sky Blue,Black,Closed,Purple,Solid,No,Yes,Sky Blue,No,None,No
1320,Robingoose #1320,Honk honk,goose_1320.png,Goose,Turquoise,Yellow,Open,Black,Solid,No,No,None,No,None,No
1321,Robingoose #1321,Honk honk,goose_1321.png,Goose,Red,Lime,Open,Black,Solid,Yes,No,None,No,None,No
1322,Robingoose #1322,Honk honk,goose_1322.png,Goose,Yellow,Coral,Closed,Black,Solid,No,No,None,No,None,No
1323,Robingoose #1323,Honk honk,goose_1323.png,Goose,White,Pink,Open,Orange,Two Tone,No,Yes,White,No,None,Yes
1324,Robingoose #1324,Honk honk,goose_1324.png,Goose,Lime,Orange,Open,Sky Blue,Two Tone,Yes,No,None,No,None,Yes
1325,Robingoose #1325,Honk honk,goose_1325.png,Goose,Pink,Orange,Closed,Purple,Two Tone,No,No,None,No,None,No
1326,Robingoose #1326,Honk honk,goose_1326.png,Goose,Orange,Purple,Open,Black,Solid,Yes,No,None,No,None,No
1327,Robingoose #1327,Honk honk,goose_1327.png,Goose,Purple,Sky Blue,Closed,Blue,Two Tone,No,No,None,No,None,No
1328,Robingoose #1328,Honk honk,goose_1328.png,Goose,Yellow,Sky Blue,Open,Salmon,Two Tone,Yes,No,None,No,None,No
1329,Robingoose #1329,Honk honk,goose_1329.png,Goose,Blue,Orange,Open,Pink,Two Tone,Yes,No,None,No,None,No
1330,Robingoose #1330,Honk honk,goose_1330.png,Goose,Pink,Turquoise,Open,Black,Solid,No,Yes,Pink,No,None,No
1331,Robingoose #1331,Honk honk,goose_1331.png,Goose,Lime,Black,Closed,White,Two Tone,No,No,None,No,None,No
1332,Robingoose #1332,Honk honk,goose_1332.png,Goose,Red,Yellow,Closed,Black,Solid,No,Yes,Coral,No,None,No
1333,Robingoose #1333,Honk honk,goose_1333.png,Goose,Coral,Yellow,Open,Black,Solid,No,Yes,Coral,No,None,No
1334,Robingoose #1334,Honk honk,goose_1334.png,Goose,Coral,Turquoise,Closed,Yellow,Two Tone,No,Yes,Coral,No,None,Yes
1335,Robingoose #1335,Honk honk,goose_1335.png,Goose,White,Orange,Open,Sky Blue,Two Tone,No,No,None,No,None,Yes
1336,Robingoose #1336,Honk honk,goose_1336.png,Goose,White,Orange,Closed,Blue,Two Tone,No,Yes,White,No,None,No
1337,Robingoose #1337,Honk honk,goose_1337.png,Goose,Blue,Red,Open,Yellow,Two Tone,No,Yes,Blue,No,None,Yes
1338,Robingoose #1338,Honk honk,goose_1338.png,Goose,Red,Black,Open,Green,Solid,Yes,No,None,No,None,No
1339,Robingoose #1339,Honk honk,goose_1339.png,Goose,Blue,Yellow,Closed,Red,Two Tone,No,No,None,Yes,Black,No
1340,Robingoose #1340,Honk honk,goose_1340.png,Goose,Black,Coral,Closed,Red,Two Tone,No,No,None,Yes,Yellow,No
1341,Robingoose #1341,Honk honk,goose_1341.png,Goose,Blue,Yellow,Closed,White,Two Tone,No,No,None,Yes,Black,No
1342,Robingoose #1342,Honk honk,goose_1342.png,Goose,White,Lime,Open,Blue,Two Tone,Yes,Yes,White,No,None,Yes
1343,Robingoose #1343,Honk honk,goose_1343.png,Goose,Turquoise,Yellow,Open,Purple,Two Tone,Yes,Yes,Turquoise,No,None,No
1344,Robingoose #1344,Honk honk,goose_1344.png,Goose,Sky Blue,Yellow,Closed,Blue,Two Tone,No,Yes,Purple,No,None,No
1345,Robingoose #1345,Honk honk,goose_1345.png,Goose,White,Yellow,Closed,Sky Blue,Two Tone,No,No,None,No,None,No
1346,Robingoose #1346,Honk honk,goose_1346.png,Goose,Lime,Purple,Open,Red,Two Tone,No,No,None,No,None,No
1347,Robingoose #1347,Honk honk,goose_1347.png,Goose,White,Blue,Open,Black,Solid,Yes,Yes,White,No,None,No
1348,Robingoose #1348,Honk honk,goose_1348.png,Goose,Blue,Coral,Open,Black,Solid,No,Yes,Blue,No,None,No
1349,Robingoose #1349,Honk honk,goose_1349.png,Goose,Turquoise,Green,Open,Black,Solid,No,Yes,Sky Blue,No,None,No
1350,Robingoose #1350,Honk honk,goose_1350.png,Goose,Salmon,Black,Closed,Sky Blue,Solid,No,No,None,No,None,No
1351,Robingoose #1351,Honk honk,goose_1351.png,Goose,Pink,Yellow,Open,Black,Solid,Yes,No,None,No,None,No
1352,Robingoose #1352,Honk honk,goose_1352.png,Goose,Green,Coral,Open,Black,Solid,No,Yes,Green,No,None,No
1353,Robingoose #1353,Honk honk,goose_1353.png,Goose,Orange,Lime,Closed,Blue,Two Tone,No,No,None,No,None,Yes
1354,Robingoose #1354,Honk honk,goose_1354.png,Goose,White,Salmon,Open,Black,Solid,No,No,None,No,None,No
1355,Robingoose #1355,Honk honk,goose_1355.png,Goose,White,Yellow,Open,Green,Two Tone,No,No,None,No,None,Yes
1356,Robingoose #1356,Honk honk,goose_1356.png,Goose,Purple,Coral,Open,Black,Solid,No,No,None,No,None,No
1357,Robingoose #1357,Honk honk,goose_1357.png,Goose,Coral,Orange,Open,Black,Solid,No,No,None,No,None,No
1358,Robingoose #1358,Honk honk,goose_1358.png,Goose,Orange,White,Open,Blue,Two Tone,No,No,None,Yes,Black,No
1359,Robingoose #1359,Honk honk,goose_1359.png,Goose,Purple,Black,Open,Blue,Solid,No,No,None,No,None,No
1360,Robingoose #1360,Honk honk,goose_1360.png,Goose,White,Orange,Closed,Coral,Two Tone,No,No,None,No,None,Yes
1361,Robingoose #1361,Honk honk,goose_1361.png,Goose,Salmon,Purple,Closed,Pink,Two Tone,No,No,None,Yes,Yellow,No
1362,Robingoose #1362,Honk honk,goose_1362.png,Goose,White,Black,Closed,Salmon,Solid,No,No,None,No,None,No
1363,Robingoose #1363,Honk honk,goose_1363.png,Goose,Black,Lime,Open,Red,Solid,Yes,No,None,No,None,No
1364,Robingoose #1364,Honk honk,goose_1364.png,Goose,Lime,Red,Closed,Black,Solid,No,No,None,No,None,No
1365,Robingoose #1365,Honk honk,goose_1365.png,Goose,Coral,Yellow,Open,Red,Two Tone,Yes,Yes,Coral,No,None,No
1366,Robingoose #1366,Honk honk,goose_1366.png,Goose,Sky Blue,Yellow,Open,Black,Solid,Yes,Yes,Sky Blue,No,None,No
1367,Robingoose #1367,Honk honk,goose_1367.png,Goose,Green,Yellow,Open,Black,Solid,Yes,Yes,Green,No,None,No
1368,Robingoose #1368,Honk honk,goose_1368.png,Goose,Pink,Orange,Open,Lime,Two Tone,No,No,None,Yes,Black,No
1369,Robingoose #1369,Honk honk,goose_1369.png,Goose,White,Coral,Closed,Yellow,Two Tone,No,No,None,Yes,Black,No
1370,Robingoose #1370,Honk honk,goose_1370.png,Goose,Lime,Red,Open,Orange,Two Tone,Yes,No,None,No,None,No
1371,Robingoose #1371,Honk honk,goose_1371.png,Goose,White,Black,Closed,Turquoise,Two Tone,No,No,None,Yes,Yellow,No
1372,Robingoose #1372,Honk honk,goose_1372.png,Goose,Coral,Black,Closed,Salmon,Solid,No,No,None,No,None,No
1373,Robingoose #1373,Honk honk,goose_1373.png,Goose,Lime,Coral,Closed,Salmon,Two Tone,No,No,None,No,None,No
1374,Robingoose #1374,Honk honk,goose_1374.png,Goose,Lime,Turquoise,Closed,Pink,Two Tone,No,No,None,No,None,No
1375,Robingoose #1375,Honk honk,goose_1375.png,Goose,Yellow,Salmon,Open,Orange,Two Tone,Yes,No,None,No,None,No
1376,Robingoose #1376,Honk honk,goose_1376.png,Goose,Lime,Pink,Closed,Orange,Two Tone,No,Yes,Lime,No,None,No
1377,Robingoose #1377,Honk honk,goose_1377.png,Goose,Salmon,White,Open,Black,Solid,Yes,Yes,Turquoise,No,None,No
1378,Robingoose #1378,Honk honk,goose_1378.png,Goose,White,Yellow,Open,Turquoise,Two Tone,No,No,None,No,None,No
1379,Robingoose #1379,Honk honk,goose_1379.png,Goose,Green,Orange,Open,Black,Solid,No,No,None,No,None,No
1380,Robingoose #1380,Honk honk,goose_1380.png,Goose,Black,Green,Open,Red,Solid,Yes,Yes,Salmon,No,None,No
1381,Robingoose #1381,Honk honk,goose_1381.png,Goose,White,Salmon,Open,Pink,Two Tone,No,Yes,White,No,None,Yes
1382,Robingoose #1382,Honk honk,goose_1382.png,Goose,Lime,Salmon,Closed,Black,Solid,No,No,None,No,None,No
1383,Robingoose #1383,Honk honk,goose_1383.png,Goose,Orange,Coral,Open,Black,Solid,No,No,None,No,None,No
1384,Robingoose #1384,Honk honk,goose_1384.png,Goose,Green,Salmon,Closed,Black,Solid,No,Yes,Green,No,None,No
1385,Robingoose #1385,Honk honk,goose_1385.png,Goose,Sky Blue,Orange,Closed,Salmon,Two Tone,No,Yes,Sky Blue,No,None,Yes
1386,Robingoose #1386,Honk honk,goose_1386.png,Goose,White,Coral,Closed,Green,Two Tone,No,No,None,No,None,No
1387,Robingoose #1387,Honk honk,goose_1387.png,Goose,Sky Blue,Black,Open,Green,Two Tone,Yes,Yes,Sky Blue,No,None,No
1388,Robingoose #1388,Honk honk,goose_1388.png,Goose,Red,Blue,Open,Yellow,Two Tone,Yes,No,None,No,None,No
1389,Robingoose #1389,Honk honk,goose_1389.png,Goose,Turquoise,Green,Closed,Black,Solid,No,Yes,Turquoise,No,None,No
1390,Robingoose #1390,Honk honk,goose_1390.png,Goose,Purple,Pink,Open,Black,Solid,Yes,Yes,Purple,No,None,No
1391,Robingoose #1391,Honk honk,goose_1391.png,Goose,Coral,Sky Blue,Open,Salmon,Two Tone,Yes,No,None,Yes,Black,No
1392,Robingoose #1392,Honk honk,goose_1392.png,Goose,White,Orange,Closed,Pink,Two Tone,No,No,None,No,None,No
1393,Robingoose #1393,Honk honk,goose_1393.png,Goose,Orange,White,Open,Black,Solid,No,No,None,No,None,No
1394,Robingoose #1394,Honk honk,goose_1394.png,Goose,Orange,Yellow,Open,Black,Solid,Yes,Yes,Yellow,No,None,No
1395,Robingoose #1395,Honk honk,goose_1395.png,Goose,Black,Lime,Closed,Coral,Two Tone,No,No,None,No,None,Yes
1396,Robingoose #1396,Honk honk,goose_1396.png,Goose,Coral,Pink,Closed,Purple,Two Tone,No,No,None,Yes,Black,No
1397,Robingoose #1397,Honk honk,goose_1397.png,Goose,Purple,Pink,Open,Black,Solid,No,Yes,Orange,No,None,No
1398,Robingoose #1398,Honk honk,goose_1398.png,Goose,Blue,Orange,Closed,White,Two Tone,No,Yes,Blue,No,None,No
1399,Robingoose #1399,Honk honk,goose_1399.png,Goose,White,Turquoise,Open,Yellow,Two Tone,No,Yes,White,No,None,No
1400,Robingoose #1400,Honk honk,goose_1400.png,Goose,Blue,Orange,Open,Black,Solid,Yes,No,None,No,None,No
1401,Robingoose #1401,Honk honk,goose_1401.png,Goose,Lime,Orange,Open,Black,Solid,Yes,Yes,Purple,No,None,No
1402,Robingoose #1402,Honk honk,goose_1402.png,Goose,Pink,Yellow,Open,Black,Solid,No,Yes,Coral,No,None,No
1403,Robingoose #1403,Honk honk,goose_1403.png,Goose,Red,Pink,Open,Black,Solid,No,Yes,Red,No,None,No
1404,Robingoose #1404,Honk honk,goose_1404.png,Goose,Lime,Green,Closed,Turquoise,Two Tone,No,Yes,Lime,No,None,No
1405,Robingoose #1405,Honk honk,goose_1405.png,Goose,Red,Green,Closed,Black,Solid,No,No,None,No,None,No
1406,Robingoose #1406,Honk honk,goose_1406.png,Goose,Black,Blue,Closed,White,Solid,No,Yes,Orange,No,None,No
1407,Robingoose #1407,Honk honk,goose_1407.png,Goose,White,Pink,Open,Black,Solid,Yes,Yes,Yellow,No,None,No
1408,Robingoose #1408,Honk honk,goose_1408.png,Goose,White,Salmon,Closed,Lime,Two Tone,No,Yes,White,No,None,No
1409,Robingoose #1409,Honk honk,goose_1409.png,Goose,Green,Yellow,Open,Black,Solid,No,Yes,Green,No,None,No
1410,Robingoose #1410,Honk honk,goose_1410.png,Goose,Orange,Turquoise,Open,Black,Solid,No,No,None,No,None,No
1411,Robingoose #1411,Honk honk,goose_1411.png,Goose,Orange,Pink,Closed,Lime,Two Tone,No,No,None,No,None,No
1412,Robingoose #1412,Honk honk,goose_1412.png,Goose,Blue,Yellow,Closed,Salmon,Two Tone,No,No,None,Yes,Black,No
1413,Robingoose #1413,Honk honk,goose_1413.png,Goose,Purple,Pink,Closed,Black,Solid,No,Yes,Purple,No,None,No
1414,Robingoose #1414,Honk honk,goose_1414.png,Goose,Orange,Yellow,Open,Black,Solid,Yes,Yes,Orange,No,None,No
1415,Robingoose #1415,Honk honk,goose_1415.png,Goose,Coral,Red,Closed,Salmon,Two Tone,No,No,None,No,None,No
1416,Robingoose #1416,Honk honk,goose_1416.png,Goose,Blue,Yellow,Closed,Pink,Two Tone,No,Yes,Yellow,No,None,No
1417,Robingoose #1417,Honk honk,goose_1417.png,Goose,Orange,Green,Closed,Purple,Two Tone,No,Yes,Coral,No,None,Yes
1418,Robingoose #1418,Honk honk,goose_1418.png,Goose,Blue,Coral,Open,White,Two Tone,No,Yes,Blue,No,None,Yes
1419,Robingoose #1419,Honk honk,goose_1419.png,Goose,Sky Blue,Orange,Open,Green,Two Tone,No,Yes,Sky Blue,No,None,Yes
1420,Robingoose #1420,Honk honk,goose_1420.png,Goose,Coral,Turquoise,Closed,Black,Solid,No,Yes,Red,No,None,No
1421,Robingoose #1421,Honk honk,goose_1421.png,Goose,Sky Blue,Orange,Closed,Turquoise,Two Tone,No,No,None,Yes,Black,No
1422,Robingoose #1422,Honk honk,goose_1422.png,Goose,Yellow,Blue,Open,Orange,Two Tone,No,Yes,Yellow,No,None,Yes
1423,Robingoose #1423,Honk honk,goose_1423.png,Goose,Yellow,Orange,Open,Blue,Two Tone,Yes,Yes,Pink,No,None,No
1424,Robingoose #1424,Honk honk,goose_1424.png,Goose,Blue,White,Open,Green,Two Tone,Yes,No,None,Yes,Black,No
1425,Robingoose #1425,Honk honk,goose_1425.png,Goose,Turquoise,Purple,Open,Black,Solid,Yes,Yes,Turquoise,No,None,No
1426,Robingoose #1426,Honk honk,goose_1426.png,Goose,Yellow,Red,Closed,Black,Solid,No,No,None,No,None,No
1427,Robingoose #1427,Honk honk,goose_1427.png,Goose,Turquoise,Yellow,Closed,Black,Solid,No,Yes,Orange,No,None,No
1428,Robingoose #1428,Honk honk,goose_1428.png,Goose,Salmon,Red,Open,Black,Solid,No,Yes,White,No,None,No
1429,Robingoose #1429,Honk honk,goose_1429.png,Goose,Orange,White,Open,Black,Solid,Yes,No,None,No,None,No
1430,Robingoose #1430,Honk honk,goose_1430.png,Goose,Blue,Red,Open,Black,Solid,Yes,No,None,No,None,No
1431,Robingoose #1431,Honk honk,goose_1431.png,Goose,Yellow,Turquoise,Closed,Black,Solid,No,No,None,No,None,No
1432,Robingoose #1432,Honk honk,goose_1432.png,Goose,Lime,Turquoise,Open,Black,Solid,No,No,None,No,None,No
1433,Robingoose #1433,Honk honk,goose_1433.png,Goose,Turquoise,Yellow,Open,Black,Solid,No,Yes,Lime,No,None,No
1434,Robingoose #1434,Honk honk,goose_1434.png,Goose,Yellow,Red,Closed,Black,Solid,No,Yes,Pink,No,None,No
1435,Robingoose #1435,Honk honk,goose_1435.png,Goose,Black,Yellow,Closed,White,Solid,No,Yes,Coral,No,None,No
1436,Robingoose #1436,Honk honk,goose_1436.png,Goose,Pink,Orange,Closed,Coral,Two Tone,No,No,None,No,None,No
1437,Robingoose #1437,Honk honk,goose_1437.png,Goose,Orange,Black,Open,Pink,Solid,No,No,None,No,None,No
1438,Robingoose #1438,Honk honk,goose_1438.png,Goose,White,Yellow,Open,Red,Two Tone,No,Yes,Turquoise,No,None,Yes
1439,Robingoose #1439,Honk honk,goose_1439.png,Goose,Red,Yellow,Open,Black,Solid,Yes,Yes,Green,No,None,No
1440,Robingoose #1440,Honk honk,goose_1440.png,Goose,Black,Turquoise,Closed,Red,Solid,No,No,None,No,None,No
1441,Robingoose #1441,Honk honk,goose_1441.png,Goose,Red,Lime,Open,Pink,Two Tone,No,Yes,Red,No,None,No
1442,Robingoose #1442,Honk honk,goose_1442.png,Goose,Coral,Orange,Open,Pink,Two Tone,No,No,None,No,None,Yes
1443,Robingoose #1443,Honk honk,goose_1443.png,Goose,Orange,Red,Open,Black,Solid,Yes,No,None,No,None,No
1444,Robingoose #1444,Honk honk,goose_1444.png,Goose,White,Pink,Open,Lime,Two Tone,Yes,No,None,No,None,No
1445,Robingoose #1445,Honk honk,goose_1445.png,Goose,Salmon,Coral,Closed,Black,Solid,No,Yes,Blue,No,None,No
1446,Robingoose #1446,Honk honk,goose_1446.png,Goose,White,Pink,Open,Orange,Two Tone,No,No,None,No,None,No
1447,Robingoose #1447,Honk honk,goose_1447.png,Goose,Blue,Coral,Open,Black,Solid,No,Yes,Blue,No,None,No
1448,Robingoose #1448,Honk honk,goose_1448.png,Goose,Lime,Orange,Open,Black,Solid,Yes,Yes,Green,No,None,No
1449,Robingoose #1449,Honk honk,goose_1449.png,Goose,Turquoise,Yellow,Closed,Coral,Two Tone,No,Yes,Turquoise,No,None,No
1450,Robingoose #1450,Honk honk,goose_1450.png,Goose,Coral,Orange,Open,Purple,Two Tone,No,Yes,Coral,No,None,Yes
1451,Robingoose #1451,Honk honk,goose_1451.png,Goose,Sky Blue,Yellow,Open,White,Two Tone,Yes,No,None,No,None,Yes
1452,Robingoose #1452,Honk honk,goose_1452.png,Goose,Salmon,Orange,Closed,Purple,Two Tone,No,No,None,No,None,Yes
1453,Robingoose #1453,Honk honk,goose_1453.png,Goose,Coral,Orange,Closed,Yellow,Two Tone,No,No,None,No,None,Yes
1454,Robingoose #1454,Honk honk,goose_1454.png,Goose,Sky Blue,Turquoise,Open,Black,Solid,No,No,None,No,None,No
1455,Robingoose #1455,Honk honk,goose_1455.png,Goose,White,Purple,Closed,Black,Solid,No,Yes,Black,No,None,No
1456,Robingoose #1456,Honk honk,goose_1456.png,Goose,Sky Blue,Purple,Closed,Black,Solid,No,Yes,Green,No,None,No
1457,Robingoose #1457,Honk honk,goose_1457.png,Goose,Salmon,Red,Closed,Black,Solid,No,Yes,Salmon,No,None,No
1458,Robingoose #1458,Honk honk,goose_1458.png,Goose,Blue,Coral,Open,Black,Solid,Yes,Yes,Turquoise,No,None,No
1459,Robingoose #1459,Honk honk,goose_1459.png,Goose,Salmon,Orange,Open,Pink,Two Tone,Yes,No,None,Yes,Black,No
1460,Robingoose #1460,Honk honk,goose_1460.png,Goose,Blue,Yellow,Closed,Green,Two Tone,No,No,None,No,None,No
1461,Robingoose #1461,Honk honk,goose_1461.png,Goose,Pink,Orange,Open,Black,Solid,No,No,None,No,None,No
1462,Robingoose #1462,Honk honk,goose_1462.png,Goose,Purple,Pink,Closed,Orange,Two Tone,No,No,None,Yes,Black,No
1463,Robingoose #1463,Honk honk,goose_1463.png,Goose,Pink,Black,Open,Green,Solid,No,No,None,No,None,No
1464,Robingoose #1464,Honk honk,goose_1464.png,Goose,Pink,Black,Open,White,Two Tone,No,Yes,Turquoise,No,None,Yes
1465,Robingoose #1465,Honk honk,goose_1465.png,Goose,Turquoise,Blue,Closed,Yellow,Two Tone,No,Yes,Turquoise,No,None,Yes
1466,Robingoose #1466,Honk honk,goose_1466.png,Goose,Orange,Yellow,Open,Black,Solid,Yes,No,None,No,None,No
1467,Robingoose #1467,Honk honk,goose_1467.png,Goose,White,Sky Blue,Closed,Green,Two Tone,No,No,None,No,None,Yes
1468,Robingoose #1468,Honk honk,goose_1468.png,Goose,Black,Orange,Open,White,Solid,Yes,No,None,No,None,No
1469,Robingoose #1469,Honk honk,goose_1469.png,Goose,Black,Turquoise,Open,White,Solid,Yes,No,None,No,None,No
1470,Robingoose #1470,Honk honk,goose_1470.png,Goose,Purple,Yellow,Closed,Blue,Two Tone,No,Yes,Purple,No,None,Yes
1471,Robingoose #1471,Honk honk,goose_1471.png,Goose,Black,Orange,Open,Red,Solid,No,No,None,No,None,No
1472,Robingoose #1472,Honk honk,goose_1472.png,Goose,White,Pink,Closed,Blue,Two Tone,No,Yes,White,No,None,No
1473,Robingoose #1473,Honk honk,goose_1473.png,Goose,Purple,Turquoise,Closed,Salmon,Two Tone,No,Yes,Purple,No,None,No
1474,Robingoose #1474,Honk honk,goose_1474.png,Goose,Green,Blue,Closed,Black,Solid,No,Yes,Green,No,None,No
1475,Robingoose #1475,Honk honk,goose_1475.png,Goose,Lime,Purple,Open,Black,Solid,Yes,No,None,No,None,No
1476,Robingoose #1476,Honk honk,goose_1476.png,Goose,Pink,Lime,Open,Black,Solid,No,Yes,White,No,None,No
1477,Robingoose #1477,Honk honk,goose_1477.png,Goose,Coral,Green,Open,Salmon,Two Tone,No,Yes,Coral,No,None,Yes
1478,Robingoose #1478,Honk honk,goose_1478.png,Goose,Yellow,Orange,Open,Coral,Two Tone,Yes,No,None,No,None,No
1479,Robingoose #1479,Honk honk,goose_1479.png,Goose,Lime,Blue,Open,Black,Solid,Yes,No,None,No,None,No
1480,Robingoose #1480,Honk honk,goose_1480.png,Goose,Purple,Lime,Open,Blue,Two Tone,No,Yes,Purple,No,None,Yes
1481,Robingoose #1481,Honk honk,goose_1481.png,Goose,Purple,Blue,Closed,Yellow,Two Tone,No,No,None,No,None,No
1482,Robingoose #1482,Honk honk,goose_1482.png,Goose,Red,Purple,Open,Black,Solid,Yes,No,None,No,None,No
1483,Robingoose #1483,Honk honk,goose_1483.png,Goose,Green,Purple,Closed,Coral,Two Tone,No,No,None,No,None,No
1484,Robingoose #1484,Honk honk,goose_1484.png,Goose,Orange,Red,Open,Black,Solid,Yes,Yes,Orange,No,None,No
1485,Robingoose #1485,Honk honk,goose_1485.png,Goose,Sky Blue,Orange,Open,Yellow,Two Tone,No,Yes,Sky Blue,No,None,Yes
1486,Robingoose #1486,Honk honk,goose_1486.png,Goose,Red,Purple,Closed,Black,Solid,No,No,None,No,None,No
1487,Robingoose #1487,Honk honk,goose_1487.png,Goose,White,Yellow,Open,Turquoise,Two Tone,Yes,Yes,Yellow,No,None,No
1488,Robingoose #1488,Honk honk,goose_1488.png,Goose,Salmon,Yellow,Open,Black,Solid,No,Yes,Red,No,None,No
1489,Robingoose #1489,Honk honk,goose_1489.png,Goose,Lime,Salmon,Closed,Black,Solid,No,Yes,Blue,No,None,No
1490,Robingoose #1490,Honk honk,goose_1490.png,Goose,Orange,Turquoise,Open,Lime,Two Tone,Yes,No,None,No,None,Yes
1491,Robingoose #1491,Honk honk,goose_1491.png,Goose,Yellow,Orange,Open,Turquoise,Two Tone,No,Yes,Purple,No,None,No
1492,Robingoose #1492,Honk honk,goose_1492.png,Goose,Yellow,Orange,Open,Red,Two Tone,Yes,Yes,Yellow,No,None,No
1493,Robingoose #1493,Honk honk,goose_1493.png,Goose,White,Turquoise,Open,Green,Two Tone,No,No,None,Yes,Black,No
1494,Robingoose #1494,Honk honk,goose_1494.png,Goose,White,Yellow,Closed,Green,Two Tone,No,No,None,Yes,Black,No
1495,Robingoose #1495,Honk honk,goose_1495.png,Goose,White,Purple,Open,Orange,Two Tone,Yes,No,None,No,None,No
1496,Robingoose #1496,Honk honk,goose_1496.png,Goose,Green,Yellow,Open,Red,Two Tone,No,No,None,No,None,Yes
1497,Robingoose #1497,Honk honk,goose_1497.png,Goose,Salmon,Green,Open,Blue,Two Tone,No,No,None,No,None,No
1498,Robingoose #1498,Honk honk,goose_1498.png,Goose,Turquoise,Purple,Open,Black,Solid,No,Yes,Turquoise,No,None,No
1499,Robingoose #1499,Honk honk,goose_1499.png,Goose,Coral,Yellow,Open,Salmon,Two Tone,Yes,No,None,Yes,Black,No
1500,Robingoose #1500,Honk honk,goose_1500.png,Goose,Pink,Yellow,Closed,Orange,Two Tone,No,Yes,Pink,No,None,No
1501,Robingoose #1501,Honk honk,goose_1501.png,Goose,Black,Sky Blue,Open,White,Solid,Yes,No,None,No,None,No
1502,Robingoose #1502,Honk honk,goose_1502.png,Goose,Coral,Orange,Closed,Salmon,Two Tone,No,No,None,No,None,Yes
1503,Robingoose #1503,Honk honk,goose_1503.png,Goose,White,Yellow,Open,Black,Solid,Yes,Yes,Coral,No,None,No
1504,Robingoose #1504,Honk honk,goose_1504.png,Goose,Turquoise,Pink,Open,Black,Solid,Yes,No,None,No,None,No
1505,Robingoose #1505,Honk honk,goose_1505.png,Goose,Black,Orange,Closed,Yellow,Two Tone,No,No,None,No,None,No
1506,Robingoose #1506,Honk honk,goose_1506.png,Goose,Purple,Green,Open,Orange,Two Tone,No,No,None,No,None,No
1507,Robingoose #1507,Honk honk,goose_1507.png,Goose,White,Coral,Open,Black,Solid,No,No,None,No,None,No
1508,Robingoose #1508,Honk honk,goose_1508.png,Goose,White,Coral,Open,Purple,Two Tone,No,No,None,No,None,No
1509,Robingoose #1509,Honk honk,goose_1509.png,Goose,Turquoise,Orange,Open,Sky Blue,Two Tone,Yes,No,None,Yes,Black,No
1510,Robingoose #1510,Honk honk,goose_1510.png,Goose,Turquoise,Coral,Closed,Black,Solid,No,No,None,No,None,No
1511,Robingoose #1511,Honk honk,goose_1511.png,Goose,White,Pink,Open,Black,Solid,No,No,None,No,None,No
1512,Robingoose #1512,Honk honk,goose_1512.png,Goose,Black,Red,Open,Pink,Two Tone,Yes,No,None,No,None,No
1513,Robingoose #1513,Honk honk,goose_1513.png,Goose,Turquoise,Black,Open,Pink,Solid,Yes,Yes,Turquoise,No,None,No
1514,Robingoose #1514,Honk honk,goose_1514.png,Goose,Blue,Yellow,Closed,Black,Solid,No,Yes,Pink,No,None,No
1515,Robingoose #1515,Honk honk,goose_1515.png,Goose,Salmon,Yellow,Open,Coral,Two Tone,No,No,None,Yes,Yellow,No
1516,Robingoose #1516,Honk honk,goose_1516.png,Goose,Orange,Sky Blue,Open,Black,Solid,No,No,None,No,None,No
1517,Robingoose #1517,Honk honk,goose_1517.png,Goose,Sky Blue,Green,Open,Black,Solid,No,Yes,Salmon,No,None,No
1518,Robingoose #1518,Honk honk,goose_1518.png,Goose,Lime,Coral,Open,Orange,Two Tone,No,No,None,No,None,No
1519,Robingoose #1519,Honk honk,goose_1519.png,Goose,Salmon,Purple,Open,Black,Solid,No,Yes,Turquoise,No,None,No
1520,Robingoose #1520,Honk honk,goose_1520.png,Goose,Black,Coral,Closed,Purple,Two Tone,No,Yes,Black,No,None,No
1521,Robingoose #1521,Honk honk,goose_1521.png,Goose,Pink,Yellow,Closed,Coral,Two Tone,No,Yes,Red,No,None,No
1522,Robingoose #1522,Honk honk,goose_1522.png,Goose,Purple,Black,Closed,Red,Solid,No,Yes,Turquoise,No,None,No
1523,Robingoose #1523,Honk honk,goose_1523.png,Goose,Green,Sky Blue,Open,Yellow,Two Tone,Yes,No,None,Yes,Black,No
1524,Robingoose #1524,Honk honk,goose_1524.png,Goose,Salmon,White,Closed,Coral,Two Tone,No,Yes,Turquoise,No,None,No
1525,Robingoose #1525,Honk honk,goose_1525.png,Goose,Salmon,Black,Open,Orange,Two Tone,No,Yes,Salmon,No,None,Yes
1526,Robingoose #1526,Honk honk,goose_1526.png,Goose,Green,Blue,Closed,Red,Two Tone,No,Yes,Green,No,None,Yes
1527,Robingoose #1527,Honk honk,goose_1527.png,Goose,Sky Blue,Orange,Open,Black,Solid,No,No,None,No,None,No
1528,Robingoose #1528,Honk honk,goose_1528.png,Goose,White,Lime,Closed,Salmon,Two Tone,No,No,None,No,None,Yes
1529,Robingoose #1529,Honk honk,goose_1529.png,Goose,Red,Sky Blue,Closed,Coral,Two Tone,No,No,None,No,None,No
1530,Robingoose #1530,Honk honk,goose_1530.png,Goose,Black,Coral,Closed,Red,Solid,No,No,None,No,None,No
1531,Robingoose #1531,Honk honk,goose_1531.png,Goose,Salmon,Orange,Open,Sky Blue,Two Tone,No,No,None,No,None,No
1532,Robingoose #1532,Honk honk,goose_1532.png,Goose,White,Orange,Open,Yellow,Two Tone,No,No,None,No,None,No
1533,Robingoose #1533,Honk honk,goose_1533.png,Goose,Purple,Blue,Open,Red,Two Tone,No,No,None,No,None,No
1534,Robingoose #1534,Honk honk,goose_1534.png,Goose,Purple,Black,Open,Sky Blue,Solid,No,No,None,No,None,No
1535,Robingoose #1535,Honk honk,goose_1535.png,Goose,Yellow,White,Open,Black,Solid,Yes,No,None,No,None,No
1536,Robingoose #1536,Honk honk,goose_1536.png,Goose,Salmon,Orange,Open,Red,Two Tone,No,No,None,No,None,No
1537,Robingoose #1537,Honk honk,goose_1537.png,Goose,Salmon,Blue,Closed,Black,Solid,No,No,None,No,None,No
1538,Robingoose #1538,Honk honk,goose_1538.png,Goose,Orange,Yellow,Open,Black,Solid,Yes,Yes,Blue,No,None,No
1539,Robingoose #1539,Honk honk,goose_1539.png,Goose,Lime,Coral,Closed,Sky Blue,Two Tone,No,No,None,No,None,No
1540,Robingoose #1540,Honk honk,goose_1540.png,Goose,Salmon,Sky Blue,Open,Black,Solid,Yes,No,None,No,None,No
1541,Robingoose #1541,Honk honk,goose_1541.png,Goose,Turquoise,Black,Closed,Purple,Two Tone,No,No,None,No,None,Yes
1542,Robingoose #1542,Honk honk,goose_1542.png,Goose,Turquoise,Lime,Open,Black,Solid,Yes,No,None,No,None,No
1543,Robingoose #1543,Honk honk,goose_1543.png,Goose,White,Purple,Open,Black,Solid,No,Yes,White,No,None,No
1544,Robingoose #1544,Honk honk,goose_1544.png,Goose,Pink,Orange,Open,Purple,Two Tone,No,No,None,No,None,Yes
1545,Robingoose #1545,Honk honk,goose_1545.png,Goose,Orange,Blue,Closed,Black,Solid,No,Yes,Orange,No,None,No
1546,Robingoose #1546,Honk honk,goose_1546.png,Goose,Blue,Turquoise,Closed,Black,Solid,No,Yes,White,No,None,No
1547,Robingoose #1547,Honk honk,goose_1547.png,Goose,Pink,Green,Open,Black,Solid,No,No,None,No,None,No
1548,Robingoose #1548,Honk honk,goose_1548.png,Goose,Sky Blue,Pink,Open,Black,Solid,No,No,None,No,None,No
1549,Robingoose #1549,Honk honk,goose_1549.png,Goose,Yellow,Orange,Closed,Black,Solid,No,Yes,Lime,No,None,No
1550,Robingoose #1550,Honk honk,goose_1550.png,Goose,Orange,Yellow,Closed,Sky Blue,Two Tone,No,Yes,Orange,No,None,Yes
1551,Robingoose #1551,Honk honk,goose_1551.png,Goose,Blue,Sky Blue,Open,Salmon,Two Tone,No,No,None,Yes,Black,No
1552,Robingoose #1552,Honk honk,goose_1552.png,Goose,White,Yellow,Open,Blue,Two Tone,No,No,None,No,None,Yes
1553,Robingoose #1553,Honk honk,goose_1553.png,Goose,Yellow,Red,Open,Coral,Two Tone,Yes,No,None,No,None,No
1554,Robingoose #1554,Honk honk,goose_1554.png,Goose,Green,Blue,Closed,Black,Solid,No,No,None,No,None,No
1555,Robingoose #1555,Honk honk,goose_1555.png,Goose,Sky Blue,Orange,Closed,Purple,Two Tone,No,No,None,No,None,Yes
1556,Robingoose #1556,Honk honk,goose_1556.png,Goose,Blue,Pink,Open,Salmon,Two Tone,Yes,Yes,Blue,No,None,No
1557,Robingoose #1557,Honk honk,goose_1557.png,Goose,Red,Orange,Open,White,Two Tone,Yes,Yes,Red,No,None,No
1558,Robingoose #1558,Honk honk,goose_1558.png,Goose,White,Purple,Closed,Black,Solid,No,No,None,No,None,No
1559,Robingoose #1559,Honk honk,goose_1559.png,Goose,Green,Blue,Open,Black,Solid,No,Yes,Green,No,None,No
1560,Robingoose #1560,Honk honk,goose_1560.png,Goose,White,Pink,Open,Black,Solid,No,No,None,No,None,No
1561,Robingoose #1561,Honk honk,goose_1561.png,Goose,Sky Blue,Turquoise,Open,Black,Solid,No,Yes,Sky Blue,No,None,No
1562,Robingoose #1562,Honk honk,goose_1562.png,Goose,Orange,Black,Closed,Turquoise,Two Tone,No,No,None,Yes,Yellow,No
1563,Robingoose #1563,Honk honk,goose_1563.png,Goose,Green,Yellow,Open,Turquoise,Two Tone,Yes,Yes,Green,No,None,No
1564,Robingoose #1564,Honk honk,goose_1564.png,Goose,Salmon,Yellow,Open,Red,Two Tone,Yes,No,None,Yes,Yellow,No
1565,Robingoose #1565,Honk honk,goose_1565.png,Goose,Pink,Lime,Closed,Black,Solid,No,Yes,Pink,No,None,No
1566,Robingoose #1566,Honk honk,goose_1566.png,Goose,Coral,Black,Closed,Turquoise,Solid,No,No,None,No,None,No
1567,Robingoose #1567,Honk honk,goose_1567.png,Goose,Turquoise,Red,Closed,Black,Solid,No,Yes,Turquoise,No,None,No
1568,Robingoose #1568,Honk honk,goose_1568.png,Goose,Green,Orange,Open,Sky Blue,Two Tone,No,No,None,Yes,Yellow,No
1569,Robingoose #1569,Honk honk,goose_1569.png,Goose,Yellow,Red,Closed,Black,Solid,No,Yes,Blue,No,None,No
1570,Robingoose #1570,Honk honk,goose_1570.png,Goose,Orange,White,Open,Black,Solid,No,Yes,Orange,No,None,No
1571,Robingoose #1571,Honk honk,goose_1571.png,Goose,White,Black,Closed,Sky Blue,Solid,No,No,None,No,None,No
1572,Robingoose #1572,Honk honk,goose_1572.png,Goose,White,Pink,Open,Black,Solid,No,Yes,White,No,None,No
1573,Robingoose #1573,Honk honk,goose_1573.png,Goose,White,Lime,Open,Black,Solid,Yes,Yes,White,No,None,No
1574,Robingoose #1574,Honk honk,goose_1574.png,Goose,Blue,Salmon,Closed,Black,Solid,No,Yes,Blue,No,None,No
1575,Robingoose #1575,Honk honk,goose_1575.png,Goose,Blue,Black,Open,Sky Blue,Solid,Yes,No,None,No,None,No
1576,Robingoose #1576,Honk honk,goose_1576.png,Goose,Coral,Orange,Closed,Yellow,Two Tone,No,Yes,Coral,No,None,No
1577,Robingoose #1577,Honk honk,goose_1577.png,Goose,Black,Green,Open,Purple,Two Tone,No,No,None,No,None,Yes
1578,Robingoose #1578,Honk honk,goose_1578.png,Goose,Blue,Yellow,Closed,Coral,Two Tone,No,No,None,No,None,No
1579,Robingoose #1579,Honk honk,goose_1579.png,Goose,Blue,Yellow,Closed,Green,Two Tone,No,No,None,No,None,Yes
1580,Robingoose #1580,Honk honk,goose_1580.png,Goose,White,Coral,Open,Black,Solid,Yes,Yes,White,No,None,No
1581,Robingoose #1581,Honk honk,goose_1581.png,Goose,Salmon,Orange,Open,White,Two Tone,Yes,No,None,No,None,No
1582,Robingoose #1582,Honk honk,goose_1582.png,Goose,Turquoise,Sky Blue,Closed,Black,Solid,No,Yes,Turquoise,No,None,No
1583,Robingoose #1583,Honk honk,goose_1583.png,Goose,Lime,Sky Blue,Open,Coral,Two Tone,Yes,Yes,Orange,No,None,No
1584,Robingoose #1584,Honk honk,goose_1584.png,Goose,Pink,Purple,Open,Orange,Two Tone,Yes,No,None,Yes,Black,No
1585,Robingoose #1585,Honk honk,goose_1585.png,Goose,Red,Black,Open,Salmon,Solid,No,Yes,Lime,No,None,No
1586,Robingoose #1586,Honk honk,goose_1586.png,Goose,Blue,Yellow,Closed,Black,Solid,No,Yes,Red,No,None,No
1587,Robingoose #1587,Honk honk,goose_1587.png,Goose,White,Orange,Open,Lime,Two Tone,No,No,None,Yes,Black,No
1588,Robingoose #1588,Honk honk,goose_1588.png,Goose,Coral,Turquoise,Open,Black,Solid,No,Yes,Coral,No,None,No
1589,Robingoose #1589,Honk honk,goose_1589.png,Goose,Turquoise,Lime,Open,Black,Solid,Yes,No,None,No,None,No
1590,Robingoose #1590,Honk honk,goose_1590.png,Goose,Green,Red,Open,Blue,Two Tone,No,No,None,Yes,Black,No
1591,Robingoose #1591,Honk honk,goose_1591.png,Goose,Sky Blue,Coral,Closed,Black,Solid,No,No,None,No,None,No
1592,Robingoose #1592,Honk honk,goose_1592.png,Goose,Turquoise,Yellow,Open,Black,Solid,Yes,No,None,No,None,No
1593,Robingoose #1593,Honk honk,goose_1593.png,Goose,Blue,Orange,Open,Black,Solid,No,Yes,Blue,No,None,No
1594,Robingoose #1594,Honk honk,goose_1594.png,Goose,Purple,Pink,Open,Red,Two Tone,Yes,No,None,Yes,Black,No
1595,Robingoose #1595,Honk honk,goose_1595.png,Goose,White,Orange,Open,Black,Solid,No,Yes,Salmon,No,None,No
1596,Robingoose #1596,Honk honk,goose_1596.png,Goose,Coral,Yellow,Closed,Black,Solid,No,Yes,Turquoise,No,None,No
1597,Robingoose #1597,Honk honk,goose_1597.png,Goose,Purple,Lime,Open,Black,Solid,No,Yes,Lime,No,None,No
1598,Robingoose #1598,Honk honk,goose_1598.png,Goose,Lime,Green,Open,Turquoise,Two Tone,No,No,None,No,None,Yes
1599,Robingoose #1599,Honk honk,goose_1599.png,Goose,White,Purple,Open,Black,Solid,No,No,None,No,None,No
1600,Robingoose #1600,Honk honk,goose_1600.png,Goose,Coral,Turquoise,Open,Black,Solid,Yes,Yes,Coral,No,None,No
1601,Robingoose #1601,Honk honk,goose_1601.png,Goose,Blue,Black,Open,Purple,Solid,Yes,No,None,No,None,No
1602,Robingoose #1602,Honk honk,goose_1602.png,Goose,White,Pink,Open,Black,Solid,Yes,No,None,No,None,No
1603,Robingoose #1603,Honk honk,goose_1603.png,Goose,White,Orange,Closed,Turquoise,Two Tone,No,No,None,No,None,No
1604,Robingoose #1604,Honk honk,goose_1604.png,Goose,Sky Blue,Blue,Closed,Coral,Two Tone,No,No,None,No,None,No
1605,Robingoose #1605,Honk honk,goose_1605.png,Goose,Black,Pink,Closed,Red,Solid,No,No,None,No,None,No
1606,Robingoose #1606,Honk honk,goose_1606.png,Goose,Salmon,Yellow,Closed,Purple,Two Tone,No,No,None,No,None,No
1607,Robingoose #1607,Honk honk,goose_1607.png,Goose,Red,White,Open,Black,Solid,Yes,No,None,No,None,No
1608,Robingoose #1608,Honk honk,goose_1608.png,Goose,Yellow,Pink,Open,Black,Solid,Yes,No,None,No,None,No
1609,Robingoose #1609,Honk honk,goose_1609.png,Goose,White,Yellow,Closed,Red,Two Tone,No,No,None,Yes,Black,No
1610,Robingoose #1610,Honk honk,goose_1610.png,Goose,Orange,Sky Blue,Open,Black,Solid,No,No,None,No,None,No
1611,Robingoose #1611,Honk honk,goose_1611.png,Goose,Yellow,Sky Blue,Open,Black,Solid,No,Yes,Yellow,No,None,No
1612,Robingoose #1612,Honk honk,goose_1612.png,Goose,Blue,Sky Blue,Open,Red,Two Tone,Yes,Yes,Blue,No,None,Yes
1613,Robingoose #1613,Honk honk,goose_1613.png,Goose,Green,Turquoise,Closed,Salmon,Two Tone,No,No,None,No,None,No
1614,Robingoose #1614,Honk honk,goose_1614.png,Goose,Purple,Sky Blue,Open,Black,Solid,No,No,None,No,None,No
1615,Robingoose #1615,Honk honk,goose_1615.png,Goose,Orange,Yellow,Closed,Black,Solid,No,Yes,Red,No,None,No
1616,Robingoose #1616,Honk honk,goose_1616.png,Goose,White,Lime,Open,Pink,Two Tone,No,Yes,Blue,No,None,Yes
1617,Robingoose #1617,Honk honk,goose_1617.png,Goose,Lime,Salmon,Closed,Sky Blue,Two Tone,No,Yes,Lime,No,None,No
1618,Robingoose #1618,Honk honk,goose_1618.png,Goose,White,Yellow,Open,Blue,Two Tone,Yes,No,None,No,None,No
1619,Robingoose #1619,Honk honk,goose_1619.png,Goose,White,Orange,Open,Purple,Two Tone,Yes,No,None,No,None,No
1620,Robingoose #1620,Honk honk,goose_1620.png,Goose,White,Orange,Closed,Purple,Two Tone,No,No,None,Yes,Yellow,No
1621,Robingoose #1621,Honk honk,goose_1621.png,Goose,Blue,Orange,Closed,Red,Two Tone,No,No,None,No,None,Yes
1622,Robingoose #1622,Honk honk,goose_1622.png,Goose,Blue,Black,Closed,Coral,Solid,No,No,None,No,None,No
1623,Robingoose #1623,Honk honk,goose_1623.png,Goose,Turquoise,Orange,Closed,Red,Two Tone,No,No,None,No,None,Yes
1624,Robingoose #1624,Honk honk,goose_1624.png,Goose,Yellow,Red,Open,Black,Solid,Yes,Yes,Turquoise,No,None,No
1625,Robingoose #1625,Honk honk,goose_1625.png,Goose,Lime,Coral,Closed,Black,Solid,No,Yes,Purple,No,None,No
1626,Robingoose #1626,Honk honk,goose_1626.png,Goose,Purple,Coral,Open,Black,Solid,Yes,No,None,No,None,No
1627,Robingoose #1627,Honk honk,goose_1627.png,Goose,White,Orange,Closed,Purple,Two Tone,No,No,None,Yes,Black,No
1628,Robingoose #1628,Honk honk,goose_1628.png,Goose,White,Black,Closed,Yellow,Solid,No,No,None,No,None,No
1629,Robingoose #1629,Honk honk,goose_1629.png,Goose,Yellow,Coral,Closed,Pink,Two Tone,No,No,None,No,None,No
1630,Robingoose #1630,Honk honk,goose_1630.png,Goose,Turquoise,Orange,Open,Green,Two Tone,Yes,No,None,Yes,Black,No
1631,Robingoose #1631,Honk honk,goose_1631.png,Goose,Blue,Yellow,Open,Black,Solid,No,Yes,Yellow,No,None,No
1632,Robingoose #1632,Honk honk,goose_1632.png,Goose,Green,Pink,Closed,Black,Solid,No,Yes,Green,No,None,No
1633,Robingoose #1633,Honk honk,goose_1633.png,Goose,Turquoise,Orange,Open,Purple,Two Tone,No,No,None,Yes,Black,No
1634,Robingoose #1634,Honk honk,goose_1634.png,Goose,Yellow,Orange,Open,Black,Solid,Yes,Yes,Purple,No,None,No
1635,Robingoose #1635,Honk honk,goose_1635.png,Goose,Pink,Black,Closed,Turquoise,Solid,No,Yes,Pink,No,None,No
1636,Robingoose #1636,Honk honk,goose_1636.png,Goose,Coral,Yellow,Open,Purple,Two Tone,Yes,No,None,Yes,Black,No
1637,Robingoose #1637,Honk honk,goose_1637.png,Goose,White,Orange,Closed,Red,Two Tone,No,Yes,White,No,None,No
1638,Robingoose #1638,Honk honk,goose_1638.png,Goose,Blue,Yellow,Open,White,Two Tone,Yes,No,None,No,None,Yes
1639,Robingoose #1639,Honk honk,goose_1639.png,Goose,Yellow,Red,Open,Pink,Two Tone,Yes,No,None,No,None,Yes
1640,Robingoose #1640,Honk honk,goose_1640.png,Goose,Salmon,Green,Closed,Black,Solid,No,No,None,No,None,No
1641,Robingoose #1641,Honk honk,goose_1641.png,Goose,Turquoise,Yellow,Open,Black,Solid,No,No,None,No,None,No
1642,Robingoose #1642,Honk honk,goose_1642.png,Goose,White,Orange,Open,Blue,Two Tone,No,Yes,White,No,None,No
1643,Robingoose #1643,Honk honk,goose_1643.png,Goose,Pink,Black,Open,Sky Blue,Two Tone,No,No,None,Yes,Black,No
1644,Robingoose #1644,Honk honk,goose_1644.png,Goose,Turquoise,Orange,Open,Sky Blue,Two Tone,No,Yes,Turquoise,No,None,Yes
1645,Robingoose #1645,Honk honk,goose_1645.png,Goose,Turquoise,White,Closed,Lime,Two Tone,No,Yes,Turquoise,No,None,No
1646,Robingoose #1646,Honk honk,goose_1646.png,Goose,Turquoise,Lime,Closed,Black,Solid,No,Yes,Turquoise,No,None,No
1647,Robingoose #1647,Honk honk,goose_1647.png,Goose,Purple,Red,Open,Coral,Two Tone,No,Yes,Blue,No,None,No
1648,Robingoose #1648,Honk honk,goose_1648.png,Goose,Yellow,Red,Closed,White,Two Tone,No,No,None,No,None,Yes
1649,Robingoose #1649,Honk honk,goose_1649.png,Goose,Blue,Orange,Closed,Lime,Two Tone,No,No,None,Yes,Yellow,No
1650,Robingoose #1650,Honk honk,goose_1650.png,Goose,Turquoise,Yellow,Open,Coral,Two Tone,No,Yes,Sky Blue,No,None,Yes
1651,Robingoose #1651,Honk honk,goose_1651.png,Goose,Sky Blue,Orange,Open,Black,Solid,Yes,Yes,Sky Blue,No,None,No
1652,Robingoose #1652,Honk honk,goose_1652.png,Goose,Purple,Lime,Closed,Pink,Two Tone,No,No,None,Yes,Yellow,No
1653,Robingoose #1653,Honk honk,goose_1653.png,Goose,White,Orange,Closed,Blue,Two Tone,No,Yes,White,No,None,Yes
1654,Robingoose #1654,Honk honk,goose_1654.png,Goose,White,Yellow,Closed,Black,Solid,No,Yes,Black,No,None,No
1655,Robingoose #1655,Honk honk,goose_1655.png,Goose,Salmon,Green,Closed,White,Two Tone,No,No,None,No,None,Yes
1656,Robingoose #1656,Honk honk,goose_1656.png,Goose,Salmon,Orange,Open,Green,Two Tone,No,Yes,Salmon,No,None,No
1657,Robingoose #1657,Honk honk,goose_1657.png,Goose,Yellow,Green,Open,Turquoise,Two Tone,Yes,Yes,Yellow,No,None,No
1658,Robingoose #1658,Honk honk,goose_1658.png,Goose,White,Salmon,Open,Black,Solid,No,No,None,No,None,No
1659,Robingoose #1659,Honk honk,goose_1659.png,Goose,Salmon,Red,Closed,Sky Blue,Two Tone,No,No,None,No,None,No
1660,Robingoose #1660,Honk honk,goose_1660.png,Goose,Yellow,Orange,Open,Sky Blue,Two Tone,Yes,Yes,Turquoise,No,None,Yes
1661,Robingoose #1661,Honk honk,goose_1661.png,Goose,Sky Blue,Yellow,Closed,Black,Solid,No,Yes,Pink,No,None,No
1662,Robingoose #1662,Honk honk,goose_1662.png,Goose,Yellow,Orange,Closed,Turquoise,Two Tone,No,No,None,No,None,Yes
1663,Robingoose #1663,Honk honk,goose_1663.png,Goose,Coral,Salmon,Open,Blue,Two Tone,Yes,No,None,Yes,Black,No
1664,Robingoose #1664,Honk honk,goose_1664.png,Goose,Orange,Black,Closed,Red,Solid,No,Yes,Orange,No,None,No
1665,Robingoose #1665,Honk honk,goose_1665.png,Goose,White,Yellow,Open,Blue,Two Tone,Yes,No,None,Yes,Yellow,No
1666,Robingoose #1666,Honk honk,goose_1666.png,Goose,White,Orange,Open,Blue,Two Tone,No,No,None,Yes,Yellow,No
1667,Robingoose #1667,Honk honk,goose_1667.png,Goose,Sky Blue,Coral,Open,Black,Solid,No,Yes,Yellow,No,None,No
1668,Robingoose #1668,Honk honk,goose_1668.png,Goose,Sky Blue,White,Open,Black,Solid,Yes,Yes,Sky Blue,No,None,No
1669,Robingoose #1669,Honk honk,goose_1669.png,Goose,Coral,Yellow,Open,Black,Solid,Yes,No,None,No,None,No
1670,Robingoose #1670,Honk honk,goose_1670.png,Goose,White,Red,Open,Sky Blue,Two Tone,No,No,None,No,None,No
1671,Robingoose #1671,Honk honk,goose_1671.png,Goose,White,Black,Open,Turquoise,Two Tone,Yes,Yes,White,No,None,Yes
1672,Robingoose #1672,Honk honk,goose_1672.png,Goose,Sky Blue,Yellow,Closed,Black,Solid,No,Yes,White,No,None,No
1673,Robingoose #1673,Honk honk,goose_1673.png,Goose,Coral,Yellow,Open,Turquoise,Two Tone,No,No,None,No,None,Yes
1674,Robingoose #1674,Honk honk,goose_1674.png,Goose,White,Orange,Open,Yellow,Two Tone,Yes,No,None,Yes,Yellow,No
1675,Robingoose #1675,Honk honk,goose_1675.png,Goose,Black,Turquoise,Open,White,Solid,Yes,Yes,Black,No,None,No
1676,Robingoose #1676,Honk honk,goose_1676.png,Goose,Pink,Turquoise,Closed,Black,Solid,No,No,None,No,None,No
1677,Robingoose #1677,Honk honk,goose_1677.png,Goose,Yellow,Turquoise,Open,Black,Solid,Yes,No,None,No,None,No
1678,Robingoose #1678,Honk honk,goose_1678.png,Goose,Sky Blue,Yellow,Open,Black,Solid,Yes,Yes,White,No,None,No
1679,Robingoose #1679,Honk honk,goose_1679.png,Goose,Turquoise,Black,Closed,Green,Solid,No,No,None,No,None,No
1680,Robingoose #1680,Honk honk,goose_1680.png,Goose,Coral,Orange,Open,Black,Solid,No,Yes,Coral,No,None,No
1681,Robingoose #1681,Honk honk,goose_1681.png,Goose,Turquoise,Orange,Closed,Lime,Two Tone,No,No,None,Yes,Yellow,No
1682,Robingoose #1682,Honk honk,goose_1682.png,Goose,Coral,Yellow,Open,Black,Solid,No,Yes,Coral,No,None,No
1683,Robingoose #1683,Honk honk,goose_1683.png,Goose,Lime,Orange,Open,Red,Two Tone,No,No,None,No,None,Yes
1684,Robingoose #1684,Honk honk,goose_1684.png,Goose,White,Yellow,Open,Pink,Two Tone,No,No,None,No,None,No
1685,Robingoose #1685,Honk honk,goose_1685.png,Goose,Orange,Lime,Open,Black,Solid,No,No,None,No,None,No
1686,Robingoose #1686,Honk honk,goose_1686.png,Goose,White,Orange,Closed,Pink,Two Tone,No,No,None,Yes,Yellow,No
1687,Robingoose #1687,Honk honk,goose_1687.png,Goose,Purple,Yellow,Open,Red,Two Tone,No,Yes,Purple,No,None,Yes
1688,Robingoose #1688,Honk honk,goose_1688.png,Goose,White,Coral,Open,Black,Solid,Yes,Yes,Salmon,No,None,No
1689,Robingoose #1689,Honk honk,goose_1689.png,Goose,Coral,Purple,Open,Black,Solid,No,No,None,No,None,No
1690,Robingoose #1690,Honk honk,goose_1690.png,Goose,Black,Salmon,Closed,Red,Solid,No,Yes,Black,No,None,No
1691,Robingoose #1691,Honk honk,goose_1691.png,Goose,Blue,Turquoise,Open,Black,Solid,Yes,No,None,No,None,No
1692,Robingoose #1692,Honk honk,goose_1692.png,Goose,White,Blue,Open,Turquoise,Two Tone,Yes,No,None,No,None,No
1693,Robingoose #1693,Honk honk,goose_1693.png,Goose,Blue,Black,Open,Lime,Solid,No,No,None,No,None,No
1694,Robingoose #1694,Honk honk,goose_1694.png,Goose,Turquoise,Black,Open,Purple,Two Tone,Yes,No,None,Yes,Yellow,No
1695,Robingoose #1695,Honk honk,goose_1695.png,Goose,Lime,Green,Open,Black,Solid,No,No,None,No,None,No
1696,Robingoose #1696,Honk honk,goose_1696.png,Goose,Yellow,Purple,Closed,Black,Solid,No,Yes,Green,No,None,No
1697,Robingoose #1697,Honk honk,goose_1697.png,Goose,Orange,Yellow,Closed,Black,Solid,No,Yes,Purple,No,None,No
1698,Robingoose #1698,Honk honk,goose_1698.png,Goose,Blue,Red,Open,Black,Solid,Yes,Yes,Yellow,No,None,No
1699,Robingoose #1699,Honk honk,goose_1699.png,Goose,Coral,Sky Blue,Closed,Black,Solid,No,Yes,White,No,None,No
1700,Robingoose #1700,Honk honk,goose_1700.png,Goose,Green,Blue,Open,Black,Solid,Yes,Yes,Green,No,None,No
1701,Robingoose #1701,Honk honk,goose_1701.png,Goose,Black,Yellow,Open,Purple,Two Tone,Yes,No,None,Yes,Yellow,No
1702,Robingoose #1702,Honk honk,goose_1702.png,Goose,Orange,Yellow,Closed,White,Two Tone,No,Yes,Orange,No,None,No
1703,Robingoose #1703,Honk honk,goose_1703.png,Goose,Red,Sky Blue,Open,Black,Solid,No,No,None,No,None,No
1704,Robingoose #1704,Honk honk,goose_1704.png,Goose,Green,Orange,Closed,Yellow,Two Tone,No,Yes,Green,No,None,Yes
1705,Robingoose #1705,Honk honk,goose_1705.png,Goose,Pink,Yellow,Open,Black,Solid,No,No,None,No,None,No
1706,Robingoose #1706,Honk honk,goose_1706.png,Goose,White,Sky Blue,Open,Yellow,Two Tone,Yes,Yes,White,No,None,No
1707,Robingoose #1707,Honk honk,goose_1707.png,Goose,White,Purple,Closed,Pink,Two Tone,No,No,None,Yes,Black,No
1708,Robingoose #1708,Honk honk,goose_1708.png,Goose,Purple,White,Open,Black,Solid,No,Yes,Purple,No,None,No
1709,Robingoose #1709,Honk honk,goose_1709.png,Goose,Red,Lime,Open,Orange,Two Tone,No,Yes,Red,No,None,No
1710,Robingoose #1710,Honk honk,goose_1710.png,Goose,Orange,Yellow,Open,Black,Solid,No,No,None,No,None,No
1711,Robingoose #1711,Honk honk,goose_1711.png,Goose,White,Black,Open,Purple,Two Tone,Yes,No,None,Yes,Black,No
1712,Robingoose #1712,Honk honk,goose_1712.png,Goose,Salmon,Red,Closed,Coral,Two Tone,No,No,None,Yes,Black,No
1713,Robingoose #1713,Honk honk,goose_1713.png,Goose,Turquoise,Purple,Open,Black,Solid,No,No,None,No,None,No
1714,Robingoose #1714,Honk honk,goose_1714.png,Goose,White,Sky Blue,Closed,Green,Two Tone,No,Yes,White,No,None,No
1715,Robingoose #1715,Honk honk,goose_1715.png,Goose,Sky Blue,Purple,Open,Black,Solid,No,No,None,No,None,No
1716,Robingoose #1716,Honk honk,goose_1716.png,Goose,White,Orange,Open,Yellow,Two Tone,Yes,Yes,White,No,None,No
1717,Robingoose #1717,Honk honk,goose_1717.png,Goose,Black,Lime,Open,Red,Solid,No,No,None,No,None,No
1718,Robingoose #1718,Honk honk,goose_1718.png,Goose,Red,Black,Closed,Black,Solid,No,Yes,Orange,No,None,No
1719,Robingoose #1719,Honk honk,goose_1719.png,Goose,Purple,Salmon,Closed,Black,Solid,No,Yes,Purple,No,None,No
1720,Robingoose #1720,Honk honk,goose_1720.png,Goose,White,Sky Blue,Open,Black,Solid,Yes,Yes,White,No,None,No
1721,Robingoose #1721,Honk honk,goose_1721.png,Goose,Sky Blue,Blue,Closed,Black,Solid,No,No,None,No,None,No
1722,Robingoose #1722,Honk honk,goose_1722.png,Goose,Sky Blue,Purple,Open,White,Two Tone,Yes,No,None,No,None,Yes
1723,Robingoose #1723,Honk honk,goose_1723.png,Goose,White,Yellow,Closed,Black,Solid,No,Yes,Salmon,No,None,No
1724,Robingoose #1724,Honk honk,goose_1724.png,Goose,White,Sky Blue,Open,Black,Solid,Yes,Yes,White,No,None,No
1725,Robingoose #1725,Honk honk,goose_1725.png,Goose,Yellow,Green,Open,Black,Solid,Yes,No,None,No,None,No
1726,Robingoose #1726,Honk honk,goose_1726.png,Goose,White,Purple,Closed,Salmon,Two Tone,No,No,None,Yes,Black,No
1727,Robingoose #1727,Honk honk,goose_1727.png,Goose,White,Orange,Open,Black,Solid,Yes,Yes,Yellow,No,None,No
1728,Robingoose #1728,Honk honk,goose_1728.png,Goose,Turquoise,Yellow,Open,Blue,Two Tone,Yes,Yes,Turquoise,No,None,No
1729,Robingoose #1729,Honk honk,goose_1729.png,Goose,White,Red,Open,Black,Solid,No,Yes,White,No,None,No
1730,Robingoose #1730,Honk honk,goose_1730.png,Goose,White,Sky Blue,Open,Black,Solid,No,No,None,No,None,No
1731,Robingoose #1731,Honk honk,goose_1731.png,Goose,White,Orange,Closed,Pink,Two Tone,No,Yes,White,No,None,Yes
1732,Robingoose #1732,Honk honk,goose_1732.png,Goose,White,Coral,Open,Black,Solid,No,Yes,Orange,No,None,No
1733,Robingoose #1733,Honk honk,goose_1733.png,Goose,White,Blue,Open,Salmon,Two Tone,Yes,No,None,No,None,Yes
1734,Robingoose #1734,Honk honk,goose_1734.png,Goose,White,Red,Open,Pink,Two Tone,No,No,None,No,None,No
1735,Robingoose #1735,Honk honk,goose_1735.png,Goose,White,Turquoise,Closed,Black,Solid,No,Yes,Lime,No,None,No
1736,Robingoose #1736,Honk honk,goose_1736.png,Goose,Blue,Orange,Closed,Yellow,Two Tone,No,No,None,Yes,Black,No
1737,Robingoose #1737,Honk honk,goose_1737.png,Goose,White,Blue,Closed,Salmon,Two Tone,No,Yes,White,No,None,No
1738,Robingoose #1738,Honk honk,goose_1738.png,Goose,White,Green,Open,Black,Solid,No,No,None,No,None,No
1739,Robingoose #1739,Honk honk,goose_1739.png,Goose,Purple,Salmon,Open,Green,Two Tone,Yes,Yes,Purple,No,None,No
1740,Robingoose #1740,Honk honk,goose_1740.png,Goose,Pink,Orange,Closed,Green,Two Tone,No,No,None,No,None,Yes
1741,Robingoose #1741,Honk honk,goose_1741.png,Goose,Pink,White,Closed,Black,Solid,No,Yes,Pink,No,None,No
1742,Robingoose #1742,Honk honk,goose_1742.png,Goose,Blue,Orange,Open,Pink,Two Tone,No,No,None,No,None,No
1743,Robingoose #1743,Honk honk,goose_1743.png,Goose,White,Yellow,Open,Orange,Two Tone,No,No,None,Yes,Yellow,No
1744,Robingoose #1744,Honk honk,goose_1744.png,Goose,Salmon,Yellow,Open,Coral,Two Tone,No,Yes,Salmon,No,None,Yes
1745,Robingoose #1745,Honk honk,goose_1745.png,Goose,White,Orange,Closed,Black,Solid,No,Yes,Blue,No,None,No
1746,Robingoose #1746,Honk honk,goose_1746.png,Goose,Lime,White,Closed,Orange,Two Tone,No,No,None,No,None,No
1747,Robingoose #1747,Honk honk,goose_1747.png,Goose,Yellow,Orange,Open,Black,Solid,No,Yes,Yellow,No,None,No
1748,Robingoose #1748,Honk honk,goose_1748.png,Goose,Turquoise,Yellow,Open,White,Two Tone,Yes,No,None,Yes,Yellow,No
1749,Robingoose #1749,Honk honk,goose_1749.png,Goose,Lime,Orange,Closed,Black,Solid,No,Yes,Turquoise,No,None,No
1750,Robingoose #1750,Honk honk,goose_1750.png,Goose,Coral,Green,Closed,Red,Two Tone,No,No,None,No,None,No
1751,Robingoose #1751,Honk honk,goose_1751.png,Goose,Turquoise,Sky Blue,Closed,Black,Solid,No,Yes,Green,No,None,No
1752,Robingoose #1752,Honk honk,goose_1752.png,Goose,Pink,Yellow,Open,Green,Two Tone,Yes,Yes,White,No,None,No
1753,Robingoose #1753,Honk honk,goose_1753.png,Goose,Blue,Orange,Closed,Red,Two Tone,No,Yes,Lime,No,None,Yes
1754,Robingoose #1754,Honk honk,goose_1754.png,Goose,Sky Blue,Blue,Open,Black,Solid,No,Yes,Sky Blue,No,None,No
1755,Robingoose #1755,Honk honk,goose_1755.png,Goose,Black,Pink,Open,Red,Solid,No,Yes,Salmon,No,None,No
1756,Robingoose #1756,Honk honk,goose_1756.png,Goose,Black,Orange,Closed,Pink,Two Tone,No,No,None,No,None,Yes
1757,Robingoose #1757,Honk honk,goose_1757.png,Goose,Black,Blue,Closed,Red,Solid,No,No,None,No,None,No
1758,Robingoose #1758,Honk honk,goose_1758.png,Goose,Pink,Yellow,Open,Orange,Two Tone,No,No,None,Yes,Yellow,No
1759,Robingoose #1759,Honk honk,goose_1759.png,Goose,Purple,Yellow,Closed,White,Two Tone,No,No,None,No,None,No
1760,Robingoose #1760,Honk honk,goose_1760.png,Goose,Coral,Orange,Open,Black,Solid,Yes,Yes,Coral,No,None,No
1761,Robingoose #1761,Honk honk,goose_1761.png,Goose,Blue,Orange,Open,Black,Solid,No,No,None,No,None,No
1762,Robingoose #1762,Honk honk,goose_1762.png,Goose,Lime,Black,Closed,Pink,Solid,No,No,None,No,None,No
1763,Robingoose #1763,Honk honk,goose_1763.png,Goose,Orange,Black,Open,White,Two Tone,No,No,None,No,None,Yes
1764,Robingoose #1764,Honk honk,goose_1764.png,Goose,Green,White,Open,Black,Solid,No,Yes,Green,No,None,No
1765,Robingoose #1765,Honk honk,goose_1765.png,Goose,Purple,Orange,Open,Black,Solid,No,No,None,No,None,No
1766,Robingoose #1766,Honk honk,goose_1766.png,Goose,Lime,Orange,Closed,Turquoise,Two Tone,No,No,None,No,None,Yes
1767,Robingoose #1767,Honk honk,goose_1767.png,Goose,Black,Coral,Open,Red,Solid,Yes,Yes,Black,No,None,No
1768,Robingoose #1768,Honk honk,goose_1768.png,Goose,Green,Yellow,Closed,Red,Two Tone,No,No,None,No,None,No
1769,Robingoose #1769,Honk honk,goose_1769.png,Goose,Blue,Lime,Open,Black,Solid,Yes,No,None,No,None,No
1770,Robingoose #1770,Honk honk,goose_1770.png,Goose,Purple,Yellow,Open,Black,Solid,Yes,Yes,White,No,None,No
1771,Robingoose #1771,Honk honk,goose_1771.png,Goose,Green,Blue,Closed,Black,Solid,No,Yes,Purple,No,None,No
1772,Robingoose #1772,Honk honk,goose_1772.png,Goose,Black,Lime,Closed,Pink,Two Tone,No,Yes,Black,No,None,No
1773,Robingoose #1773,Honk honk,goose_1773.png,Goose,White,Orange,Closed,Salmon,Two Tone,No,No,None,No,None,No
1774,Robingoose #1774,Honk honk,goose_1774.png,Goose,White,Orange,Open,Coral,Two Tone,No,No,None,Yes,Black,No
1775,Robingoose #1775,Honk honk,goose_1775.png,Goose,White,Orange,Open,Black,Solid,Yes,Yes,Lime,No,None,No
1776,Robingoose #1776,Honk honk,goose_1776.png,Goose,Blue,Yellow,Open,Salmon,Two Tone,No,Yes,Blue,No,None,No
1777,Robingoose #1777,Honk honk,goose_1777.png,Goose,Yellow,Coral,Closed,Orange,Two Tone,No,Yes,Yellow,No,None,Yes
1778,Robingoose #1778,Honk honk,goose_1778.png,Goose,Blue,Yellow,Open,Coral,Two Tone,Yes,Yes,Blue,No,None,Yes
1779,Robingoose #1779,Honk honk,goose_1779.png,Goose,White,Pink,Open,Purple,Two Tone,Yes,No,None,Yes,Black,No
1780,Robingoose #1780,Honk honk,goose_1780.png,Goose,White,Black,Closed,Orange,Solid,No,No,None,No,None,No
1781,Robingoose #1781,Honk honk,goose_1781.png,Goose,Pink,Yellow,Open,Coral,Two Tone,Yes,Yes,Purple,No,None,No
1782,Robingoose #1782,Honk honk,goose_1782.png,Goose,White,Yellow,Open,Turquoise,Two Tone,Yes,No,None,No,None,No
1783,Robingoose #1783,Honk honk,goose_1783.png,Goose,Black,Salmon,Open,Red,Solid,No,Yes,Black,No,None,No
1784,Robingoose #1784,Honk honk,goose_1784.png,Goose,Coral,Orange,Closed,Sky Blue,Two Tone,No,Yes,Coral,No,None,No
1785,Robingoose #1785,Honk honk,goose_1785.png,Goose,Salmon,Orange,Open,Black,Solid,No,Yes,Salmon,No,None,No
1786,Robingoose #1786,Honk honk,goose_1786.png,Goose,Sky Blue,Yellow,Open,Blue,Two Tone,Yes,No,None,Yes,Yellow,No
1787,Robingoose #1787,Honk honk,goose_1787.png,Goose,Orange,Blue,Open,Black,Solid,No,No,None,No,None,No
1788,Robingoose #1788,Honk honk,goose_1788.png,Goose,Black,Yellow,Open,Red,Solid,Yes,No,None,No,None,No
1789,Robingoose #1789,Honk honk,goose_1789.png,Goose,Blue,Pink,Open,Sky Blue,Two Tone,Yes,Yes,Blue,No,None,No
1790,Robingoose #1790,Honk honk,goose_1790.png,Goose,White,Lime,Open,Black,Solid,Yes,No,None,No,None,No
1791,Robingoose #1791,Honk honk,goose_1791.png,Goose,Lime,Orange,Open,Pink,Two Tone,No,Yes,Lime,No,None,No
1792,Robingoose #1792,Honk honk,goose_1792.png,Goose,Turquoise,Yellow,Open,Green,Two Tone,Yes,No,None,Yes,Yellow,No
1793,Robingoose #1793,Honk honk,goose_1793.png,Goose,Coral,Salmon,Closed,Black,Solid,No,No,None,No,None,No
1794,Robingoose #1794,Honk honk,goose_1794.png,Goose,Orange,Black,Open,Yellow,Two Tone,Yes,No,None,No,None,Yes
1795,Robingoose #1795,Honk honk,goose_1795.png,Goose,Red,Sky Blue,Closed,Black,Solid,No,Yes,Coral,No,None,No
1796,Robingoose #1796,Honk honk,goose_1796.png,Goose,Sky Blue,Yellow,Open,Green,Two Tone,No,No,None,Yes,Yellow,No
1797,Robingoose #1797,Honk honk,goose_1797.png,Goose,Black,Orange,Open,White,Solid,No,No,None,No,None,No
1798,Robingoose #1798,Honk honk,goose_1798.png,Goose,Turquoise,White,Open,Black,Solid,Yes,Yes,Turquoise,No,None,No
1799,Robingoose #1799,Honk honk,goose_1799.png,Goose,Blue,Green,Closed,Black,Solid,No,Yes,Blue,No,None,No
1800,Robingoose #1800,Honk honk,goose_1800.png,Goose,Black,Yellow,Closed,Blue,Two Tone,No,No,None,Yes,Yellow,No
1801,Robingoose #1801,Honk honk,goose_1801.png,Goose,White,Orange,Open,Black,Solid,No,Yes,Pink,No,None,No
1802,Robingoose #1802,Honk honk,goose_1802.png,Goose,Red,Coral,Open,Black,Solid,No,No,None,No,None,No
1803,Robingoose #1803,Honk honk,goose_1803.png,Goose,Blue,Red,Open,Black,Solid,No,Yes,Blue,No,None,No
1804,Robingoose #1804,Honk honk,goose_1804.png,Goose,Lime,Coral,Open,Black,Solid,Yes,No,None,No,None,No
1805,Robingoose #1805,Honk honk,goose_1805.png,Goose,Yellow,Orange,Closed,Green,Two Tone,No,Yes,Lime,No,None,No
1806,Robingoose #1806,Honk honk,goose_1806.png,Goose,Coral,Yellow,Open,Salmon,Two Tone,No,Yes,Coral,No,None,Yes
1807,Robingoose #1807,Honk honk,goose_1807.png,Goose,Salmon,Orange,Open,Blue,Two Tone,No,Yes,Salmon,No,None,Yes
1808,Robingoose #1808,Honk honk,goose_1808.png,Goose,Purple,Salmon,Open,Black,Solid,No,Yes,Purple,No,None,No
1809,Robingoose #1809,Honk honk,goose_1809.png,Goose,Coral,Orange,Open,Black,Solid,Yes,Yes,Coral,No,None,No
1810,Robingoose #1810,Honk honk,goose_1810.png,Goose,Salmon,White,Closed,Black,Solid,No,Yes,Salmon,No,None,No
1811,Robingoose #1811,Honk honk,goose_1811.png,Goose,Yellow,Orange,Open,Black,Solid,No,Yes,Yellow,No,None,No
1812,Robingoose #1812,Honk honk,goose_1812.png,Goose,Blue,Red,Open,Black,Solid,Yes,Yes,Blue,No,None,No
1813,Robingoose #1813,Honk honk,goose_1813.png,Goose,Purple,Coral,Closed,Salmon,Two Tone,No,Yes,Purple,No,None,Yes
1814,Robingoose #1814,Honk honk,goose_1814.png,Goose,Red,Yellow,Open,Purple,Two Tone,No,Yes,Red,No,None,No
1815,Robingoose #1815,Honk honk,goose_1815.png,Goose,Black,Lime,Closed,Purple,Two Tone,No,Yes,Black,No,None,Yes
1816,Robingoose #1816,Honk honk,goose_1816.png,Goose,Yellow,White,Open,Pink,Two Tone,No,No,None,No,None,No
1817,Robingoose #1817,Honk honk,goose_1817.png,Goose,Pink,Orange,Closed,Coral,Two Tone,No,No,None,Yes,Black,No
1818,Robingoose #1818,Honk honk,goose_1818.png,Goose,Red,Yellow,Open,Black,Solid,Yes,Yes,Green,No,None,No
1819,Robingoose #1819,Honk honk,goose_1819.png,Goose,White,Red,Open,Black,Solid,No,No,None,No,None,No
1820,Robingoose #1820,Honk honk,goose_1820.png,Goose,Black,Purple,Open,Sky Blue,Two Tone,No,Yes,Salmon,No,None,No
1821,Robingoose #1821,Honk honk,goose_1821.png,Goose,Coral,Orange,Open,Green,Two Tone,No,No,None,No,None,No
1822,Robingoose #1822,Honk honk,goose_1822.png,Goose,Yellow,Sky Blue,Open,Coral,Two Tone,No,Yes,Yellow,No,None,No
1823,Robingoose #1823,Honk honk,goose_1823.png,Goose,Red,Orange,Closed,Blue,Two Tone,No,Yes,Yellow,No,None,No
1824,Robingoose #1824,Honk honk,goose_1824.png,Goose,White,Orange,Closed,Blue,Two Tone,No,No,None,Yes,Black,No
1825,Robingoose #1825,Honk honk,goose_1825.png,Goose,Purple,Sky Blue,Closed,Blue,Two Tone,No,Yes,Purple,No,None,No
1826,Robingoose #1826,Honk honk,goose_1826.png,Goose,White,Orange,Open,Black,Solid,Yes,Yes,Coral,No,None,No
1827,Robingoose #1827,Honk honk,goose_1827.png,Goose,Orange,Lime,Closed,Black,Solid,No,No,None,No,None,No
1828,Robingoose #1828,Honk honk,goose_1828.png,Goose,White,Salmon,Closed,Yellow,Two Tone,No,No,None,No,None,No
1829,Robingoose #1829,Honk honk,goose_1829.png,Goose,Green,Pink,Open,Turquoise,Two Tone,No,No,None,No,None,Yes
1830,Robingoose #1830,Honk honk,goose_1830.png,Goose,Salmon,Orange,Closed,Black,Solid,No,Yes,Red,No,None,No
1831,Robingoose #1831,Honk honk,goose_1831.png,Goose,Orange,Red,Open,Black,Solid,No,No,None,No,None,No
1832,Robingoose #1832,Honk honk,goose_1832.png,Goose,Yellow,Orange,Open,Black,Solid,No,Yes,Sky Blue,No,None,No
1833,Robingoose #1833,Honk honk,goose_1833.png,Goose,Blue,Yellow,Closed,Black,Solid,No,Yes,Yellow,No,None,No
1834,Robingoose #1834,Honk honk,goose_1834.png,Goose,Pink,Yellow,Closed,Coral,Two Tone,No,No,None,Yes,Black,No
1835,Robingoose #1835,Honk honk,goose_1835.png,Goose,Coral,Purple,Open,Lime,Two Tone,No,No,None,Yes,Yellow,No
1836,Robingoose #1836,Honk honk,goose_1836.png,Goose,Pink,Lime,Open,Sky Blue,Two Tone,Yes,No,None,No,None,Yes
1837,Robingoose #1837,Honk honk,goose_1837.png,Goose,White,Black,Open,Coral,Solid,Yes,Yes,White,No,None,No
1838,Robingoose #1838,Honk honk,goose_1838.png,Goose,White,Orange,Open,Lime,Two Tone,Yes,No,None,No,None,No
1839,Robingoose #1839,Honk honk,goose_1839.png,Goose,White,Yellow,Closed,Orange,Two Tone,No,No,None,No,None,No
1840,Robingoose #1840,Honk honk,goose_1840.png,Goose,Green,Coral,Open,Black,Solid,Yes,No,None,No,None,No
1841,Robingoose #1841,Honk honk,goose_1841.png,Goose,Pink,Salmon,Closed,Black,Solid,No,Yes,Pink,No,None,No
1842,Robingoose #1842,Honk honk,goose_1842.png,Goose,Sky Blue,Orange,Open,Purple,Two Tone,Yes,No,None,Yes,Yellow,No
1843,Robingoose #1843,Honk honk,goose_1843.png,Goose,Yellow,Red,Closed,Turquoise,Two Tone,No,Yes,Yellow,No,None,No
1844,Robingoose #1844,Honk honk,goose_1844.png,Goose,Lime,Purple,Open,Black,Solid,Yes,No,None,No,None,No
1845,Robingoose #1845,Honk honk,goose_1845.png,Goose,Yellow,Turquoise,Closed,Salmon,Two Tone,No,Yes,Sky Blue,No,None,Yes
1846,Robingoose #1846,Honk honk,goose_1846.png,Goose,White,Orange,Open,Yellow,Two Tone,Yes,No,None,No,None,No
1847,Robingoose #1847,Honk honk,goose_1847.png,Goose,Orange,Sky Blue,Open,Black,Solid,No,Yes,Orange,No,None,No
1848,Robingoose #1848,Honk honk,goose_1848.png,Goose,Turquoise,Red,Open,Black,Solid,Yes,Yes,Turquoise,No,None,No
1849,Robingoose #1849,Honk honk,goose_1849.png,Goose,Coral,Yellow,Open,Orange,Two Tone,Yes,No,None,No,None,No
1850,Robingoose #1850,Honk honk,goose_1850.png,Goose,Lime,Turquoise,Open,Black,Solid,Yes,Yes,Red,No,None,No
1851,Robingoose #1851,Honk honk,goose_1851.png,Goose,Salmon,Yellow,Open,Sky Blue,Two Tone,Yes,Yes,Salmon,No,None,No
1852,Robingoose #1852,Honk honk,goose_1852.png,Goose,White,Yellow,Open,Black,Solid,No,Yes,Lime,No,None,No
1853,Robingoose #1853,Honk honk,goose_1853.png,Goose,White,Yellow,Closed,Black,Solid,No,Yes,Lime,No,None,No
1854,Robingoose #1854,Honk honk,goose_1854.png,Goose,Orange,Blue,Closed,White,Two Tone,No,Yes,Orange,No,None,No
1855,Robingoose #1855,Honk honk,goose_1855.png,Goose,White,Turquoise,Closed,Coral,Two Tone,No,No,None,Yes,Black,No
1856,Robingoose #1856,Honk honk,goose_1856.png,Goose,Purple,Blue,Open,Black,Solid,No,No,None,No,None,No
1857,Robingoose #1857,Honk honk,goose_1857.png,Goose,Red,Blue,Open,Black,Solid,Yes,Yes,Turquoise,No,None,No
1858,Robingoose #1858,Honk honk,goose_1858.png,Goose,Sky Blue,Salmon,Open,Black,Solid,Yes,Yes,Purple,No,None,No
1859,Robingoose #1859,Honk honk,goose_1859.png,Goose,Red,Orange,Closed,Yellow,Two Tone,No,No,None,No,None,No
1860,Robingoose #1860,Honk honk,goose_1860.png,Goose,White,Orange,Closed,Pink,Two Tone,No,Yes,White,No,None,No
1861,Robingoose #1861,Honk honk,goose_1861.png,Goose,Red,Yellow,Open,White,Two Tone,No,Yes,Red,No,None,No
1862,Robingoose #1862,Honk honk,goose_1862.png,Goose,Purple,Green,Open,White,Two Tone,Yes,Yes,Purple,No,None,No
1863,Robingoose #1863,Honk honk,goose_1863.png,Goose,Lime,Red,Open,Black,Solid,Yes,No,None,No,None,No
1864,Robingoose #1864,Honk honk,goose_1864.png,Goose,Turquoise,Yellow,Open,Black,Solid,Yes,No,None,No,None,No
1865,Robingoose #1865,Honk honk,goose_1865.png,Goose,Red,Yellow,Open,Black,Solid,No,Yes,Red,No,None,No
1866,Robingoose #1866,Honk honk,goose_1866.png,Goose,Yellow,Sky Blue,Open,Black,Solid,No,No,None,No,None,No
1867,Robingoose #1867,Honk honk,goose_1867.png,Goose,Black,Orange,Open,Pink,Two Tone,Yes,No,None,No,None,Yes
1868,Robingoose #1868,Honk honk,goose_1868.png,Goose,Salmon,Yellow,Closed,White,Two Tone,No,No,None,Yes,Black,No
1869,Robingoose #1869,Honk honk,goose_1869.png,Goose,White,Sky Blue,Open,Orange,Two Tone,Yes,No,None,No,None,Yes
1870,Robingoose #1870,Honk honk,goose_1870.png,Goose,Sky Blue,Red,Closed,Black,Solid,No,No,None,No,None,No
1871,Robingoose #1871,Honk honk,goose_1871.png,Goose,Coral,Black,Closed,Red,Solid,No,No,None,No,None,No
1872,Robingoose #1872,Honk honk,goose_1872.png,Goose,White,Sky Blue,Open,Black,Solid,No,No,None,No,None,No
1873,Robingoose #1873,Honk honk,goose_1873.png,Goose,White,Red,Open,Coral,Two Tone,No,Yes,White,No,None,No
1874,Robingoose #1874,Honk honk,goose_1874.png,Goose,Blue,Purple,Closed,Black,Solid,No,Yes,Blue,No,None,No
1875,Robingoose #1875,Honk honk,goose_1875.png,Goose,Purple,Orange,Open,Black,Solid,No,Yes,Orange,No,None,No
1876,Robingoose #1876,Honk honk,goose_1876.png,Goose,Sky Blue,Pink,Open,Green,Two Tone,Yes,Yes,Sky Blue,No,None,Yes
1877,Robingoose #1877,Honk honk,goose_1877.png,Goose,Green,Purple,Closed,Black,Solid,No,Yes,Green,No,None,No
1878,Robingoose #1878,Honk honk,goose_1878.png,Goose,White,Red,Closed,Black,Solid,No,Yes,Blue,No,None,No
1879,Robingoose #1879,Honk honk,goose_1879.png,Goose,Orange,White,Open,Black,Solid,Yes,No,None,No,None,No
1880,Robingoose #1880,Honk honk,goose_1880.png,Goose,Orange,Turquoise,Open,Pink,Two Tone,Yes,No,None,No,None,Yes
1881,Robingoose #1881,Honk honk,goose_1881.png,Goose,Lime,Coral,Open,Green,Two Tone,No,No,None,No,None,Yes
1882,Robingoose #1882,Honk honk,goose_1882.png,Goose,Green,Yellow,Open,Coral,Two Tone,No,Yes,Green,No,None,Yes
1883,Robingoose #1883,Honk honk,goose_1883.png,Goose,White,Orange,Closed,Blue,Two Tone,No,Yes,White,No,None,Yes
1884,Robingoose #1884,Honk honk,goose_1884.png,Goose,Yellow,Pink,Open,Black,Solid,No,Yes,Yellow,No,None,No
1885,Robingoose #1885,Honk honk,goose_1885.png,Goose,Orange,Sky Blue,Open,Black,Solid,No,Yes,Orange,No,None,No
1886,Robingoose #1886,Honk honk,goose_1886.png,Goose,Purple,Yellow,Open,White,Two Tone,Yes,No,None,Yes,Yellow,No
1887,Robingoose #1887,Honk honk,goose_1887.png,Goose,Purple,Yellow,Closed,Blue,Two Tone,No,Yes,Purple,No,None,No
1888,Robingoose #1888,Honk honk,goose_1888.png,Goose,White,Yellow,Open,Green,Two Tone,No,No,None,Yes,Black,No
1889,Robingoose #1889,Honk honk,goose_1889.png,Goose,White,Purple,Open,Black,Solid,No,No,None,No,None,No
1890,Robingoose #1890,Honk honk,goose_1890.png,Goose,Turquoise,Blue,Closed,Black,Solid,No,Yes,Turquoise,No,None,No
1891,Robingoose #1891,Honk honk,goose_1891.png,Goose,White,Blue,Closed,Coral,Two Tone,No,Yes,White,No,None,Yes
1892,Robingoose #1892,Honk honk,goose_1892.png,Goose,White,Orange,Closed,Green,Two Tone,No,No,None,No,None,Yes
1893,Robingoose #1893,Honk honk,goose_1893.png,Goose,Red,Sky Blue,Open,Black,Solid,Yes,Yes,Green,No,None,No
1894,Robingoose #1894,Honk honk,goose_1894.png,Goose,Green,Yellow,Open,Black,Solid,Yes,No,None,No,None,No
1895,Robingoose #1895,Honk honk,goose_1895.png,Goose,Lime,Purple,Open,Black,Solid,Yes,Yes,Lime,No,None,No
1896,Robingoose #1896,Honk honk,goose_1896.png,Goose,Black,Green,Closed,Red,Solid,No,No,None,No,None,No
1897,Robingoose #1897,Honk honk,goose_1897.png,Goose,White,Orange,Open,Blue,Two Tone,No,No,None,No,None,Yes
1898,Robingoose #1898,Honk honk,goose_1898.png,Goose,Green,Purple,Open,Black,Solid,Yes,No,None,No,None,No
1899,Robingoose #1899,Honk honk,goose_1899.png,Goose,Sky Blue,Salmon,Closed,Black,Solid,No,No,None,No,None,No
1900,Robingoose #1900,Honk honk,goose_1900.png,Goose,Sky Blue,Orange,Open,Purple,Two Tone,No,No,None,No,None,No
1901,Robingoose #1901,Honk honk,goose_1901.png,Goose,Yellow,Orange,Open,Coral,Two Tone,Yes,Yes,Yellow,No,None,No
1902,Robingoose #1902,Honk honk,goose_1902.png,Goose,Blue,Pink,Open,Orange,Two Tone,Yes,No,None,No,None,Yes
1903,Robingoose #1903,Honk honk,goose_1903.png,Goose,Red,Lime,Closed,Black,Solid,No,Yes,Red,No,None,No
1904,Robingoose #1904,Honk honk,goose_1904.png,Goose,Black,Yellow,Open,White,Solid,Yes,No,None,No,None,No
1905,Robingoose #1905,Honk honk,goose_1905.png,Goose,Green,Orange,Open,Lime,Two Tone,No,No,None,No,None,No
1906,Robingoose #1906,Honk honk,goose_1906.png,Goose,Purple,Orange,Closed,Green,Two Tone,No,No,None,Yes,Black,No
1907,Robingoose #1907,Honk honk,goose_1907.png,Goose,Sky Blue,Yellow,Closed,Pink,Two Tone,No,Yes,Sky Blue,No,None,Yes
1908,Robingoose #1908,Honk honk,goose_1908.png,Goose,Green,Yellow,Open,Orange,Two Tone,No,No,None,No,None,No
1909,Robingoose #1909,Honk honk,goose_1909.png,Goose,Sky Blue,Orange,Closed,Black,Solid,No,Yes,Orange,No,None,No
1910,Robingoose #1910,Honk honk,goose_1910.png,Goose,Turquoise,Orange,Closed,Red,Two Tone,No,Yes,Turquoise,No,None,No
1911,Robingoose #1911,Honk honk,goose_1911.png,Goose,Purple,Yellow,Closed,Red,Two Tone,No,Yes,Purple,No,None,No
1912,Robingoose #1912,Honk honk,goose_1912.png,Goose,Red,White,Closed,Sky Blue,Two Tone,No,No,None,Yes,Yellow,No
1913,Robingoose #1913,Honk honk,goose_1913.png,Goose,Green,Orange,Open,Black,Solid,No,No,None,No,None,No
1914,Robingoose #1914,Honk honk,goose_1914.png,Goose,White,Orange,Open,Salmon,Two Tone,No,No,None,No,None,Yes
1915,Robingoose #1915,Honk honk,goose_1915.png,Goose,Purple,Salmon,Open,Black,Solid,Yes,Yes,Purple,No,None,No
1916,Robingoose #1916,Honk honk,goose_1916.png,Goose,White,Yellow,Open,Black,Solid,Yes,Yes,Green,No,None,No
1917,Robingoose #1917,Honk honk,goose_1917.png,Goose,Blue,Black,Closed,Pink,Solid,No,No,None,No,None,No
1918,Robingoose #1918,Honk honk,goose_1918.png,Goose,White,Yellow,Open,Black,Solid,No,Yes,Turquoise,No,None,No
1919,Robingoose #1919,Honk honk,goose_1919.png,Goose,Yellow,Orange,Open,Black,Solid,Yes,Yes,Yellow,No,None,No
1920,Robingoose #1920,Honk honk,goose_1920.png,Goose,Pink,Orange,Closed,Blue,Two Tone,No,Yes,Pink,No,None,No
1921,Robingoose #1921,Honk honk,goose_1921.png,Goose,Purple,Orange,Open,Black,Solid,Yes,Yes,Purple,No,None,No
1922,Robingoose #1922,Honk honk,goose_1922.png,Goose,Pink,Turquoise,Closed,Sky Blue,Two Tone,No,Yes,Pink,No,None,Yes
1923,Robingoose #1923,Honk honk,goose_1923.png,Goose,White,Black,Closed,Lime,Solid,No,Yes,White,No,None,No
1924,Robingoose #1924,Honk honk,goose_1924.png,Goose,Salmon,Coral,Open,Black,Solid,No,No,None,No,None,No
1925,Robingoose #1925,Honk honk,goose_1925.png,Goose,White,Purple,Open,Lime,Two Tone,Yes,Yes,White,No,None,No
1926,Robingoose #1926,Honk honk,goose_1926.png,Goose,Blue,Sky Blue,Closed,White,Two Tone,No,No,None,No,None,Yes
1927,Robingoose #1927,Honk honk,goose_1927.png,Goose,Sky Blue,Orange,Open,Turquoise,Two Tone,No,No,None,No,None,No
1928,Robingoose #1928,Honk honk,goose_1928.png,Goose,Sky Blue,Salmon,Open,Black,Solid,No,Yes,Sky Blue,No,None,No
1929,Robingoose #1929,Honk honk,goose_1929.png,Goose,White,Orange,Open,Blue,Two Tone,Yes,Yes,White,No,None,No
1930,Robingoose #1930,Honk honk,goose_1930.png,Goose,Lime,Orange,Open,Coral,Two Tone,No,Yes,Lime,No,None,Yes
1931,Robingoose #1931,Honk honk,goose_1931.png,Goose,Purple,Yellow,Open,Turquoise,Two Tone,Yes,No,None,No,None,Yes
1932,Robingoose #1932,Honk honk,goose_1932.png,Goose,Orange,Turquoise,Open,Black,Solid,No,Yes,Orange,No,None,No
1933,Robingoose #1933,Honk honk,goose_1933.png,Goose,White,Yellow,Closed,Black,Solid,No,Yes,Purple,No,None,No
1934,Robingoose #1934,Honk honk,goose_1934.png,Goose,Purple,Salmon,Open,Blue,Two Tone,Yes,Yes,Turquoise,No,None,Yes
1935,Robingoose #1935,Honk honk,goose_1935.png,Goose,Lime,Sky Blue,Closed,Orange,Two Tone,No,No,None,No,None,Yes
1936,Robingoose #1936,Honk honk,goose_1936.png,Goose,Black,White,Open,Red,Solid,Yes,No,None,No,None,No
1937,Robingoose #1937,Honk honk,goose_1937.png,Goose,White,Orange,Open,Yellow,Two Tone,No,Yes,White,No,None,No
1938,Robingoose #1938,Honk honk,goose_1938.png,Goose,Green,Orange,Open,Red,Two Tone,Yes,No,None,No,None,No
1939,Robingoose #1939,Honk honk,goose_1939.png,Goose,Yellow,Orange,Open,Purple,Two Tone,Yes,Yes,Yellow,No,None,Yes
1940,Robingoose #1940,Honk honk,goose_1940.png,Goose,Pink,Green,Open,White,Two Tone,Yes,No,None,Yes,Yellow,No
1941,Robingoose #1941,Honk honk,goose_1941.png,Goose,White,Orange,Closed,Coral,Two Tone,No,Yes,White,No,None,Yes
1942,Robingoose #1942,Honk honk,goose_1942.png,Goose,Black,Orange,Closed,White,Solid,No,Yes,Coral,No,None,No
1943,Robingoose #1943,Honk honk,goose_1943.png,Goose,Lime,Green,Open,Black,Solid,Yes,No,None,No,None,No
1944,Robingoose #1944,Honk honk,goose_1944.png,Goose,Lime,Blue,Closed,White,Two Tone,No,Yes,Turquoise,No,None,No
1945,Robingoose #1945,Honk honk,goose_1945.png,Goose,White,Yellow,Closed,Sky Blue,Two Tone,No,Yes,Lime,No,None,No
1946,Robingoose #1946,Honk honk,goose_1946.png,Goose,Salmon,Purple,Closed,Black,Solid,No,Yes,Lime,No,None,No
1947,Robingoose #1947,Honk honk,goose_1947.png,Goose,Coral,Orange,Open,Blue,Two Tone,Yes,No,None,Yes,Black,No
1948,Robingoose #1948,Honk honk,goose_1948.png,Goose,White,Yellow,Closed,Salmon,Two Tone,No,Yes,White,No,None,Yes
1949,Robingoose #1949,Honk honk,goose_1949.png,Goose,Pink,Sky Blue,Open,Black,Solid,No,Yes,Pink,No,None,No
1950,Robingoose #1950,Honk honk,goose_1950.png,Goose,Orange,Blue,Open,Yellow,Two Tone,Yes,Yes,Orange,No,None,Yes
1951,Robingoose #1951,Honk honk,goose_1951.png,Goose,Blue,White,Closed,Black,Solid,No,Yes,Blue,No,None,No
1952,Robingoose #1952,Honk honk,goose_1952.png,Goose,Coral,Yellow,Closed,Black,Solid,No,Yes,Blue,No,None,No
1953,Robingoose #1953,Honk honk,goose_1953.png,Goose,Red,Yellow,Closed,Black,Solid,No,Yes,Yellow,No,None,No
1954,Robingoose #1954,Honk honk,goose_1954.png,Goose,Yellow,Black,Closed,Blue,Solid,No,Yes,Yellow,No,None,No
1955,Robingoose #1955,Honk honk,goose_1955.png,Goose,Purple,Yellow,Open,Green,Two Tone,No,No,None,Yes,Black,No
1956,Robingoose #1956,Honk honk,goose_1956.png,Goose,Purple,Black,Open,Salmon,Solid,No,No,None,No,None,No
1957,Robingoose #1957,Honk honk,goose_1957.png,Goose,Black,Orange,Open,Blue,Two Tone,Yes,No,None,No,None,No
1958,Robingoose #1958,Honk honk,goose_1958.png,Goose,White,Salmon,Open,Black,Solid,No,Yes,White,No,None,No
1959,Robingoose #1959,Honk honk,goose_1959.png,Goose,Lime,White,Open,Orange,Two Tone,No,No,None,No,None,No
1960,Robingoose #1960,Honk honk,goose_1960.png,Goose,Turquoise,Green,Open,Pink,Two Tone,Yes,Yes,Turquoise,No,None,No
1961,Robingoose #1961,Honk honk,goose_1961.png,Goose,Salmon,Yellow,Closed,Black,Solid,No,Yes,Pink,No,None,No
1962,Robingoose #1962,Honk honk,goose_1962.png,Goose,Sky Blue,Black,Closed,Orange,Solid,No,Yes,Sky Blue,No,None,No
1963,Robingoose #1963,Honk honk,goose_1963.png,Goose,Orange,Black,Closed,Purple,Two Tone,No,Yes,Orange,No,None,No
1964,Robingoose #1964,Honk honk,goose_1964.png,Goose,Green,Yellow,Closed,Orange,Two Tone,No,No,None,No,None,No
1965,Robingoose #1965,Honk honk,goose_1965.png,Goose,Black,Orange,Closed,Yellow,Two Tone,No,No,None,No,None,Yes
1966,Robingoose #1966,Honk honk,goose_1966.png,Goose,Black,Green,Closed,Red,Solid,No,Yes,Black,No,None,No
1967,Robingoose #1967,Honk honk,goose_1967.png,Goose,Purple,Orange,Open,Green,Two Tone,Yes,No,None,Yes,Black,No
1968,Robingoose #1968,Honk honk,goose_1968.png,Goose,Purple,Black,Open,Black,Solid,No,Yes,Purple,No,None,No
1969,Robingoose #1969,Honk honk,goose_1969.png,Goose,Orange,Sky Blue,Closed,White,Two Tone,No,Yes,Orange,No,None,No
1970,Robingoose #1970,Honk honk,goose_1970.png,Goose,Pink,White,Open,Black,Solid,No,Yes,Pink,No,None,No
1971,Robingoose #1971,Honk honk,goose_1971.png,Goose,Pink,Black,Closed,Lime,Two Tone,No,No,None,Yes,Yellow,No
1972,Robingoose #1972,Honk honk,goose_1972.png,Goose,Blue,Red,Open,Black,Solid,No,No,None,No,None,No
1973,Robingoose #1973,Honk honk,goose_1973.png,Goose,White,Purple,Closed,Coral,Two Tone,No,No,None,No,None,No
1974,Robingoose #1974,Honk honk,goose_1974.png,Goose,White,Orange,Closed,Lime,Two Tone,No,Yes,Turquoise,No,None,No
1975,Robingoose #1975,Honk honk,goose_1975.png,Goose,Sky Blue,Salmon,Open,Black,Solid,No,No,None,No,None,No
1976,Robingoose #1976,Honk honk,goose_1976.png,Goose,Pink,Blue,Open,Black,Solid,No,No,None,No,None,No
1977,Robingoose #1977,Honk honk,goose_1977.png,Goose,White,Coral,Open,Black,Solid,No,No,None,No,None,No
1978,Robingoose #1978,Honk honk,goose_1978.png,Goose,Black,Orange,Open,Red,Solid,No,No,None,No,None,No
1979,Robingoose #1979,Honk honk,goose_1979.png,Goose,Lime,Orange,Closed,Coral,Two Tone,No,No,None,No,None,Yes
1980,Robingoose #1980,Honk honk,goose_1980.png,Goose,Turquoise,Blue,Closed,Pink,Two Tone,No,Yes,Turquoise,No,None,Yes
1981,Robingoose #1981,Honk honk,goose_1981.png,Goose,Coral,Orange,Open,Purple,Two Tone,Yes,No,None,No,None,No
1982,Robingoose #1982,Honk honk,goose_1982.png,Goose,Black,Orange,Open,Pink,Two Tone,No,No,None,Yes,Yellow,No
1983,Robingoose #1983,Honk honk,goose_1983.png,Goose,White,Sky Blue,Open,Orange,Two Tone,Yes,No,None,No,None,No
1984,Robingoose #1984,Honk honk,goose_1984.png,Goose,Pink,Yellow,Closed,Coral,Two Tone,No,Yes,Pink,No,None,Yes
1985,Robingoose #1985,Honk honk,goose_1985.png,Goose,Sky Blue,Yellow,Closed,Black,Solid,No,Yes,Coral,No,None,No
1986,Robingoose #1986,Honk honk,goose_1986.png,Goose,White,Sky Blue,Open,Black,Solid,Yes,No,None,No,None,No
1987,Robingoose #1987,Honk honk,goose_1987.png,Goose,White,Yellow,Closed,Coral,Two Tone,No,Yes,White,No,None,No
1988,Robingoose #1988,Honk honk,goose_1988.png,Goose,Green,Yellow,Closed,White,Two Tone,No,No,None,Yes,Black,No
1989,Robingoose #1989,Honk honk,goose_1989.png,Goose,Orange,Red,Closed,Turquoise,Two Tone,No,No,None,Yes,Yellow,No
1990,Robingoose #1990,Honk honk,goose_1990.png,Goose,Salmon,Orange,Open,Red,Two Tone,No,No,None,Yes,Black,No
1991,Robingoose #1991,Honk honk,goose_1991.png,Goose,Purple,Green,Open,Black,Solid,No,Yes,Purple,No,None,No
1992,Robingoose #1992,Honk honk,goose_1992.png,Goose,Green,Coral,Closed,Black,Solid,No,Yes,Coral,No,None,No
1993,Robingoose #1993,Honk honk,goose_1993.png,Goose,Coral,Sky Blue,Open,Black,Solid,Yes,Yes,Coral,No,None,No
1994,Robingoose #1994,Honk honk,goose_1994.png,Goose,Yellow,Black,Closed,Blue,Solid,No,Yes,Salmon,No,None,No
1995,Robingoose #1995,Honk honk,goose_1995.png,Goose,White,Yellow,Closed,Pink,Two Tone,No,Yes,White,No,None,Yes
1996,Robingoose #1996,Honk honk,goose_1996.png,Goose,White,Lime,Closed,Black,Solid,No,Yes,Pink,No,None,No
1997,Robingoose #1997,Honk honk,goose_1997.png,Goose,Turquoise,Salmon,Open,Orange,Two Tone,Yes,No,None,Yes,Black,No
1998,Robingoose #1998,Honk honk,goose_1998.png,Goose,Coral,Yellow,Open,Black,Solid,Yes,Yes,Coral,No,None,No
1999,Robingoose #1999,Honk honk,goose_1999.png,Goose,Black,Orange,Open,Red,Solid,Yes,No,None,No,None,No
2000,Robingoose #2000,Honk honk,goose_2000.png,Goose,Turquoise,Lime,Open,Black,Solid,Yes,Yes,Turquoise,No,None,No
2001,Robingoose #2001,Honk honk,goose_2001.png,Goose,White,Yellow,Open,Pink,Two Tone,Yes,No,None,No,None,No
2002,Robingoose #2002,Honk honk,goose_2002.png,Goose,Pink,Sky Blue,Closed,Black,Solid,No,Yes,Pink,No,None,No
2003,Robingoose #2003,Honk honk,goose_2003.png,Goose,Yellow,Pink,Open,Salmon,Two Tone,Yes,No,None,No,None,No
2004,Robingoose #2004,Honk honk,goose_2004.png,Goose,White,Blue,Closed,Red,Two Tone,No,No,None,Yes,Black,No
2005,Robingoose #2005,Honk honk,goose_2005.png,Goose,White,Orange,Closed,Black,Solid,No,Yes,Sky Blue,No,None,No
2006,Robingoose #2006,Honk honk,goose_2006.png,Goose,Purple,Yellow,Open,Black,Solid,No,Yes,Purple,No,None,No
2007,Robingoose #2007,Honk honk,goose_2007.png,Goose,Turquoise,Yellow,Open,Green,Two Tone,Yes,No,None,Yes,Yellow,No
2008,Robingoose #2008,Honk honk,goose_2008.png,Goose,Purple,Orange,Open,Red,Two Tone,No,Yes,Purple,No,None,Yes
2009,Robingoose #2009,Honk honk,goose_2009.png,Goose,Turquoise,Yellow,Open,Blue,Two Tone,No,No,None,No,None,No
2010,Robingoose #2010,Honk honk,goose_2010.png,Rabbit,,,,,,,,,,,
2011,Robingoose #2011,Honk honk,goose_2011.png,Goose,Purple,Orange,Closed,Coral,Two Tone,No,Yes,Purple,No,None,No
2012,Robingoose #2012,Honk honk,goose_2012.png,Goose,Green,Blue,Open,Black,Solid,Yes,Yes,Coral,No,None,No
2013,Robingoose #2013,Honk honk,goose_2013.png,Goose,Turquoise,Orange,Open,White,Two Tone,No,No,None,No,None,No
2014,Robingoose #2014,Honk honk,goose_2014.png,Goose,Purple,Turquoise,Closed,Blue,Two Tone,No,No,None,Yes,Yellow,No
2015,Robingoose #2015,Honk honk,goose_2015.png,Goose,Blue,Yellow,Open,Black,Solid,No,No,None,No,None,No
2016,Robingoose #2016,Honk honk,goose_2016.png,Goose,Salmon,Orange,Open,Black,Solid,Yes,Yes,Salmon,No,None,No
2017,Robingoose #2017,Honk honk,goose_2017.png,Goose,Salmon,Orange,Closed,Blue,Two Tone,No,No,None,No,None,No
2018,Robingoose #2018,Honk honk,goose_2018.png,Goose,Pink,Blue,Closed,Purple,Two Tone,No,Yes,Pink,No,None,Yes
2019,Robingoose #2019,Honk honk,goose_2019.png,Goose,Sky Blue,Lime,Closed,Salmon,Two Tone,No,Yes,Sky Blue,No,None,No
2020,Robingoose #2020,Honk honk,goose_2020.png,Goose,Red,Yellow,Closed,White,Two Tone,No,Yes,Pink,No,None,No
2021,Robingoose #2021,Honk honk,goose_2021.png,Goose,Red,Turquoise,Open,Black,Solid,No,Yes,Red,No,None,No
2022,Robingoose #2022,Honk honk,goose_2022.png,Goose,Purple,Pink,Open,Black,Solid,No,No,None,No,None,No
2023,Robingoose #2023,Honk honk,goose_2023.png,Goose,Lime,White,Open,Black,Solid,No,Yes,Lime,No,None,No
2024,Robingoose #2024,Honk honk,goose_2024.png,Goose,Red,Lime,Closed,Coral,Two Tone,No,No,None,No,None,No
2025,Robingoose #2025,Honk honk,goose_2025.png,Goose,Green,Orange,Closed,Yellow,Two Tone,No,No,None,Yes,Yellow,No
2026,Robingoose #2026,Honk honk,goose_2026.png,Goose,White,Yellow,Open,Salmon,Two Tone,Yes,No,None,No,None,Yes
2027,Robingoose #2027,Honk honk,goose_2027.png,Goose,Sky Blue,Orange,Open,Salmon,Two Tone,No,Yes,White,No,None,No
2028,Robingoose #2028,Honk honk,goose_2028.png,Goose,Blue,Orange,Open,Purple,Two Tone,No,No,None,Yes,Yellow,No
2029,Robingoose #2029,Honk honk,goose_2029.png,Goose,Pink,Orange,Open,Black,Solid,No,No,None,No,None,No
2030,Robingoose #2030,Honk honk,goose_2030.png,Goose,Yellow,Pink,Open,Black,Solid,No,No,None,No,None,No
2031,Robingoose #2031,Honk honk,goose_2031.png,Goose,Sky Blue,Lime,Closed,Salmon,Two Tone,No,Yes,Coral,No,None,No
2032,Robingoose #2032,Honk honk,goose_2032.png,Goose,White,Yellow,Open,Salmon,Two Tone,Yes,No,None,Yes,Black,No
2033,Robingoose #2033,Honk honk,goose_2033.png,Goose,Yellow,Purple,Open,Black,Solid,Yes,Yes,Yellow,No,None,No
2034,Robingoose #2034,Honk honk,goose_2034.png,Goose,Blue,Yellow,Open,White,Two Tone,No,No,None,No,None,Yes
2035,Robingoose #2035,Honk honk,goose_2035.png,Goose,Yellow,Orange,Open,Black,Solid,No,Yes,Turquoise,No,None,No
2036,Robingoose #2036,Honk honk,goose_2036.png,Goose,Sky Blue,Salmon,Open,Red,Two Tone,Yes,Yes,Sky Blue,No,None,No
2037,Robingoose #2037,Honk honk,goose_2037.png,Goose,Salmon,Turquoise,Open,Lime,Two Tone,Yes,No,None,Yes,Black,No
2038,Robingoose #2038,Honk honk,goose_2038.png,Goose,Lime,Black,Open,Turquoise,Solid,Yes,No,None,No,None,No
2039,Robingoose #2039,Honk honk,goose_2039.png,Goose,Orange,Yellow,Open,Pink,Two Tone,No,Yes,Orange,No,None,Yes
2040,Robingoose #2040,Honk honk,goose_2040.png,Goose,White,Yellow,Open,Green,Two Tone,No,No,None,Yes,Black,No
2041,Robingoose #2041,Honk honk,goose_2041.png,Goose,Turquoise,White,Closed,Purple,Two Tone,No,No,None,Yes,Black,No
2042,Robingoose #2042,Honk honk,goose_2042.png,Goose,Orange,Red,Closed,Salmon,Two Tone,No,No,None,No,None,No
2043,Robingoose #2043,Honk honk,goose_2043.png,Goose,Black,Blue,Closed,White,Solid,No,No,None,No,None,No
2044,Robingoose #2044,Honk honk,goose_2044.png,Goose,Yellow,Green,Open,Sky Blue,Two Tone,Yes,Yes,Green,No,None,No
2045,Robingoose #2045,Honk honk,goose_2045.png,Goose,Turquoise,Pink,Open,Coral,Two Tone,Yes,No,None,Yes,Black,No
2046,Robingoose #2046,Honk honk,goose_2046.png,Goose,Green,Blue,Open,Black,Solid,No,Yes,Red,No,None,No
2047,Robingoose #2047,Honk honk,goose_2047.png,Goose,Sky Blue,Black,Open,Purple,Two Tone,No,No,None,Yes,Yellow,No
2048,Robingoose #2048,Honk honk,goose_2048.png,Goose,Blue,Orange,Closed,Salmon,Two Tone,No,Yes,Blue,No,None,Yes
2049,Robingoose #2049,Honk honk,goose_2049.png,Goose,Red,Yellow,Open,Black,Solid,Yes,No,None,No,None,No
2050,Robingoose #2050,Honk honk,goose_2050.png,Goose,Turquoise,Salmon,Open,Black,Solid,No,No,None,No,None,No
2051,Robingoose #2051,Honk honk,goose_2051.png,Goose,White,Green,Closed,Yellow,Two Tone,No,Yes,Salmon,No,None,Yes
2052,Robingoose #2052,Honk honk,goose_2052.png,Goose,Salmon,Black,Closed,Orange,Solid,No,No,None,No,None,No
2053,Robingoose #2053,Honk honk,goose_2053.png,Goose,Pink,Red,Open,Black,Solid,No,No,None,No,None,No
2054,Robingoose #2054,Honk honk,goose_2054.png,Goose,Yellow,White,Open,Black,Solid,Yes,Yes,Yellow,No,None,No
2055,Robingoose #2055,Honk honk,goose_2055.png,Goose,Pink,Salmon,Open,Black,Solid,Yes,Yes,Red,No,None,No
2056,Robingoose #2056,Honk honk,goose_2056.png,Goose,White,Green,Open,Black,Solid,No,Yes,White,No,None,No
2057,Robingoose #2057,Honk honk,goose_2057.png,Goose,White,Purple,Open,Black,Solid,Yes,Yes,Pink,No,None,No
2058,Robingoose #2058,Honk honk,goose_2058.png,Goose,Pink,Orange,Open,Coral,Two Tone,Yes,No,None,Yes,Yellow,No
2059,Robingoose #2059,Honk honk,goose_2059.png,Goose,White,Yellow,Open,Orange,Two Tone,Yes,Yes,White,No,None,No
2060,Robingoose #2060,Honk honk,goose_2060.png,Goose,Red,Blue,Closed,Black,Solid,No,No,None,No,None,No
2061,Robingoose #2061,Honk honk,goose_2061.png,Goose,White,Turquoise,Closed,Coral,Two Tone,No,No,None,Yes,Yellow,No
2062,Robingoose #2062,Honk honk,goose_2062.png,Goose,Pink,Orange,Open,Blue,Two Tone,No,Yes,Pink,No,None,No
2063,Robingoose #2063,Honk honk,goose_2063.png,Goose,Yellow,White,Open,Black,Solid,Yes,Yes,Turquoise,No,None,No
2064,Robingoose #2064,Honk honk,goose_2064.png,Goose,Green,Red,Closed,Black,Solid,No,Yes,Red,No,None,No
2065,Robingoose #2065,Honk honk,goose_2065.png,Goose,Yellow,Red,Closed,Pink,Two Tone,No,Yes,Yellow,No,None,No
2066,Robingoose #2066,Honk honk,goose_2066.png,Goose,Orange,Black,Open,Pink,Two Tone,No,Yes,Orange,No,None,Yes
2067,Robingoose #2067,Honk honk,goose_2067.png,Goose,Salmon,Orange,Open,Black,Solid,No,No,None,No,None,No
2068,Robingoose #2068,Honk honk,goose_2068.png,Goose,Coral,Orange,Closed,Purple,Two Tone,No,No,None,No,None,Yes
2069,Robingoose #2069,Honk honk,goose_2069.png,Goose,Pink,Yellow,Open,Blue,Two Tone,No,Yes,Purple,No,None,Yes
2070,Robingoose #2070,Honk honk,goose_2070.png,Goose,White,Red,Open,Black,Solid,No,Yes,White,No,None,No
2071,Robingoose #2071,Honk honk,goose_2071.png,Goose,White,Orange,Open,Pink,Two Tone,No,No,None,No,None,No
2072,Robingoose #2072,Honk honk,goose_2072.png,Goose,Yellow,Turquoise,Closed,Red,Two Tone,No,No,None,No,None,Yes
2073,Robingoose #2073,Honk honk,goose_2073.png,Goose,Blue,Coral,Closed,Black,Solid,No,No,None,No,None,No
2074,Robingoose #2074,Honk honk,goose_2074.png,Goose,Pink,Red,Closed,Sky Blue,Two Tone,No,No,None,Yes,Yellow,No
2075,Robingoose #2075,Honk honk,goose_2075.png,Goose,Red,White,Open,Black,Solid,No,No,None,No,None,No
2076,Robingoose #2076,Honk honk,goose_2076.png,Goose,Green,Yellow,Open,Blue,Two Tone,Yes,Yes,Green,No,None,No
2077,Robingoose #2077,Honk honk,goose_2077.png,Goose,Sky Blue,Yellow,Closed,Blue,Two Tone,No,Yes,Sky Blue,No,None,No
2078,Robingoose #2078,Honk honk,goose_2078.png,Goose,White,Salmon,Closed,Coral,Two Tone,No,Yes,Coral,No,None,No
2079,Robingoose #2079,Honk honk,goose_2079.png,Goose,Salmon,Blue,Open,Black,Solid,Yes,No,None,No,None,No
2080,Robingoose #2080,Honk honk,goose_2080.png,Goose,Red,Orange,Closed,Coral,Two Tone,No,Yes,Red,No,None,Yes
2081,Robingoose #2081,Honk honk,goose_2081.png,Goose,White,Orange,Closed,Black,Solid,No,Yes,Turquoise,No,None,No
2082,Robingoose #2082,Honk honk,goose_2082.png,Goose,White,Yellow,Open,Blue,Two Tone,No,No,None,No,None,Yes
2083,Robingoose #2083,Honk honk,goose_2083.png,Goose,Coral,Turquoise,Closed,Black,Solid,No,Yes,Coral,No,None,No
2084,Robingoose #2084,Honk honk,goose_2084.png,Goose,Red,Blue,Closed,Black,Solid,No,Yes,Coral,No,None,No
2085,Robingoose #2085,Honk honk,goose_2085.png,Goose,Sky Blue,Green,Open,Black,Solid,No,No,None,No,None,No
2086,Robingoose #2086,Honk honk,goose_2086.png,Goose,Coral,Orange,Open,Salmon,Two Tone,No,No,None,Yes,Black,No
2087,Robingoose #2087,Honk honk,goose_2087.png,Goose,Blue,Orange,Open,Sky Blue,Two Tone,Yes,No,None,Yes,Yellow,No
2088,Robingoose #2088,Honk honk,goose_2088.png,Goose,White,Salmon,Closed,Pink,Two Tone,No,Yes,White,No,None,Yes
2089,Robingoose #2089,Honk honk,goose_2089.png,Goose,Yellow,Green,Closed,Black,Solid,No,Yes,Yellow,No,None,No
2090,Robingoose #2090,Honk honk,goose_2090.png,Goose,White,Yellow,Open,Pink,Two Tone,Yes,No,None,No,None,No
2091,Robingoose #2091,Honk honk,goose_2091.png,Goose,White,Orange,Closed,Red,Two Tone,No,No,None,Yes,Black,No
2092,Robingoose #2092,Honk honk,goose_2092.png,Goose,White,Yellow,Open,Sky Blue,Two Tone,No,No,None,No,None,No
2093,Robingoose #2093,Honk honk,goose_2093.png,Goose,Sky Blue,Coral,Open,Pink,Two Tone,No,Yes,Sky Blue,No,None,No
2094,Robingoose #2094,Honk honk,goose_2094.png,Goose,Yellow,Orange,Open,Salmon,Two Tone,No,No,None,No,None,No
2095,Robingoose #2095,Honk honk,goose_2095.png,Goose,Salmon,Pink,Open,Coral,Two Tone,No,Yes,Salmon,No,None,No
2096,Robingoose #2096,Honk honk,goose_2096.png,Goose,Pink,Black,Open,Salmon,Solid,Yes,No,None,No,None,No
2097,Robingoose #2097,Honk honk,goose_2097.png,Goose,Sky Blue,Turquoise,Open,Pink,Two Tone,Yes,Yes,Sky Blue,No,None,No
2098,Robingoose #2098,Honk honk,goose_2098.png,Goose,Blue,Orange,Closed,Green,Two Tone,No,No,None,Yes,Yellow,No
2099,Robingoose #2099,Honk honk,goose_2099.png,Goose,Orange,Lime,Open,Green,Two Tone,Yes,No,None,Yes,Yellow,No
2100,Robingoose #2100,Honk honk,goose_2100.png,Goose,Coral,Salmon,Closed,Black,Solid,No,Yes,Coral,No,None,No
2101,Robingoose #2101,Honk honk,goose_2101.png,Goose,White,Orange,Open,Coral,Two Tone,Yes,Yes,White,No,None,Yes
2102,Robingoose #2102,Honk honk,goose_2102.png,Goose,White,Orange,Open,Lime,Two Tone,Yes,Yes,White,No,None,No
2103,Robingoose #2103,Honk honk,goose_2103.png,Goose,Salmon,Orange,Open,Black,Solid,Yes,Yes,Red,No,None,No
2104,Robingoose #2104,Honk honk,goose_2104.png,Goose,Yellow,Purple,Open,Black,Solid,No,Yes,Yellow,No,None,No
2105,Robingoose #2105,Honk honk,goose_2105.png,Goose,White,Yellow,Open,Green,Two Tone,Yes,No,None,No,None,No
2106,Robingoose #2106,Honk honk,goose_2106.png,Goose,Salmon,Yellow,Open,Black,Solid,Yes,No,None,No,None,No
2107,Robingoose #2107,Honk honk,goose_2107.png,Goose,Red,Orange,Closed,Black,Solid,No,Yes,Pink,No,None,No
2108,Robingoose #2108,Honk honk,goose_2108.png,Goose,Blue,Black,Closed,Coral,Solid,No,Yes,Blue,No,None,No
2109,Robingoose #2109,Honk honk,goose_2109.png,Goose,White,Orange,Closed,Green,Two Tone,No,Yes,Red,No,None,Yes
2110,Robingoose #2110,Honk honk,goose_2110.png,Goose,Pink,Sky Blue,Open,Black,Solid,No,No,None,No,None,No
2111,Robingoose #2111,Honk honk,goose_2111.png,Goose,Lime,Orange,Closed,Blue,Two Tone,No,Yes,Sky Blue,No,None,No
2112,Robingoose #2112,Honk honk,goose_2112.png,Goose,Pink,Red,Open,Black,Solid,Yes,No,None,No,None,No
2113,Robingoose #2113,Honk honk,goose_2113.png,Goose,Lime,Orange,Open,Black,Solid,Yes,Yes,Lime,No,None,No
2114,Robingoose #2114,Honk honk,goose_2114.png,Goose,White,Yellow,Closed,Pink,Two Tone,No,No,None,No,None,Yes
2115,Robingoose #2115,Honk honk,goose_2115.png,Goose,White,Lime,Closed,Orange,Two Tone,No,Yes,White,No,None,No
2116,Robingoose #2116,Honk honk,goose_2116.png,Goose,Red,Pink,Open,Black,Solid,Yes,Yes,Coral,No,None,No
2117,Robingoose #2117,Honk honk,goose_2117.png,Goose,Orange,Coral,Closed,Turquoise,Two Tone,No,No,None,Yes,Black,No
2118,Robingoose #2118,Honk honk,goose_2118.png,Goose,Turquoise,Pink,Open,Black,Solid,No,No,None,No,None,No
2119,Robingoose #2119,Honk honk,goose_2119.png,Goose,Coral,Red,Closed,Blue,Two Tone,No,No,None,Yes,Black,No
2120,Robingoose #2120,Honk honk,goose_2120.png,Goose,Sky Blue,Lime,Open,Blue,Two Tone,No,No,None,Yes,Black,No
2121,Robingoose #2121,Honk honk,goose_2121.png,Goose,Red,Orange,Open,Yellow,Two Tone,No,Yes,Red,No,None,No
2122,Robingoose #2122,Honk honk,goose_2122.png,Goose,White,Yellow,Open,Black,Solid,No,Yes,Red,No,None,No
2123,Robingoose #2123,Honk honk,goose_2123.png,Goose,Red,White,Open,Black,Solid,Yes,No,None,No,None,No
2124,Robingoose #2124,Honk honk,goose_2124.png,Goose,White,Turquoise,Open,Coral,Two Tone,No,No,None,No,None,Yes
2125,Robingoose #2125,Honk honk,goose_2125.png,Goose,White,Black,Open,Lime,Solid,No,Yes,White,No,None,No
2126,Robingoose #2126,Honk honk,goose_2126.png,Goose,White,Green,Closed,Purple,Two Tone,No,Yes,White,No,None,No
2127,Robingoose #2127,Honk honk,goose_2127.png,Goose,Green,Yellow,Closed,Black,Solid,No,No,None,No,None,No
2128,Robingoose #2128,Honk honk,goose_2128.png,Goose,Lime,Sky Blue,Open,Black,Solid,No,No,None,No,None,No
2129,Robingoose #2129,Honk honk,goose_2129.png,Goose,Coral,Black,Open,Red,Solid,No,No,None,No,None,No
2130,Robingoose #2130,Honk honk,goose_2130.png,Goose,White,Salmon,Open,Green,Two Tone,Yes,No,None,No,None,No
2131,Robingoose #2131,Honk honk,goose_2131.png,Goose,Yellow,Orange,Open,Pink,Two Tone,Yes,Yes,Turquoise,No,None,No
2132,Robingoose #2132,Honk honk,goose_2132.png,Goose,Black,Orange,Open,White,Solid,No,Yes,Black,No,None,No
2133,Robingoose #2133,Honk honk,goose_2133.png,Goose,Sky Blue,Turquoise,Open,Black,Solid,Yes,No,None,No,None,No
2134,Robingoose #2134,Honk honk,goose_2134.png,Goose,White,Yellow,Open,Orange,Two Tone,No,No,None,No,None,No
2135,Robingoose #2135,Honk honk,goose_2135.png,Goose,Sky Blue,Purple,Closed,Black,Solid,No,Yes,Sky Blue,No,None,No
2136,Robingoose #2136,Honk honk,goose_2136.png,Goose,Purple,Orange,Closed,Coral,Two Tone,No,No,None,Yes,Black,No
2137,Robingoose #2137,Honk honk,goose_2137.png,Goose,Green,Yellow,Closed,Sky Blue,Two Tone,No,No,None,No,None,No
2138,Robingoose #2138,Honk honk,goose_2138.png,Goose,White,Green,Open,Pink,Two Tone,Yes,Yes,White,No,None,Yes
2139,Robingoose #2139,Honk honk,goose_2139.png,Goose,Blue,Turquoise,Closed,Lime,Two Tone,No,No,None,No,None,No
2140,Robingoose #2140,Honk honk,goose_2140.png,Goose,Black,Orange,Open,Coral,Two Tone,No,Yes,Black,No,None,No
2141,Robingoose #2141,Honk honk,goose_2141.png,Goose,Black,Turquoise,Closed,White,Solid,No,No,None,No,None,No
2142,Robingoose #2142,Honk honk,goose_2142.png,Goose,Pink,Orange,Open,Black,Solid,No,Yes,Pink,No,None,No
2143,Robingoose #2143,Honk honk,goose_2143.png,Goose,Green,Orange,Open,Purple,Two Tone,No,No,None,No,None,Yes
2144,Robingoose #2144,Honk honk,goose_2144.png,Goose,Yellow,Purple,Open,Black,Solid,No,Yes,Yellow,No,None,No
2145,Robingoose #2145,Honk honk,goose_2145.png,Goose,Purple,Yellow,Open,Orange,Two Tone,No,Yes,Purple,No,None,No
2146,Robingoose #2146,Honk honk,goose_2146.png,Goose,Turquoise,Purple,Closed,Black,Solid,No,Yes,Lime,No,None,No
2147,Robingoose #2147,Honk honk,goose_2147.png,Goose,Purple,Pink,Closed,Orange,Two Tone,No,Yes,Purple,No,None,No
2148,Robingoose #2148,Honk honk,goose_2148.png,Goose,Green,Yellow,Closed,Purple,Two Tone,No,No,None,No,None,Yes
2149,Robingoose #2149,Honk honk,goose_2149.png,Goose,Red,Pink,Closed,Black,Solid,No,Yes,Red,No,None,No
2150,Robingoose #2150,Honk honk,goose_2150.png,Goose,Turquoise,Red,Closed,Black,Solid,No,No,None,No,None,No
2151,Robingoose #2151,Honk honk,goose_2151.png,Goose,Salmon,Orange,Closed,Black,Solid,No,Yes,Lime,No,None,No
2152,Robingoose #2152,Honk honk,goose_2152.png,Goose,White,Coral,Open,Black,Solid,Yes,Yes,White,No,None,No
2153,Robingoose #2153,Honk honk,goose_2153.png,Goose,Pink,Coral,Closed,Black,Solid,No,No,None,No,None,No
2154,Robingoose #2154,Honk honk,goose_2154.png,Goose,Blue,Turquoise,Open,Black,Solid,No,Yes,Blue,No,None,No
2155,Robingoose #2155,Honk honk,goose_2155.png,Goose,Coral,Salmon,Open,Black,Solid,No,Yes,Coral,No,None,No
2156,Robingoose #2156,Honk honk,goose_2156.png,Goose,White,Orange,Closed,Yellow,Two Tone,No,No,None,No,None,Yes
2157,Robingoose #2157,Honk honk,goose_2157.png,Goose,Orange,Salmon,Open,Black,Solid,No,No,None,No,None,No
2158,Robingoose #2158,Honk honk,goose_2158.png,Goose,Salmon,Yellow,Open,Red,Two Tone,Yes,No,None,Yes,Yellow,No
2159,Robingoose #2159,Honk honk,goose_2159.png,Goose,Lime,Black,Open,Coral,Solid,No,Yes,Lime,No,None,No
2160,Robingoose #2160,Honk honk,goose_2160.png,Goose,Salmon,Yellow,Open,Black,Solid,Yes,Yes,Salmon,No,None,No
2161,Robingoose #2161,Honk honk,goose_2161.png,Goose,White,Green,Closed,Orange,Two Tone,No,No,None,No,None,Yes
2162,Robingoose #2162,Honk honk,goose_2162.png,Goose,Blue,Orange,Open,Lime,Two Tone,No,No,None,No,None,No
2163,Robingoose #2163,Honk honk,goose_2163.png,Goose,White,Salmon,Open,Black,Solid,Yes,Yes,Green,No,None,No
2164,Robingoose #2164,Honk honk,goose_2164.png,Goose,Blue,Pink,Open,Salmon,Two Tone,Yes,Yes,Purple,No,None,Yes
2165,Robingoose #2165,Honk honk,goose_2165.png,Goose,Sky Blue,Coral,Closed,Turquoise,Two Tone,No,No,None,Yes,Yellow,No
2166,Robingoose #2166,Honk honk,goose_2166.png,Goose,White,Turquoise,Open,Sky Blue,Two Tone,Yes,No,None,No,None,Yes
2167,Robingoose #2167,Honk honk,goose_2167.png,Goose,Green,Coral,Closed,Black,Solid,No,Yes,Lime,No,None,No
2168,Robingoose #2168,Honk honk,goose_2168.png,Goose,White,Pink,Open,Red,Two Tone,No,No,None,Yes,Yellow,No
2169,Robingoose #2169,Honk honk,goose_2169.png,Goose,Green,White,Open,Blue,Two Tone,No,No,None,No,None,No
2170,Robingoose #2170,Honk honk,goose_2170.png,Goose,Salmon,Black,Closed,Black,Solid,No,Yes,Salmon,No,None,No
2171,Robingoose #2171,Honk honk,goose_2171.png,Goose,Green,Pink,Open,Black,Solid,Yes,No,None,No,None,No
2172,Robingoose #2172,Honk honk,goose_2172.png,Goose,White,Yellow,Closed,Turquoise,Two Tone,No,Yes,White,No,None,Yes
2173,Robingoose #2173,Honk honk,goose_2173.png,Goose,Turquoise,Orange,Closed,Purple,Two Tone,No,Yes,Lime,No,None,No
2174,Robingoose #2174,Honk honk,goose_2174.png,Goose,White,Black,Closed,Coral,Solid,No,Yes,White,No,None,No
2175,Robingoose #2175,Honk honk,goose_2175.png,Goose,Red,Purple,Open,Black,Solid,No,Yes,Red,No,None,No
2176,Robingoose #2176,Honk honk,goose_2176.png,Goose,Yellow,White,Closed,Black,Solid,No,Yes,Yellow,No,None,No
2177,Robingoose #2177,Honk honk,goose_2177.png,Goose,Orange,Green,Closed,Black,Solid,No,Yes,Purple,No,None,No
2178,Robingoose #2178,Honk honk,goose_2178.png,Goose,Pink,Yellow,Closed,Blue,Two Tone,No,Yes,Purple,No,None,Yes
2179,Robingoose #2179,Honk honk,goose_2179.png,Goose,Sky Blue,White,Open,Purple,Two Tone,No,Yes,Yellow,No,None,No
2180,Robingoose #2180,Honk honk,goose_2180.png,Goose,Lime,Black,Open,Black,Solid,No,Yes,Lime,No,None,No
2181,Robingoose #2181,Honk honk,goose_2181.png,Goose,Red,Turquoise,Closed,Blue,Two Tone,No,Yes,Pink,No,None,Yes
2182,Robingoose #2182,Honk honk,goose_2182.png,Goose,White,Turquoise,Closed,Red,Two Tone,No,Yes,White,No,None,Yes
2183,Robingoose #2183,Honk honk,goose_2183.png,Goose,Coral,Orange,Closed,Blue,Two Tone,No,Yes,Coral,No,None,Yes
2184,Robingoose #2184,Honk honk,goose_2184.png,Goose,Salmon,Green,Closed,Blue,Two Tone,No,No,None,No,None,No
2185,Robingoose #2185,Honk honk,goose_2185.png,Goose,Red,Sky Blue,Closed,Black,Solid,No,No,None,No,None,No
2186,Robingoose #2186,Honk honk,goose_2186.png,Goose,Sky Blue,White,Open,Purple,Two Tone,No,No,None,No,None,No
2187,Robingoose #2187,Honk honk,goose_2187.png,Goose,Sky Blue,Yellow,Closed,Blue,Two Tone,No,No,None,No,None,Yes
2188,Robingoose #2188,Honk honk,goose_2188.png,Goose,White,Lime,Open,Black,Solid,Yes,Yes,White,No,None,No
2189,Robingoose #2189,Honk honk,goose_2189.png,Goose,Red,Yellow,Open,Coral,Two Tone,No,No,None,Yes,Black,No
2190,Robingoose #2190,Honk honk,goose_2190.png,Goose,White,Orange,Closed,Green,Two Tone,No,Yes,Blue,No,None,No
2191,Robingoose #2191,Honk honk,goose_2191.png,Goose,Black,Orange,Open,Pink,Two Tone,Yes,Yes,Black,No,None,No
2192,Robingoose #2192,Honk honk,goose_2192.png,Goose,Pink,Orange,Open,Black,Solid,No,Yes,Turquoise,No,None,No
2193,Robingoose #2193,Honk honk,goose_2193.png,Goose,Black,Yellow,Open,White,Solid,Yes,No,None,No,None,No
2194,Robingoose #2194,Honk honk,goose_2194.png,Goose,Orange,Sky Blue,Open,Black,Solid,No,No,None,No,None,No
2195,Robingoose #2195,Honk honk,goose_2195.png,Goose,White,Yellow,Closed,Red,Two Tone,No,Yes,White,No,None,No
2196,Robingoose #2196,Honk honk,goose_2196.png,Goose,White,Black,Closed,Pink,Two Tone,No,Yes,White,No,None,Yes
2197,Robingoose #2197,Honk honk,goose_2197.png,Goose,Yellow,Red,Open,Salmon,Two Tone,Yes,No,None,No,None,No
2198,Robingoose #2198,Honk honk,goose_2198.png,Goose,White,Sky Blue,Open,Black,Solid,No,No,None,No,None,No
2199,Robingoose #2199,Honk honk,goose_2199.png,Goose,Black,Yellow,Open,Red,Solid,No,Yes,Black,No,None,No
2200,Robingoose #2200,Honk honk,goose_2200.png,Goose,Black,Yellow,Closed,Purple,Two Tone,No,Yes,Black,No,None,Yes
2201,Robingoose #2201,Honk honk,goose_2201.png,Goose,White,Orange,Open,Pink,Two Tone,Yes,No,None,No,None,Yes
2202,Robingoose #2202,Honk honk,goose_2202.png,Goose,Coral,Yellow,Open,White,Two Tone,No,No,None,No,None,Yes
2203,Robingoose #2203,Honk honk,goose_2203.png,Goose,Coral,Pink,Open,Purple,Two Tone,No,No,None,No,None,Yes
2204,Robingoose #2204,Honk honk,goose_2204.png,Goose,Yellow,Orange,Open,Sky Blue,Two Tone,No,Yes,Yellow,No,None,No
2205,Robingoose #2205,Honk honk,goose_2205.png,Goose,White,Coral,Open,Black,Solid,Yes,No,None,No,None,No
2206,Robingoose #2206,Honk honk,goose_2206.png,Goose,Yellow,Black,Open,White,Solid,No,No,None,No,None,No
2207,Robingoose #2207,Honk honk,goose_2207.png,Goose,Lime,Orange,Closed,Red,Two Tone,No,Yes,Lime,No,None,No
2208,Robingoose #2208,Honk honk,goose_2208.png,Goose,Yellow,Blue,Open,Black,Solid,Yes,Yes,Black,No,None,No
2209,Robingoose #2209,Honk honk,goose_2209.png,Goose,White,Blue,Open,Pink,Two Tone,No,No,None,No,None,No
2210,Robingoose #2210,Honk honk,goose_2210.png,Goose,White,Black,Open,Blue,Solid,No,Yes,White,No,None,No
2211,Robingoose #2211,Honk honk,goose_2211.png,Goose,Yellow,Orange,Closed,Sky Blue,Two Tone,No,Yes,Yellow,No,None,Yes
2212,Robingoose #2212,Honk honk,goose_2212.png,Goose,Black,Coral,Closed,Sky Blue,Two Tone,No,Yes,Lime,No,None,No
2213,Robingoose #2213,Honk honk,goose_2213.png,Goose,Lime,Sky Blue,Closed,Black,Solid,No,Yes,Lime,No,None,No
2214,Robingoose #2214,Honk honk,goose_2214.png,Goose,Lime,Turquoise,Open,Black,Solid,No,Yes,Purple,No,None,No
2215,Robingoose #2215,Honk honk,goose_2215.png,Goose,White,Yellow,Open,Coral,Two Tone,No,Yes,White,No,None,No
2216,Robingoose #2216,Honk honk,goose_2216.png,Goose,Coral,Yellow,Closed,Sky Blue,Two Tone,No,No,None,Yes,Black,No
2217,Robingoose #2217,Honk honk,goose_2217.png,Goose,Lime,Orange,Open,Blue,Two Tone,No,No,None,No,None,No
2218,Robingoose #2218,Honk honk,goose_2218.png,Goose,Red,Yellow,Closed,Salmon,Two Tone,No,No,None,No,None,No
2219,Robingoose #2219,Honk honk,goose_2219.png,Goose,Blue,Turquoise,Open,Salmon,Two Tone,Yes,No,None,No,None,No
2220,Robingoose #2220,Honk honk,goose_2220.png,Goose,Blue,Coral,Closed,Orange,Two Tone,No,No,None,Yes,Yellow,No
2221,Robingoose #2221,Honk honk,goose_2221.png,Goose,Red,Green,Open,Black,Solid,No,No,None,No,None,No
2222,Robingoose #2222,Honk honk,goose_2222.png,Goose,Lime,Sky Blue,Closed,Coral,Two Tone,No,Yes,Lime,No,None,Yes
2223,Robingoose #2223,Honk honk,goose_2223.png,Goose,White,Coral,Open,Black,Solid,No,Yes,White,No,None,No
2224,Robingoose #2224,Honk honk,goose_2224.png,Goose,Sky Blue,Blue,Closed,Red,Two Tone,No,No,None,Yes,Black,No
2225,Robingoose #2225,Honk honk,goose_2225.png,Goose,White,Black,Closed,Salmon,Solid,No,Yes,White,No,None,No
2226,Robingoose #2226,Honk honk,goose_2226.png,Goose,White,Yellow,Closed,Black,Solid,No,Yes,Yellow,No,None,No
2227,Robingoose #2227,Honk honk,goose_2227.png,Goose,White,Yellow,Closed,Coral,Two Tone,No,No,None,No,None,Yes
2228,Robingoose #2228,Honk honk,goose_2228.png,Goose,Purple,Black,Closed,Red,Solid,No,No,None,No,None,No
2229,Robingoose #2229,Honk honk,goose_2229.png,Goose,Turquoise,Red,Open,Sky Blue,Two Tone,No,No,None,No,None,No
2230,Robingoose #2230,Honk honk,goose_2230.png,Goose,White,Orange,Open,Black,Solid,Yes,Yes,Red,No,None,No
2231,Robingoose #2231,Honk honk,goose_2231.png,Goose,Blue,Yellow,Open,Black,Solid,Yes,Yes,Yellow,No,None,No
2232,Robingoose #2232,Honk honk,goose_2232.png,Goose,White,Red,Open,Coral,Two Tone,No,Yes,White,No,None,Yes
2233,Robingoose #2233,Honk honk,goose_2233.png,Goose,Purple,Yellow,Open,Red,Two Tone,Yes,Yes,Salmon,No,None,Yes
2234,Robingoose #2234,Honk honk,goose_2234.png,Goose,Sky Blue,Black,Closed,Turquoise,Solid,No,No,None,No,None,No
2235,Robingoose #2235,Honk honk,goose_2235.png,Goose,White,Yellow,Open,Orange,Two Tone,No,Yes,White,No,None,No
2236,Robingoose #2236,Honk honk,goose_2236.png,Goose,Sky Blue,Orange,Open,Red,Two Tone,Yes,Yes,Sky Blue,No,None,No
2237,Robingoose #2237,Honk honk,goose_2237.png,Goose,White,Red,Closed,Green,Two Tone,No,Yes,White,No,None,No
2238,Robingoose #2238,Honk honk,goose_2238.png,Goose,Yellow,Orange,Open,Black,Solid,Yes,No,None,No,None,No
2239,Robingoose #2239,Honk honk,goose_2239.png,Goose,White,Orange,Open,Coral,Two Tone,Yes,Yes,White,No,None,Yes
2240,Robingoose #2240,Honk honk,goose_2240.png,Goose,White,Salmon,Open,Lime,Two Tone,Yes,No,None,No,None,No
2241,Robingoose #2241,Honk honk,goose_2241.png,Goose,Black,Salmon,Open,Blue,Two Tone,No,Yes,Black,No,None,No
2242,Robingoose #2242,Honk honk,goose_2242.png,Goose,White,Orange,Open,Lime,Two Tone,No,Yes,White,No,None,No
2243,Robingoose #2243,Honk honk,goose_2243.png,Goose,Purple,Orange,Open,Black,Solid,No,Yes,Turquoise,No,None,No
2244,Robingoose #2244,Honk honk,goose_2244.png,Goose,Green,Yellow,Open,Black,Solid,Yes,No,None,No,None,No
2245,Robingoose #2245,Honk honk,goose_2245.png,Goose,Orange,Lime,Closed,Black,Solid,No,Yes,Blue,No,None,No
2246,Robingoose #2246,Honk honk,goose_2246.png,Goose,White,Salmon,Open,Black,Solid,No,Yes,Purple,No,None,No
2247,Robingoose #2247,Honk honk,goose_2247.png,Goose,Yellow,Salmon,Open,Black,Solid,No,No,None,No,None,No
2248,Robingoose #2248,Honk honk,goose_2248.png,Goose,Turquoise,Blue,Open,Black,Solid,No,Yes,Turquoise,No,None,No
2249,Robingoose #2249,Honk honk,goose_2249.png,Goose,White,Yellow,Open,Black,Solid,No,Yes,Sky Blue,No,None,No
2250,Robingoose #2250,Honk honk,goose_2250.png,Goose,Lime,Turquoise,Open,Black,Solid,No,No,None,No,None,No
2251,Robingoose #2251,Honk honk,goose_2251.png,Goose,White,Sky Blue,Open,Lime,Two Tone,No,No,None,No,None,No
2252,Robingoose #2252,Honk honk,goose_2252.png,Goose,Black,Pink,Open,Red,Solid,No,Yes,Black,No,None,No
2253,Robingoose #2253,Honk honk,goose_2253.png,Goose,White,Yellow,Open,Sky Blue,Two Tone,No,Yes,White,No,None,No
2254,Robingoose #2254,Honk honk,goose_2254.png,Goose,Sky Blue,Green,Open,Black,Solid,Yes,No,None,No,None,No
2255,Robingoose #2255,Honk honk,goose_2255.png,Goose,White,Yellow,Closed,Black,Solid,No,Yes,Orange,No,None,No
2256,Robingoose #2256,Honk honk,goose_2256.png,Goose,Yellow,Green,Open,Coral,Two Tone,No,No,None,No,None,Yes
2257,Robingoose #2257,Honk honk,goose_2257.png,Goose,Sky Blue,Red,Closed,White,Two Tone,No,No,None,No,None,Yes
2258,Robingoose #2258,Honk honk,goose_2258.png,Goose,White,Lime,Open,Black,Solid,No,No,None,No,None,No
2259,Robingoose #2259,Honk honk,goose_2259.png,Goose,Coral,Yellow,Open,Black,Solid,No,Yes,Coral,No,None,No
2260,Robingoose #2260,Honk honk,goose_2260.png,Goose,White,Orange,Open,Red,Two Tone,Yes,Yes,White,No,None,No
2261,Robingoose #2261,Honk honk,goose_2261.png,Goose,Sky Blue,Blue,Closed,Black,Solid,No,Yes,Sky Blue,No,None,No
2262,Robingoose #2262,Honk honk,goose_2262.png,Goose,Orange,Salmon,Open,Blue,Two Tone,No,No,None,No,None,Yes
2263,Robingoose #2263,Honk honk,goose_2263.png,Goose,White,Orange,Open,Coral,Two Tone,No,Yes,White,No,None,Yes
2264,Robingoose #2264,Honk honk,goose_2264.png,Goose,Purple,Orange,Closed,White,Two Tone,No,No,None,Yes,Black,No
2265,Robingoose #2265,Honk honk,goose_2265.png,Goose,Pink,Turquoise,Open,Black,Solid,No,No,None,No,None,No
2266,Robingoose #2266,Honk honk,goose_2266.png,Goose,White,Yellow,Closed,Salmon,Two Tone,No,No,None,No,None,Yes
2267,Robingoose #2267,Honk honk,goose_2267.png,Goose,White,Orange,Closed,Sky Blue,Two Tone,No,Yes,White,No,None,No
2268,Robingoose #2268,Honk honk,goose_2268.png,Goose,Blue,Sky Blue,Closed,Black,Solid,No,Yes,Blue,No,None,No
2269,Robingoose #2269,Honk honk,goose_2269.png,Goose,Red,Yellow,Closed,Pink,Two Tone,No,Yes,Red,No,None,No
2270,Robingoose #2270,Honk honk,goose_2270.png,Goose,Purple,Coral,Closed,Turquoise,Two Tone,No,Yes,Purple,No,None,No
2271,Robingoose #2271,Honk honk,goose_2271.png,Goose,Green,Orange,Closed,Red,Two Tone,No,No,None,No,None,Yes
2272,Robingoose #2272,Honk honk,goose_2272.png,Goose,Lime,Orange,Open,Blue,Two Tone,Yes,No,None,No,None,No
2273,Robingoose #2273,Honk honk,goose_2273.png,Goose,Pink,Orange,Open,Black,Solid,Yes,Yes,Coral,No,None,No
2274,Robingoose #2274,Honk honk,goose_2274.png,Goose,Sky Blue,Yellow,Open,Pink,Two Tone,Yes,No,None,No,None,No
2275,Robingoose #2275,Honk honk,goose_2275.png,Goose,White,Lime,Open,Black,Solid,Yes,Yes,White,No,None,No
2276,Robingoose #2276,Honk honk,goose_2276.png,Goose,White,Orange,Closed,Black,Solid,No,Yes,Coral,No,None,No
2277,Robingoose #2277,Honk honk,goose_2277.png,Goose,Yellow,Orange,Open,Green,Two Tone,No,Yes,Lime,No,None,Yes
2278,Robingoose #2278,Honk honk,goose_2278.png,Goose,White,Black,Open,Coral,Solid,No,No,None,No,None,No
2279,Robingoose #2279,Honk honk,goose_2279.png,Goose,Lime,Green,Open,Black,Solid,Yes,Yes,Lime,No,None,No
2280,Robingoose #2280,Honk honk,goose_2280.png,Goose,Purple,Orange,Open,Lime,Two Tone,Yes,No,None,No,None,Yes
2281,Robingoose #2281,Honk honk,goose_2281.png,Goose,Yellow,Turquoise,Closed,Blue,Two Tone,No,No,None,No,None,No
2282,Robingoose #2282,Honk honk,goose_2282.png,Goose,Green,Orange,Open,Sky Blue,Two Tone,No,Yes,Lime,No,None,No
2283,Robingoose #2283,Honk honk,goose_2283.png,Goose,Red,Salmon,Open,Black,Solid,No,Yes,Red,No,None,No
2284,Robingoose #2284,Honk honk,goose_2284.png,Goose,Salmon,Turquoise,Open,Black,Solid,Yes,Yes,Salmon,No,None,No
2285,Robingoose #2285,Honk honk,goose_2285.png,Goose,Salmon,Blue,Open,Turquoise,Two Tone,Yes,No,None,Yes,Yellow,No
2286,Robingoose #2286,Honk honk,goose_2286.png,Goose,Green,Lime,Open,Black,Solid,No,No,None,No,None,No
2287,Robingoose #2287,Honk honk,goose_2287.png,Goose,Black,Yellow,Closed,Turquoise,Two Tone,No,No,None,No,None,Yes
2288,Robingoose #2288,Honk honk,goose_2288.png,Goose,Blue,Orange,Open,Black,Solid,Yes,No,None,No,None,No
2289,Robingoose #2289,Honk honk,goose_2289.png,Goose,Turquoise,Yellow,Closed,Blue,Two Tone,No,No,None,Yes,Yellow,No
2290,Robingoose #2290,Honk honk,goose_2290.png,Goose,Blue,White,Open,Black,Solid,No,No,None,No,None,No
2291,Robingoose #2291,Honk honk,goose_2291.png,Goose,White,Green,Open,Lime,Two Tone,No,No,None,Yes,Black,No
2292,Robingoose #2292,Honk honk,goose_2292.png,Goose,Orange,Yellow,Open,Red,Two Tone,No,No,None,Yes,Black,No
2293,Robingoose #2293,Honk honk,goose_2293.png,Goose,Green,White,Open,Red,Two Tone,No,Yes,Yellow,No,None,Yes
2294,Robingoose #2294,Honk honk,goose_2294.png,Goose,Yellow,Black,Closed,Coral,Solid,No,Yes,Yellow,No,None,No
2295,Robingoose #2295,Honk honk,goose_2295.png,Goose,Black,Yellow,Closed,Orange,Two Tone,No,No,None,Yes,Yellow,No
2296,Robingoose #2296,Honk honk,goose_2296.png,Goose,Green,Blue,Closed,Red,Two Tone,No,Yes,Pink,No,None,Yes
2297,Robingoose #2297,Honk honk,goose_2297.png,Goose,Red,Orange,Closed,Yellow,Two Tone,No,No,None,No,None,Yes
2298,Robingoose #2298,Honk honk,goose_2298.png,Goose,Purple,Coral,Open,Black,Solid,Yes,Yes,Orange,No,None,No
2299,Robingoose #2299,Honk honk,goose_2299.png,Goose,White,Orange,Open,Coral,Two Tone,Yes,No,None,No,None,No
2300,Robingoose #2300,Honk honk,goose_2300.png,Goose,Salmon,White,Open,Black,Solid,Yes,Yes,Yellow,No,None,No
2301,Robingoose #2301,Honk honk,goose_2301.png,Goose,Purple,Orange,Open,Green,Two Tone,No,No,None,No,None,No
2302,Robingoose #2302,Honk honk,goose_2302.png,Goose,White,Black,Open,Lime,Two Tone,Yes,No,None,No,None,No
2303,Robingoose #2303,Honk honk,goose_2303.png,Goose,Green,Salmon,Closed,Pink,Two Tone,No,No,None,No,None,No
2304,Robingoose #2304,Honk honk,goose_2304.png,Goose,Pink,Orange,Open,Black,Solid,No,Yes,Yellow,No,None,No
2305,Robingoose #2305,Honk honk,goose_2305.png,Goose,Black,Lime,Closed,Red,Solid,No,No,None,No,None,No
2306,Robingoose #2306,Honk honk,goose_2306.png,Goose,Orange,Yellow,Open,Turquoise,Two Tone,Yes,Yes,Orange,No,None,No
2307,Robingoose #2307,Honk honk,goose_2307.png,Goose,White,Red,Open,Orange,Two Tone,Yes,Yes,White,No,None,No
2308,Robingoose #2308,Honk honk,goose_2308.png,Goose,Red,Yellow,Closed,Salmon,Two Tone,No,Yes,Red,No,None,No
2309,Robingoose #2309,Honk honk,goose_2309.png,Goose,Sky Blue,Yellow,Open,Blue,Two Tone,No,Yes,Sky Blue,No,None,No
2310,Robingoose #2310,Honk honk,goose_2310.png,Goose,White,Purple,Closed,Black,Solid,No,Yes,Salmon,No,None,No
2311,Robingoose #2311,Honk honk,goose_2311.png,Goose,Salmon,Turquoise,Open,Blue,Two Tone,No,No,None,Yes,Yellow,No
2312,Robingoose #2312,Honk honk,goose_2312.png,Goose,White,Red,Closed,Blue,Two Tone,No,No,None,No,None,No
2313,Robingoose #2313,Honk honk,goose_2313.png,Goose,Orange,Sky Blue,Closed,Salmon,Two Tone,No,No,None,Yes,Yellow,No
2314,Robingoose #2314,Honk honk,goose_2314.png,Goose,Red,Orange,Closed,Turquoise,Two Tone,No,No,None,No,None,No
2315,Robingoose #2315,Honk honk,goose_2315.png,Goose,White,Yellow,Closed,Pink,Two Tone,No,No,None,Yes,Black,No
2316,Robingoose #2316,Honk honk,goose_2316.png,Goose,Salmon,Yellow,Closed,Sky Blue,Two Tone,No,Yes,Turquoise,No,None,Yes
2317,Robingoose #2317,Honk honk,goose_2317.png,Goose,White,Coral,Open,Sky Blue,Two Tone,Yes,No,None,Yes,Yellow,No
2318,Robingoose #2318,Honk honk,goose_2318.png,Goose,Turquoise,Sky Blue,Open,Black,Solid,Yes,No,None,No,None,No
2319,Robingoose #2319,Honk honk,goose_2319.png,Goose,White,Orange,Closed,Black,Solid,No,Yes,Yellow,No,None,No
2320,Robingoose #2320,Honk honk,goose_2320.png,Goose,Purple,White,Closed,Lime,Two Tone,No,No,None,No,None,Yes
2321,Robingoose #2321,Honk honk,goose_2321.png,Goose,Coral,Yellow,Closed,Pink,Two Tone,No,Yes,Coral,No,None,No
2322,Robingoose #2322,Honk honk,goose_2322.png,Goose,Red,Orange,Open,Pink,Two Tone,Yes,No,None,No,None,No
2323,Robingoose #2323,Honk honk,goose_2323.png,Goose,Purple,Pink,Open,Coral,Two Tone,Yes,No,None,No,None,No
2324,Robingoose #2324,Honk honk,goose_2324.png,Goose,Green,Black,Closed,Salmon,Solid,No,Yes,Green,No,None,No
2325,Robingoose #2325,Honk honk,goose_2325.png,Goose,Red,Black,Closed,Pink,Solid,No,Yes,Red,No,None,No
2326,Robingoose #2326,Honk honk,goose_2326.png,Goose,Black,Purple,Open,Red,Solid,No,Yes,Black,No,None,No
2327,Robingoose #2327,Honk honk,goose_2327.png,Goose,Green,Sky Blue,Open,Black,Solid,No,No,None,No,None,No
2328,Robingoose #2328,Honk honk,goose_2328.png,Goose,Yellow,Coral,Open,Black,Solid,Yes,No,None,No,None,No
2329,Robingoose #2329,Honk honk,goose_2329.png,Goose,Yellow,Orange,Closed,Turquoise,Two Tone,No,No,None,No,None,Yes
2330,Robingoose #2330,Honk honk,goose_2330.png,Goose,Coral,Orange,Closed,Green,Two Tone,No,No,None,Yes,Black,No
2331,Robingoose #2331,Honk honk,goose_2331.png,Goose,Pink,Yellow,Open,Black,Solid,No,Yes,Pink,No,None,No
2332,Robingoose #2332,Honk honk,goose_2332.png,Goose,White,Yellow,Open,Turquoise,Two Tone,No,No,None,No,None,No
2333,Robingoose #2333,Honk honk,goose_2333.png,Goose,White,Sky Blue,Open,Purple,Two Tone,No,No,None,Yes,Black,No
2334,Robingoose #2334,Honk honk,goose_2334.png,Goose,Green,White,Open,Black,Solid,Yes,No,None,No,None,No
2335,Robingoose #2335,Honk honk,goose_2335.png,Goose,Lime,Sky Blue,Open,Coral,Two Tone,No,No,None,No,None,No
2336,Robingoose #2336,Honk honk,goose_2336.png,Goose,Blue,Black,Closed,Orange,Two Tone,No,No,None,Yes,Black,No
2337,Robingoose #2337,Honk honk,goose_2337.png,Goose,Salmon,Yellow,Closed,Sky Blue,Two Tone,No,No,None,Yes,Black,No
2338,Robingoose #2338,Honk honk,goose_2338.png,Goose,Sky Blue,Orange,Closed,White,Two Tone,No,No,None,No,None,No
2339,Robingoose #2339,Honk honk,goose_2339.png,Goose,Pink,Turquoise,Closed,Black,Solid,No,Yes,Pink,No,None,No
2340,Robingoose #2340,Honk honk,goose_2340.png,Goose,White,Black,Closed,Purple,Solid,No,Yes,White,No,None,No
2341,Robingoose #2341,Honk honk,goose_2341.png,Goose,Orange,Yellow,Closed,Red,Two Tone,No,Yes,Orange,No,None,No
2342,Robingoose #2342,Honk honk,goose_2342.png,Goose,White,Yellow,Open,Coral,Two Tone,Yes,No,None,Yes,Black,No
2343,Robingoose #2343,Honk honk,goose_2343.png,Goose,Blue,Sky Blue,Closed,Black,Solid,No,No,None,No,None,No
2344,Robingoose #2344,Honk honk,goose_2344.png,Goose,Orange,Coral,Open,Black,Solid,No,Yes,Orange,No,None,No
2345,Robingoose #2345,Honk honk,goose_2345.png,Goose,Salmon,Orange,Closed,Lime,Two Tone,No,No,None,Yes,Black,No
2346,Robingoose #2346,Honk honk,goose_2346.png,Goose,Yellow,Black,Open,Green,Solid,Yes,Yes,Yellow,No,None,No
2347,Robingoose #2347,Honk honk,goose_2347.png,Goose,Purple,Red,Open,Black,Solid,No,Yes,Black,No,None,No
2348,Robingoose #2348,Honk honk,goose_2348.png,Goose,Purple,Salmon,Open,Orange,Two Tone,No,No,None,No,None,No
2349,Robingoose #2349,Honk honk,goose_2349.png,Goose,Green,Salmon,Open,Black,Solid,No,No,None,No,None,No
2350,Robingoose #2350,Honk honk,goose_2350.png,Goose,Blue,Yellow,Open,Black,Solid,No,Yes,Black,No,None,No
2351,Robingoose #2351,Honk honk,goose_2351.png,Goose,Turquoise,Green,Open,Black,Solid,Yes,Yes,Turquoise,No,None,No
2352,Robingoose #2352,Honk honk,goose_2352.png,Goose,Red,Orange,Open,Black,Solid,Yes,Yes,Pink,No,None,No
2353,Robingoose #2353,Honk honk,goose_2353.png,Goose,Coral,Turquoise,Open,Black,Solid,No,Yes,Orange,No,None,No
2354,Robingoose #2354,Honk honk,goose_2354.png,Goose,Turquoise,Orange,Closed,Salmon,Two Tone,No,No,None,No,None,No
2355,Robingoose #2355,Honk honk,goose_2355.png,Goose,Pink,Turquoise,Closed,Orange,Two Tone,No,Yes,Pink,No,None,Yes
2356,Robingoose #2356,Honk honk,goose_2356.png,Goose,Green,Blue,Open,Purple,Two Tone,Yes,No,None,No,None,No
2357,Robingoose #2357,Honk honk,goose_2357.png,Goose,Lime,Sky Blue,Open,Black,Solid,Yes,Yes,Lime,No,None,No
2358,Robingoose #2358,Honk honk,goose_2358.png,Goose,Blue,Orange,Closed,Salmon,Two Tone,No,No,None,No,None,No
2359,Robingoose #2359,Honk honk,goose_2359.png,Goose,Purple,Coral,Open,White,Two Tone,No,Yes,Purple,No,None,Yes
2360,Robingoose #2360,Honk honk,goose_2360.png,Goose,Green,Salmon,Open,Black,Solid,No,Yes,Lime,No,None,No
2361,Robingoose #2361,Honk honk,goose_2361.png,Goose,White,Yellow,Open,Sky Blue,Two Tone,Yes,No,None,Yes,Black,No
2362,Robingoose #2362,Honk honk,goose_2362.png,Goose,White,Pink,Open,Black,Solid,Yes,Yes,White,No,None,No
2363,Robingoose #2363,Honk honk,goose_2363.png,Goose,Sky Blue,Yellow,Closed,Blue,Two Tone,No,Yes,Turquoise,No,None,No
2364,Robingoose #2364,Honk honk,goose_2364.png,Goose,Black,Coral,Closed,Turquoise,Two Tone,No,No,None,Yes,Yellow,No
2365,Robingoose #2365,Honk honk,goose_2365.png,Goose,Orange,Yellow,Closed,Black,Solid,No,Yes,Pink,No,None,No
2366,Robingoose #2366,Honk honk,goose_2366.png,Goose,White,Red,Open,Black,Solid,No,No,None,No,None,No
2367,Robingoose #2367,Honk honk,goose_2367.png,Goose,Orange,Black,Closed,Blue,Solid,No,Yes,Orange,No,None,No
2368,Robingoose #2368,Honk honk,goose_2368.png,Goose,Red,Yellow,Open,Black,Solid,No,Yes,White,No,None,No
2369,Robingoose #2369,Honk honk,goose_2369.png,Goose,Green,Yellow,Closed,Coral,Two Tone,No,No,None,Yes,Black,No
2370,Robingoose #2370,Honk honk,goose_2370.png,Goose,Yellow,Coral,Open,Black,Solid,No,No,None,No,None,No
2371,Robingoose #2371,Honk honk,goose_2371.png,Goose,Sky Blue,Lime,Open,Red,Two Tone,No,No,None,No,None,No
2372,Robingoose #2372,Honk honk,goose_2372.png,Goose,Coral,Salmon,Open,Black,Solid,No,No,None,No,None,No
2373,Robingoose #2373,Honk honk,goose_2373.png,Goose,Blue,Yellow,Open,Black,Solid,Yes,Yes,Blue,No,None,No
2374,Robingoose #2374,Honk honk,goose_2374.png,Goose,White,Pink,Closed,Black,Solid,No,Yes,Coral,No,None,No
2375,Robingoose #2375,Honk honk,goose_2375.png,Goose,White,Yellow,Open,Sky Blue,Two Tone,Yes,No,None,Yes,Black,No
2376,Robingoose #2376,Honk honk,goose_2376.png,Goose,White,Purple,Open,Black,Solid,No,No,None,No,None,No
2377,Robingoose #2377,Honk honk,goose_2377.png,Goose,Green,Turquoise,Open,Blue,Two Tone,No,No,None,Yes,Black,No
2378,Robingoose #2378,Honk honk,goose_2378.png,Goose,White,Orange,Closed,Sky Blue,Two Tone,No,No,None,No,None,Yes
2379,Robingoose #2379,Honk honk,goose_2379.png,Goose,Red,Yellow,Open,Black,Solid,No,Yes,Coral,No,None,No
2380,Robingoose #2380,Honk honk,goose_2380.png,Goose,Sky Blue,Pink,Open,Black,Solid,No,Yes,Sky Blue,No,None,No
2381,Robingoose #2381,Honk honk,goose_2381.png,Goose,Lime,White,Open,Black,Solid,No,No,None,No,None,No
2382,Robingoose #2382,Honk honk,goose_2382.png,Goose,Pink,Orange,Open,Blue,Two Tone,Yes,No,None,No,None,No
2383,Robingoose #2383,Honk honk,goose_2383.png,Goose,Purple,Orange,Closed,Yellow,Two Tone,No,Yes,Purple,No,None,Yes
2384,Robingoose #2384,Honk honk,goose_2384.png,Goose,Black,White,Closed,White,Solid,No,No,None,No,None,No
2385,Robingoose #2385,Honk honk,goose_2385.png,Goose,White,Yellow,Closed,Purple,Two Tone,No,No,None,Yes,Yellow,No
2386,Robingoose #2386,Honk honk,goose_2386.png,Goose,Green,Yellow,Open,Black,Solid,Yes,Yes,Green,No,None,No
2387,Robingoose #2387,Honk honk,goose_2387.png,Goose,Salmon,Purple,Closed,Sky Blue,Two Tone,No,No,None,No,None,No
2388,Robingoose #2388,Honk honk,goose_2388.png,Goose,White,Pink,Closed,Orange,Two Tone,No,No,None,No,None,Yes
2389,Robingoose #2389,Honk honk,goose_2389.png,Goose,Green,Salmon,Open,Black,Solid,No,Yes,Green,No,None,No
2390,Robingoose #2390,Honk honk,goose_2390.png,Goose,Blue,Yellow,Open,Black,Solid,Yes,Yes,White,No,None,No
2391,Robingoose #2391,Honk honk,goose_2391.png,Goose,Orange,Sky Blue,Closed,Pink,Two Tone,No,No,None,No,None,No
2392,Robingoose #2392,Honk honk,goose_2392.png,Goose,Turquoise,White,Open,Blue,Two Tone,Yes,Yes,Blue,No,None,No
2393,Robingoose #2393,Honk honk,goose_2393.png,Goose,Pink,Lime,Open,Black,Solid,No,Yes,Pink,No,None,No
2394,Robingoose #2394,Honk honk,goose_2394.png,Goose,White,Yellow,Open,Black,Solid,Yes,Yes,Yellow,No,None,No
2395,Robingoose #2395,Honk honk,goose_2395.png,Goose,Turquoise,White,Open,Black,Solid,No,No,None,No,None,No
2396,Robingoose #2396,Honk honk,goose_2396.png,Goose,Black,Coral,Closed,White,Solid,No,No,None,No,None,No
2397,Robingoose #2397,Honk honk,goose_2397.png,Goose,White,Yellow,Closed,Turquoise,Two Tone,No,No,None,No,None,Yes
2398,Robingoose #2398,Honk honk,goose_2398.png,Goose,Blue,Coral,Closed,Black,Solid,No,Yes,Purple,No,None,No
2399,Robingoose #2399,Honk honk,goose_2399.png,Goose,White,Blue,Open,Green,Two Tone,No,Yes,Coral,No,None,Yes
2400,Robingoose #2400,Honk honk,goose_2400.png,Goose,Turquoise,Yellow,Open,Orange,Two Tone,Yes,No,None,No,None,Yes
2401,Robingoose #2401,Honk honk,goose_2401.png,Goose,White,Turquoise,Open,Orange,Two Tone,No,Yes,White,No,None,Yes
2402,Robingoose #2402,Honk honk,goose_2402.png,Goose,Black,Purple,Open,Blue,Two Tone,No,No,None,No,None,Yes
2403,Robingoose #2403,Honk honk,goose_2403.png,Goose,Turquoise,Salmon,Closed,Lime,Two Tone,No,Yes,Turquoise,No,None,Yes
2404,Robingoose #2404,Honk honk,goose_2404.png,Goose,Turquoise,Coral,Open,Green,Two Tone,No,No,None,No,None,No
2405,Robingoose #2405,Honk honk,goose_2405.png,Goose,Green,Salmon,Open,Black,Solid,Yes,Yes,Green,No,None,No
2406,Robingoose #2406,Honk honk,goose_2406.png,Goose,Orange,Black,Open,Salmon,Two Tone,No,Yes,Orange,No,None,Yes
2407,Robingoose #2407,Honk honk,goose_2407.png,Goose,Yellow,Black,Closed,Turquoise,Solid,No,No,None,No,None,No
2408,Robingoose #2408,Honk honk,goose_2408.png,Goose,Sky Blue,Turquoise,Closed,Black,Solid,No,No,None,No,None,No
2409,Robingoose #2409,Honk honk,goose_2409.png,Goose,Blue,Sky Blue,Open,Black,Solid,No,Yes,Blue,No,None,No
2410,Robingoose #2410,Honk honk,goose_2410.png,Goose,Red,Yellow,Closed,Orange,Two Tone,No,Yes,Red,No,None,No
2411,Robingoose #2411,Honk honk,goose_2411.png,Goose,Salmon,Turquoise,Open,Black,Solid,Yes,Yes,Purple,No,None,No
2412,Robingoose #2412,Honk honk,goose_2412.png,Goose,Purple,Orange,Open,Black,Solid,Yes,Yes,Purple,No,None,No
2413,Robingoose #2413,Honk honk,goose_2413.png,Goose,White,Black,Open,Orange,Two Tone,Yes,No,None,Yes,Yellow,No
2414,Robingoose #2414,Honk honk,goose_2414.png,Goose,Black,Salmon,Open,Purple,Two Tone,No,Yes,Black,No,None,Yes
2415,Robingoose #2415,Honk honk,goose_2415.png,Goose,White,Salmon,Closed,Black,Solid,No,Yes,Sky Blue,No,None,No
2416,Robingoose #2416,Honk honk,goose_2416.png,Goose,Red,Yellow,Open,Purple,Two Tone,Yes,No,None,No,None,Yes
2417,Robingoose #2417,Honk honk,goose_2417.png,Goose,Salmon,White,Open,Black,Solid,No,Yes,Salmon,No,None,No
2418,Robingoose #2418,Honk honk,goose_2418.png,Goose,Yellow,Orange,Open,Coral,Two Tone,No,No,None,No,None,No
2419,Robingoose #2419,Honk honk,goose_2419.png,Goose,Turquoise,Yellow,Open,Blue,Two Tone,No,Yes,Turquoise,No,None,Yes
2420,Robingoose #2420,Honk honk,goose_2420.png,Goose,White,Orange,Open,Black,Solid,No,Yes,Green,No,None,No
2421,Robingoose #2421,Honk honk,goose_2421.png,Goose,Purple,Orange,Open,Black,Solid,No,Yes,Purple,No,None,No
2422,Robingoose #2422,Honk honk,goose_2422.png,Goose,White,Orange,Closed,Black,Solid,No,Yes,Purple,No,None,No
2423,Robingoose #2423,Honk honk,goose_2423.png,Goose,Pink,Orange,Closed,Red,Two Tone,No,Yes,Pink,No,None,Yes
2424,Robingoose #2424,Honk honk,goose_2424.png,Goose,Purple,Orange,Open,Sky Blue,Two Tone,Yes,No,None,No,None,No
2425,Robingoose #2425,Honk honk,goose_2425.png,Goose,Black,Turquoise,Closed,Salmon,Two Tone,No,No,None,No,None,No
2426,Robingoose #2426,Honk honk,goose_2426.png,Goose,Yellow,Orange,Open,Pink,Two Tone,Yes,No,None,No,None,No
2427,Robingoose #2427,Honk honk,goose_2427.png,Goose,Coral,Orange,Open,Black,Solid,Yes,No,None,No,None,No
2428,Robingoose #2428,Honk honk,goose_2428.png,Goose,Turquoise,Orange,Closed,Sky Blue,Two Tone,No,No,None,No,None,No
2429,Robingoose #2429,Honk honk,goose_2429.png,Goose,White,Yellow,Open,Black,Solid,Yes,Yes,Black,No,None,No
2430,Robingoose #2430,Honk honk,goose_2430.png,Goose,Yellow,Sky Blue,Closed,Salmon,Two Tone,No,Yes,Salmon,No,None,Yes
2431,Robingoose #2431,Honk honk,goose_2431.png,Goose,Yellow,White,Closed,Sky Blue,Two Tone,No,No,None,No,None,Yes
2432,Robingoose #2432,Honk honk,goose_2432.png,Goose,White,Orange,Open,Sky Blue,Two Tone,Yes,No,None,No,None,No
2433,Robingoose #2433,Honk honk,goose_2433.png,Goose,Turquoise,Yellow,Open,Red,Two Tone,Yes,No,None,No,None,No
2434,Robingoose #2434,Honk honk,goose_2434.png,Goose,Turquoise,Yellow,Open,Green,Two Tone,Yes,Yes,Turquoise,No,None,No
2435,Robingoose #2435,Honk honk,goose_2435.png,Goose,Yellow,Coral,Open,Black,Solid,No,Yes,Purple,No,None,No
2436,Robingoose #2436,Honk honk,goose_2436.png,Goose,Sky Blue,Orange,Open,Blue,Two Tone,No,No,None,No,None,No
2437,Robingoose #2437,Honk honk,goose_2437.png,Goose,Lime,Orange,Closed,Black,Solid,No,Yes,White,No,None,No
2438,Robingoose #2438,Honk honk,goose_2438.png,Goose,Lime,Green,Open,Black,Solid,No,No,None,No,None,No
2439,Robingoose #2439,Honk honk,goose_2439.png,Goose,White,Yellow,Closed,Salmon,Two Tone,No,Yes,White,No,None,No
2440,Robingoose #2440,Honk honk,goose_2440.png,Goose,Turquoise,Purple,Closed,Black,Solid,No,Yes,Turquoise,No,None,No
2441,Robingoose #2441,Honk honk,goose_2441.png,Goose,Turquoise,White,Open,Black,Solid,Yes,No,None,No,None,No
2442,Robingoose #2442,Honk honk,goose_2442.png,Goose,Coral,Blue,Open,Purple,Two Tone,No,Yes,Coral,No,None,Yes
2443,Robingoose #2443,Honk honk,goose_2443.png,Goose,Black,Orange,Open,Purple,Two Tone,Yes,No,None,No,None,Yes
2444,Robingoose #2444,Honk honk,goose_2444.png,Goose,Yellow,Salmon,Closed,Black,Solid,No,Yes,Yellow,No,None,No
2445,Robingoose #2445,Honk honk,goose_2445.png,Goose,Salmon,Pink,Closed,Lime,Two Tone,No,Yes,Blue,No,None,No
2446,Robingoose #2446,Honk honk,goose_2446.png,Goose,White,Coral,Closed,Yellow,Two Tone,No,No,None,Yes,Black,No
2447,Robingoose #2447,Honk honk,goose_2447.png,Goose,White,Yellow,Closed,Red,Two Tone,No,No,None,No,None,Yes
2448,Robingoose #2448,Honk honk,goose_2448.png,Goose,Orange,Sky Blue,Open,Lime,Two Tone,Yes,No,None,No,None,No
2449,Robingoose #2449,Honk honk,goose_2449.png,Goose,Pink,Yellow,Open,Black,Solid,Yes,Yes,Black,No,None,No
2450,Robingoose #2450,Honk honk,goose_2450.png,Goose,White,Salmon,Closed,Black,Solid,No,Yes,Turquoise,No,None,No
2451,Robingoose #2451,Honk honk,goose_2451.png,Goose,Red,Orange,Open,Black,Solid,Yes,Yes,Red,No,None,No
2452,Robingoose #2452,Honk honk,goose_2452.png,Goose,Sky Blue,White,Open,Turquoise,Two Tone,No,No,None,No,None,No
2453,Robingoose #2453,Honk honk,goose_2453.png,Goose,Pink,Salmon,Closed,Turquoise,Two Tone,No,No,None,No,None,No
2454,Robingoose #2454,Honk honk,goose_2454.png,Goose,White,Yellow,Closed,Red,Two Tone,No,No,None,No,None,Yes
2455,Robingoose #2455,Honk honk,goose_2455.png,Goose,Black,Yellow,Closed,Red,Solid,No,Yes,Blue,No,None,No
2456,Robingoose #2456,Honk honk,goose_2456.png,Goose,White,Yellow,Closed,Turquoise,Two Tone,No,No,None,Yes,Yellow,No
2457,Robingoose #2457,Honk honk,goose_2457.png,Goose,White,Green,Closed,Red,Two Tone,No,No,None,No,None,No
2458,Robingoose #2458,Honk honk,goose_2458.png,Goose,White,Black,Open,Turquoise,Solid,Yes,Yes,White,No,None,No
2459,Robingoose #2459,Honk honk,goose_2459.png,Goose,Salmon,Yellow,Open,Blue,Two Tone,No,No,None,No,None,No
2460,Robingoose #2460,Honk honk,goose_2460.png,Goose,Orange,Yellow,Open,Coral,Two Tone,No,Yes,White,No,None,Yes
2461,Robingoose #2461,Honk honk,goose_2461.png,Goose,White,Purple,Closed,Salmon,Two Tone,No,No,None,Yes,Black,No
2462,Robingoose #2462,Honk honk,goose_2462.png,Goose,Purple,Green,Open,Coral,Two Tone,Yes,No,None,Yes,Yellow,No
2463,Robingoose #2463,Honk honk,goose_2463.png,Goose,Lime,Pink,Open,Red,Two Tone,No,Yes,Lime,No,None,Yes
2464,Robingoose #2464,Honk honk,goose_2464.png,Goose,Purple,Red,Open,Black,Solid,No,No,None,No,None,No
2465,Robingoose #2465,Honk honk,goose_2465.png,Goose,Red,Turquoise,Closed,Green,Two Tone,No,No,None,Yes,Black,No
2466,Robingoose #2466,Honk honk,goose_2466.png,Goose,Pink,White,Closed,Turquoise,Two Tone,No,No,None,No,None,No
2467,Robingoose #2467,Honk honk,goose_2467.png,Goose,Salmon,Orange,Closed,Green,Two Tone,No,No,None,No,None,Yes
2468,Robingoose #2468,Honk honk,goose_2468.png,Goose,Salmon,Orange,Open,Black,Solid,Yes,Yes,Yellow,No,None,No
2469,Robingoose #2469,Honk honk,goose_2469.png,Goose,Lime,White,Closed,Black,Solid,No,No,None,No,None,No
2470,Robingoose #2470,Honk honk,goose_2470.png,Goose,Red,Yellow,Closed,White,Two Tone,No,No,None,Yes,Yellow,No
2471,Robingoose #2471,Honk honk,goose_2471.png,Goose,Turquoise,Purple,Open,Orange,Two Tone,No,Yes,Turquoise,No,None,No
2472,Robingoose #2472,Honk honk,goose_2472.png,Goose,Orange,Yellow,Open,Sky Blue,Two Tone,No,No,None,No,None,Yes
2473,Robingoose #2473,Honk honk,goose_2473.png,Goose,Pink,Orange,Open,Black,Solid,No,Yes,Pink,No,None,No
2474,Robingoose #2474,Honk honk,goose_2474.png,Goose,Blue,Sky Blue,Closed,Orange,Two Tone,No,No,None,No,None,No
2475,Robingoose #2475,Honk honk,goose_2475.png,Goose,Lime,Purple,Open,Black,Solid,Yes,Yes,Red,No,None,No
2476,Robingoose #2476,Honk honk,goose_2476.png,Goose,Pink,Salmon,Open,Black,Solid,Yes,No,None,No,None,No
2477,Robingoose #2477,Honk honk,goose_2477.png,Goose,Pink,Red,Open,Black,Solid,Yes,Yes,Pink,No,None,No
2478,Robingoose #2478,Honk honk,goose_2478.png,Goose,Green,Coral,Open,Black,Solid,Yes,Yes,Green,No,None,No
2479,Robingoose #2479,Honk honk,goose_2479.png,Goose,Lime,Coral,Open,Black,Solid,No,Yes,Lime,No,None,No
2480,Robingoose #2480,Honk honk,goose_2480.png,Goose,Orange,Green,Open,Black,Solid,Yes,Yes,Orange,No,None,No
2481,Robingoose #2481,Honk honk,goose_2481.png,Goose,Orange,Sky Blue,Open,Black,Solid,Yes,Yes,Coral,No,None,No
2482,Robingoose #2482,Honk honk,goose_2482.png,Goose,Green,Salmon,Closed,Turquoise,Two Tone,No,No,None,Yes,Black,No
2483,Robingoose #2483,Honk honk,goose_2483.png,Goose,Salmon,Orange,Open,Black,Solid,No,No,None,No,None,No
2484,Robingoose #2484,Honk honk,goose_2484.png,Goose,Turquoise,Green,Open,Black,Solid,Yes,No,None,No,None,No
2485,Robingoose #2485,Honk honk,goose_2485.png,Goose,Orange,Purple,Open,White,Two Tone,No,Yes,Orange,No,None,Yes
2486,Robingoose #2486,Honk honk,goose_2486.png,Goose,Coral,Orange,Open,Blue,Two Tone,Yes,Yes,Coral,No,None,No
2487,Robingoose #2487,Honk honk,goose_2487.png,Goose,Black,Blue,Open,White,Solid,No,Yes,Black,No,None,No
2488,Robingoose #2488,Honk honk,goose_2488.png,Goose,Purple,Yellow,Open,Turquoise,Two Tone,Yes,Yes,Purple,No,None,Yes
2489,Robingoose #2489,Honk honk,goose_2489.png,Goose,Salmon,Yellow,Closed,Pink,Two Tone,No,No,None,No,None,No
2490,Robingoose #2490,Honk honk,goose_2490.png,Goose,Yellow,Orange,Open,Black,Solid,Yes,Yes,Blue,No,None,No
2491,Robingoose #2491,Honk honk,goose_2491.png,Goose,Salmon,Red,Open,Black,Solid,No,Yes,Salmon,No,None,No
2492,Robingoose #2492,Honk honk,goose_2492.png,Goose,White,Yellow,Open,Sky Blue,Two Tone,Yes,Yes,White,No,None,No
2493,Robingoose #2493,Honk honk,goose_2493.png,Goose,White,Orange,Open,Green,Two Tone,No,No,None,Yes,Black,No
2494,Robingoose #2494,Honk honk,goose_2494.png,Goose,Coral,Turquoise,Closed,Black,Solid,No,Yes,Black,No,None,No
2495,Robingoose #2495,Honk honk,goose_2495.png,Goose,Coral,Salmon,Open,Sky Blue,Two Tone,No,Yes,Yellow,No,None,No
2496,Robingoose #2496,Honk honk,goose_2496.png,Goose,White,Green,Open,Black,Solid,Yes,No,None,No,None,No
2497,Robingoose #2497,Honk honk,goose_2497.png,Goose,Lime,Orange,Open,Purple,Two Tone,No,No,None,No,None,Yes
2498,Robingoose #2498,Honk honk,goose_2498.png,Goose,Coral,Orange,Open,Blue,Two Tone,No,Yes,Red,No,None,No
2499,Robingoose #2499,Honk honk,goose_2499.png,Goose,Salmon,Turquoise,Open,Black,Solid,No,Yes,Salmon,No,None,No
2500,Robingoose #2500,Honk honk,goose_2500.png,Goose,White,Orange,Open,Purple,Two Tone,No,Yes,Blue,No,None,No
2501,Robingoose #2501,Honk honk,goose_2501.png,Goose,Orange,Lime,Open,Black,Solid,Yes,No,None,No,None,No
2502,Robingoose #2502,Honk honk,goose_2502.png,Goose,Lime,Turquoise,Open,Black,Solid,No,Yes,Lime,No,None,No
2503,Robingoose #2503,Honk honk,goose_2503.png,Goose,Red,White,Closed,Black,Solid,No,No,None,No,None,No
2504,Robingoose #2504,Honk honk,goose_2504.png,Goose,Green,Sky Blue,Open,Black,Solid,No,Yes,Green,No,None,No
2505,Robingoose #2505,Honk honk,goose_2505.png,Goose,Orange,Green,Closed,Purple,Two Tone,No,No,None,No,None,No
2506,Robingoose #2506,Honk honk,goose_2506.png,Goose,White,Orange,Closed,Lime,Two Tone,No,Yes,White,No,None,Yes
2507,Robingoose #2507,Honk honk,goose_2507.png,Goose,White,Black,Open,Sky Blue,Two Tone,No,No,None,Yes,Black,No
2508,Robingoose #2508,Honk honk,goose_2508.png,Goose,Black,Yellow,Open,Pink,Two Tone,Yes,No,None,Yes,Yellow,No
2509,Robingoose #2509,Honk honk,goose_2509.png,Goose,Salmon,Black,Open,Pink,Solid,No,Yes,Turquoise,No,None,No
2510,Robingoose #2510,Honk honk,goose_2510.png,Goose,White,Orange,Closed,Black,Solid,No,Yes,Green,No,None,No
2511,Robingoose #2511,Honk honk,goose_2511.png,Goose,Blue,Lime,Open,White,Two Tone,No,No,None,No,None,Yes
2512,Robingoose #2512,Honk honk,goose_2512.png,Goose,Green,Orange,Closed,Pink,Two Tone,No,Yes,Green,No,None,Yes
2513,Robingoose #2513,Honk honk,goose_2513.png,Goose,Sky Blue,Green,Open,Coral,Two Tone,No,Yes,Sky Blue,No,None,No
2514,Robingoose #2514,Honk honk,goose_2514.png,Goose,White,Orange,Closed,Salmon,Two Tone,No,Yes,Blue,No,None,No
2515,Robingoose #2515,Honk honk,goose_2515.png,Goose,White,Black,Open,Purple,Solid,No,Yes,Salmon,No,None,No
2516,Robingoose #2516,Honk honk,goose_2516.png,Goose,White,Orange,Open,Yellow,Two Tone,No,Yes,White,No,None,Yes
2517,Robingoose #2517,Honk honk,goose_2517.png,Goose,Coral,Orange,Closed,Purple,Two Tone,No,Yes,Red,No,None,Yes
2518,Robingoose #2518,Honk honk,goose_2518.png,Goose,Turquoise,Yellow,Open,Sky Blue,Two Tone,Yes,Yes,Turquoise,No,None,No
2519,Robingoose #2519,Honk honk,goose_2519.png,Goose,Coral,White,Open,Pink,Two Tone,No,Yes,Coral,No,None,Yes
2520,Robingoose #2520,Honk honk,goose_2520.png,Goose,White,Yellow,Closed,Turquoise,Two Tone,No,No,None,No,None,Yes
2521,Robingoose #2521,Honk honk,goose_2521.png,Goose,Salmon,Pink,Open,Blue,Two Tone,Yes,No,None,No,None,Yes
2522,Robingoose #2522,Honk honk,goose_2522.png,Goose,Green,Red,Open,Black,Solid,Yes,No,None,No,None,No
2523,Robingoose #2523,Honk honk,goose_2523.png,Goose,Lime,Orange,Open,Salmon,Two Tone,No,Yes,Lime,No,None,No
2524,Robingoose #2524,Honk honk,goose_2524.png,Goose,Yellow,Blue,Closed,Purple,Two Tone,No,No,None,No,None,Yes
2525,Robingoose #2525,Honk honk,goose_2525.png,Goose,Orange,Yellow,Closed,Black,Solid,No,Yes,Blue,No,None,No
2526,Robingoose #2526,Honk honk,goose_2526.png,Goose,Orange,Coral,Closed,Black,Solid,No,Yes,Orange,No,None,No
2527,Robingoose #2527,Honk honk,goose_2527.png,Goose,White,Yellow,Open,Green,Two Tone,No,No,None,No,None,No
2528,Robingoose #2528,Honk honk,goose_2528.png,Goose,White,Yellow,Closed,Purple,Two Tone,No,No,None,Yes,Black,No
2529,Robingoose #2529,Honk honk,goose_2529.png,Goose,Coral,Red,Closed,Black,Solid,No,Yes,Red,No,None,No
2530,Robingoose #2530,Honk honk,goose_2530.png,Goose,Turquoise,Coral,Open,Red,Two Tone,No,No,None,Yes,Yellow,No
2531,Robingoose #2531,Honk honk,goose_2531.png,Goose,Coral,Orange,Closed,Black,Solid,No,Yes,Green,No,None,No
2532,Robingoose #2532,Honk honk,goose_2532.png,Goose,White,Green,Open,Red,Two Tone,No,No,None,No,None,Yes
2533,Robingoose #2533,Honk honk,goose_2533.png,Goose,Orange,Salmon,Closed,Turquoise,Two Tone,No,Yes,Orange,No,None,No
2534,Robingoose #2534,Honk honk,goose_2534.png,Goose,White,Lime,Open,Turquoise,Two Tone,Yes,No,None,No,None,Yes
2535,Robingoose #2535,Honk honk,goose_2535.png,Goose,Red,Turquoise,Open,Black,Solid,No,Yes,Red,No,None,No
2536,Robingoose #2536,Honk honk,goose_2536.png,Goose,Purple,Sky Blue,Closed,Black,Solid,No,No,None,No,None,No
2537,Robingoose #2537,Honk honk,goose_2537.png,Goose,White,Yellow,Open,Coral,Two Tone,No,Yes,White,No,None,Yes
2538,Robingoose #2538,Honk honk,goose_2538.png,Goose,White,Orange,Closed,Purple,Two Tone,No,No,None,No,None,Yes
2539,Robingoose #2539,Honk honk,goose_2539.png,Goose,Green,Turquoise,Open,Black,Solid,Yes,No,None,No,None,No
2540,Robingoose #2540,Honk honk,goose_2540.png,Goose,Turquoise,Red,Open,Pink,Two Tone,No,No,None,No,None,No
2541,Robingoose #2541,Honk honk,goose_2541.png,Goose,White,Pink,Open,Black,Solid,No,Yes,White,No,None,No
2542,Robingoose #2542,Honk honk,goose_2542.png,Goose,Green,Orange,Closed,Salmon,Two Tone,No,No,None,No,None,Yes
2543,Robingoose #2543,Honk honk,goose_2543.png,Goose,Yellow,Sky Blue,Open,Black,Solid,Yes,No,None,No,None,No
2544,Robingoose #2544,Honk honk,goose_2544.png,Goose,Red,Black,Open,Turquoise,Solid,No,No,None,No,None,No
2545,Robingoose #2545,Honk honk,goose_2545.png,Goose,Green,Yellow,Open,Pink,Two Tone,Yes,No,None,No,None,No
2546,Robingoose #2546,Honk honk,goose_2546.png,Goose,Purple,Turquoise,Closed,Red,Two Tone,No,Yes,Purple,No,None,No
2547,Robingoose #2547,Honk honk,goose_2547.png,Goose,Pink,Sky Blue,Closed,Purple,Two Tone,No,No,None,No,None,No
2548,Robingoose #2548,Honk honk,goose_2548.png,Goose,Pink,Lime,Open,Black,Solid,No,No,None,No,None,No
2549,Robingoose #2549,Honk honk,goose_2549.png,Goose,Turquoise,Salmon,Open,Black,Solid,Yes,Yes,Turquoise,No,None,No
2550,Robingoose #2550,Honk honk,goose_2550.png,Goose,Pink,Orange,Open,Blue,Two Tone,No,Yes,Pink,No,None,No
2551,Robingoose #2551,Honk honk,goose_2551.png,Goose,White,Purple,Open,Turquoise,Two Tone,Yes,Yes,Blue,No,None,No
2552,Robingoose #2552,Honk honk,goose_2552.png,Goose,Salmon,Turquoise,Open,Yellow,Two Tone,No,Yes,Turquoise,No,None,No
2553,Robingoose #2553,Honk honk,goose_2553.png,Goose,Orange,Black,Closed,Sky Blue,Solid,No,No,None,No,None,No
2554,Robingoose #2554,Honk honk,goose_2554.png,Goose,Coral,Yellow,Open,Red,Two Tone,Yes,No,None,No,None,Yes
2555,Robingoose #2555,Honk honk,goose_2555.png,Goose,White,Black,Closed,Pink,Solid,No,Yes,White,No,None,No
2556,Robingoose #2556,Honk honk,goose_2556.png,Goose,Black,Turquoise,Open,White,Solid,Yes,Yes,Black,No,None,No
2557,Robingoose #2557,Honk honk,goose_2557.png,Goose,Blue,Orange,Open,Black,Solid,No,Yes,Blue,No,None,No
2558,Robingoose #2558,Honk honk,goose_2558.png,Goose,Orange,Sky Blue,Closed,White,Two Tone,No,No,None,No,None,No
2559,Robingoose #2559,Honk honk,goose_2559.png,Goose,White,Yellow,Open,Salmon,Two Tone,No,Yes,White,No,None,Yes
2560,Robingoose #2560,Honk honk,goose_2560.png,Goose,Green,Salmon,Open,Black,Solid,Yes,Yes,Green,No,None,No
2561,Robingoose #2561,Honk honk,goose_2561.png,Goose,Red,Salmon,Open,Black,Solid,No,No,None,No,None,No
2562,Robingoose #2562,Honk honk,goose_2562.png,Goose,Yellow,Orange,Open,Turquoise,Two Tone,Yes,Yes,Yellow,No,None,Yes
2563,Robingoose #2563,Honk honk,goose_2563.png,Goose,Yellow,White,Open,Black,Solid,No,Yes,Yellow,No,None,No
2564,Robingoose #2564,Honk honk,goose_2564.png,Goose,Black,Blue,Closed,Sky Blue,Two Tone,No,No,None,No,None,No
2565,Robingoose #2565,Honk honk,goose_2565.png,Goose,White,Purple,Closed,Black,Solid,No,Yes,Sky Blue,No,None,No
2566,Robingoose #2566,Honk honk,goose_2566.png,Goose,Salmon,Yellow,Closed,Coral,Two Tone,No,No,None,No,None,No
2567,Robingoose #2567,Honk honk,goose_2567.png,Goose,Turquoise,Yellow,Open,Orange,Two Tone,No,Yes,Turquoise,No,None,Yes
2568,Robingoose #2568,Honk honk,goose_2568.png,Goose,Turquoise,Orange,Open,Purple,Two Tone,Yes,No,None,Yes,Yellow,No
2569,Robingoose #2569,Honk honk,goose_2569.png,Goose,Purple,Yellow,Open,Blue,Two Tone,Yes,No,None,No,None,No
2570,Robingoose #2570,Honk honk,goose_2570.png,Goose,Coral,Lime,Open,Black,Solid,Yes,No,None,No,None,No
2571,Robingoose #2571,Honk honk,goose_2571.png,Goose,Coral,Orange,Closed,Black,Solid,No,Yes,Yellow,No,None,No
2572,Robingoose #2572,Honk honk,goose_2572.png,Goose,White,Orange,Open,Yellow,Two Tone,Yes,No,None,Yes,Yellow,No
2573,Robingoose #2573,Honk honk,goose_2573.png,Goose,Turquoise,White,Closed,Yellow,Two Tone,No,No,None,No,None,Yes
2574,Robingoose #2574,Honk honk,goose_2574.png,Goose,Green,Pink,Open,Black,Solid,Yes,Yes,Green,No,None,No
2575,Robingoose #2575,Honk honk,goose_2575.png,Goose,Turquoise,Yellow,Open,Black,Solid,Yes,Yes,Green,No,None,No
2576,Robingoose #2576,Honk honk,goose_2576.png,Goose,Salmon,Coral,Closed,Blue,Two Tone,No,Yes,Salmon,No,None,No
2577,Robingoose #2577,Honk honk,goose_2577.png,Goose,Green,Yellow,Closed,Coral,Two Tone,No,No,None,No,None,No
2578,Robingoose #2578,Honk honk,goose_2578.png,Goose,Blue,Orange,Closed,Black,Solid,No,Yes,White,No,None,No
2579,Robingoose #2579,Honk honk,goose_2579.png,Goose,Coral,Turquoise,Open,Black,Solid,Yes,Yes,White,No,None,No
2580,Robingoose #2580,Honk honk,goose_2580.png,Goose,Lime,Orange,Open,Black,Solid,No,Yes,Lime,No,None,No
2581,Robingoose #2581,Honk honk,goose_2581.png,Goose,White,Coral,Closed,Red,Two Tone,No,No,None,Yes,Black,No
2582,Robingoose #2582,Honk honk,goose_2582.png,Goose,Yellow,Orange,Closed,Purple,Two Tone,No,Yes,Yellow,No,None,No
2583,Robingoose #2583,Honk honk,goose_2583.png,Goose,Turquoise,Orange,Open,Black,Solid,No,Yes,Turquoise,No,None,No
2584,Robingoose #2584,Honk honk,goose_2584.png,Goose,White,Red,Closed,Turquoise,Two Tone,No,No,None,No,None,Yes
2585,Robingoose #2585,Honk honk,goose_2585.png,Goose,Orange,Purple,Closed,White,Two Tone,No,No,None,Yes,Black,No
2586,Robingoose #2586,Honk honk,goose_2586.png,Goose,White,Yellow,Open,Turquoise,Two Tone,Yes,Yes,White,No,None,No
2587,Robingoose #2587,Honk honk,goose_2587.png,Goose,Purple,Orange,Closed,Green,Two Tone,No,Yes,Purple,No,None,No
2588,Robingoose #2588,Honk honk,goose_2588.png,Goose,Red,Yellow,Closed,Sky Blue,Two Tone,No,No,None,Yes,Black,No
2589,Robingoose #2589,Honk honk,goose_2589.png,Goose,Salmon,Black,Open,Purple,Solid,Yes,No,None,No,None,No
2590,Robingoose #2590,Honk honk,goose_2590.png,Goose,Turquoise,Black,Open,Yellow,Solid,No,No,None,No,None,No
2591,Robingoose #2591,Honk honk,goose_2591.png,Goose,Blue,Green,Open,Lime,Two Tone,No,Yes,Blue,No,None,No
2592,Robingoose #2592,Honk honk,goose_2592.png,Goose,White,Yellow,Open,Red,Two Tone,Yes,No,None,Yes,Black,No
2593,Robingoose #2593,Honk honk,goose_2593.png,Goose,Lime,White,Open,Green,Two Tone,No,No,None,No,None,No
2594,Robingoose #2594,Honk honk,goose_2594.png,Goose,Yellow,Orange,Closed,Salmon,Two Tone,No,Yes,Red,No,None,Yes
2595,Robingoose #2595,Honk honk,goose_2595.png,Goose,Yellow,Black,Open,Green,Two Tone,Yes,Yes,Yellow,No,None,No
2596,Robingoose #2596,Honk honk,goose_2596.png,Goose,Purple,Orange,Open,Yellow,Two Tone,No,No,None,No,None,No
2597,Robingoose #2597,Honk honk,goose_2597.png,Goose,White,Yellow,Open,Sky Blue,Two Tone,Yes,Yes,White,No,None,Yes
2598,Robingoose #2598,Honk honk,goose_2598.png,Goose,Black,Blue,Closed,Red,Solid,No,Yes,Black,No,None,No
2599,Robingoose #2599,Honk honk,goose_2599.png,Goose,Turquoise,Coral,Closed,White,Two Tone,No,Yes,Green,No,None,No
2600,Robingoose #2600,Honk honk,goose_2600.png,Goose,Green,Blue,Closed,Coral,Two Tone,No,Yes,Blue,No,None,No
2601,Robingoose #2601,Honk honk,goose_2601.png,Goose,White,Turquoise,Open,Blue,Two Tone,Yes,No,None,Yes,Black,No
2602,Robingoose #2602,Honk honk,goose_2602.png,Goose,White,Yellow,Closed,Coral,Two Tone,No,Yes,Orange,No,None,No
2603,Robingoose #2603,Honk honk,goose_2603.png,Goose,White,Yellow,Open,Pink,Two Tone,No,Yes,Red,No,None,No
2604,Robingoose #2604,Honk honk,goose_2604.png,Goose,Black,Yellow,Open,Purple,Two Tone,Yes,No,None,Yes,Yellow,No
2605,Robingoose #2605,Honk honk,goose_2605.png,Goose,White,Orange,Open,Purple,Two Tone,Yes,No,None,No,None,Yes
2606,Robingoose #2606,Honk honk,goose_2606.png,Goose,White,Orange,Closed,Pink,Two Tone,No,No,None,No,None,Yes
2607,Robingoose #2607,Honk honk,goose_2607.png,Goose,Orange,Coral,Open,Turquoise,Two Tone,Yes,No,None,No,None,No
2608,Robingoose #2608,Honk honk,goose_2608.png,Goose,Black,Coral,Open,Purple,Two Tone,Yes,No,None,No,None,No
2609,Robingoose #2609,Honk honk,goose_2609.png,Goose,Lime,Orange,Open,Black,Solid,No,Yes,Turquoise,No,None,No
2610,Robingoose #2610,Honk honk,goose_2610.png,Goose,Orange,White,Closed,Turquoise,Two Tone,No,Yes,Yellow,No,None,Yes
2611,Robingoose #2611,Honk honk,goose_2611.png,Goose,Black,Purple,Open,White,Solid,Yes,No,None,No,None,No
2612,Robingoose #2612,Honk honk,goose_2612.png,Goose,Pink,Red,Open,Coral,Two Tone,No,No,None,No,None,No
2613,Robingoose #2613,Honk honk,goose_2613.png,Goose,Black,Orange,Open,White,Solid,No,Yes,Black,No,None,No
2614,Robingoose #2614,Honk honk,goose_2614.png,Goose,White,Sky Blue,Open,Coral,Two Tone,No,Yes,White,No,None,No
2615,Robingoose #2615,Honk honk,goose_2615.png,Goose,White,Yellow,Closed,Orange,Two Tone,No,No,None,No,None,Yes
2616,Robingoose #2616,Honk honk,goose_2616.png,Goose,Sky Blue,White,Closed,Black,Solid,No,Yes,White,No,None,No
2617,Robingoose #2617,Honk honk,goose_2617.png,Goose,Lime,Green,Open,Red,Two Tone,No,Yes,Lime,No,None,Yes
2618,Robingoose #2618,Honk honk,goose_2618.png,Goose,Black,Yellow,Open,Pink,Two Tone,No,No,None,Yes,Yellow,No
2619,Robingoose #2619,Honk honk,goose_2619.png,Goose,Green,Black,Closed,Red,Two Tone,No,No,None,Yes,Yellow,No
2620,Robingoose #2620,Honk honk,goose_2620.png,Goose,Turquoise,Purple,Open,Black,Solid,No,Yes,Turquoise,No,None,No
2621,Robingoose #2621,Honk honk,goose_2621.png,Goose,White,Orange,Open,Salmon,Two Tone,No,No,None,No,None,Yes
2622,Robingoose #2622,Honk honk,goose_2622.png,Goose,Black,Green,Open,White,Solid,No,No,None,No,None,No
2623,Robingoose #2623,Honk honk,goose_2623.png,Goose,Purple,Black,Open,Turquoise,Solid,No,No,None,No,None,No
2624,Robingoose #2624,Honk honk,goose_2624.png,Goose,Orange,Turquoise,Open,Black,Solid,Yes,Yes,Orange,No,None,No
2625,Robingoose #2625,Honk honk,goose_2625.png,Goose,White,Yellow,Open,Turquoise,Two Tone,No,No,None,Yes,Black,No
2626,Robingoose #2626,Honk honk,goose_2626.png,Goose,Sky Blue,Red,Closed,Black,Solid,No,Yes,Blue,No,None,No
2627,Robingoose #2627,Honk honk,goose_2627.png,Goose,White,Blue,Closed,Coral,Two Tone,No,Yes,White,No,None,No
2628,Robingoose #2628,Honk honk,goose_2628.png,Goose,Pink,Orange,Closed,Green,Two Tone,No,No,None,Yes,Yellow,No
2629,Robingoose #2629,Honk honk,goose_2629.png,Goose,Sky Blue,Black,Closed,Red,Solid,No,No,None,No,None,No
2630,Robingoose #2630,Honk honk,goose_2630.png,Goose,White,Yellow,Open,Turquoise,Two Tone,No,No,None,Yes,Yellow,No
2631,Robingoose #2631,Honk honk,goose_2631.png,Goose,Blue,Turquoise,Closed,Orange,Two Tone,No,No,None,No,None,No
2632,Robingoose #2632,Honk honk,goose_2632.png,Goose,Salmon,Black,Closed,Green,Solid,No,Yes,Salmon,No,None,No
2633,Robingoose #2633,Honk honk,goose_2633.png,Goose,White,Yellow,Open,Sky Blue,Two Tone,No,Yes,Coral,No,None,No
2634,Robingoose #2634,Honk honk,goose_2634.png,Goose,Sky Blue,Orange,Closed,Salmon,Two Tone,No,No,None,Yes,Yellow,No
2635,Robingoose #2635,Honk honk,goose_2635.png,Goose,Turquoise,Black,Closed,Green,Solid,No,Yes,Turquoise,No,None,No
2636,Robingoose #2636,Honk honk,goose_2636.png,Goose,Salmon,Yellow,Closed,Sky Blue,Two Tone,No,No,None,No,None,Yes
2637,Robingoose #2637,Honk honk,goose_2637.png,Goose,White,Blue,Open,Black,Solid,No,Yes,White,No,None,No
2638,Robingoose #2638,Honk honk,goose_2638.png,Goose,Orange,Black,Closed,Black,Solid,No,Yes,Orange,No,None,No
2639,Robingoose #2639,Honk honk,goose_2639.png,Goose,Blue,Purple,Open,Coral,Two Tone,No,No,None,Yes,Black,No
2640,Robingoose #2640,Honk honk,goose_2640.png,Goose,Blue,Yellow,Open,Black,Solid,Yes,No,None,No,None,No
2641,Robingoose #2641,Honk honk,goose_2641.png,Goose,White,Red,Closed,Black,Solid,No,Yes,Pink,No,None,No
2642,Robingoose #2642,Honk honk,goose_2642.png,Goose,Coral,Black,Open,Red,Solid,No,Yes,Coral,No,None,No
2643,Robingoose #2643,Honk honk,goose_2643.png,Goose,Pink,Sky Blue,Open,Black,Solid,Yes,No,None,No,None,No
2644,Robingoose #2644,Honk honk,goose_2644.png,Goose,White,Turquoise,Closed,Sky Blue,Two Tone,No,No,None,No,None,No
2645,Robingoose #2645,Honk honk,goose_2645.png,Goose,White,Orange,Open,Turquoise,Two Tone,No,No,None,No,None,No
2646,Robingoose #2646,Honk honk,goose_2646.png,Goose,White,Orange,Open,Pink,Two Tone,No,No,None,Yes,Black,No
2647,Robingoose #2647,Honk honk,goose_2647.png,Goose,Coral,Yellow,Closed,Black,Solid,No,Yes,Yellow,No,None,No
2648,Robingoose #2648,Honk honk,goose_2648.png,Goose,Orange,Sky Blue,Open,Black,Solid,Yes,Yes,Orange,No,None,No
2649,Robingoose #2649,Honk honk,goose_2649.png,Goose,Salmon,Yellow,Open,Orange,Two Tone,Yes,No,None,No,None,Yes
2650,Robingoose #2650,Honk honk,goose_2650.png,Goose,Turquoise,Lime,Open,Coral,Two Tone,Yes,Yes,Turquoise,No,None,No
2651,Robingoose #2651,Honk honk,goose_2651.png,Goose,White,Orange,Open,Sky Blue,Two Tone,Yes,No,None,Yes,Yellow,No
2652,Robingoose #2652,Honk honk,goose_2652.png,Goose,White,Salmon,Open,Black,Solid,No,Yes,White,No,None,No
2653,Robingoose #2653,Honk honk,goose_2653.png,Goose,Green,Turquoise,Closed,Pink,Two Tone,No,Yes,Green,No,None,No
2654,Robingoose #2654,Honk honk,goose_2654.png,Goose,Lime,Orange,Open,Turquoise,Two Tone,No,Yes,Lime,No,None,No
2655,Robingoose #2655,Honk honk,goose_2655.png,Goose,Purple,Black,Open,Green,Solid,Yes,No,None,No,None,No
2656,Robingoose #2656,Honk honk,goose_2656.png,Goose,Lime,Purple,Closed,Turquoise,Two Tone,No,No,None,No,None,No
2657,Robingoose #2657,Honk honk,goose_2657.png,Goose,Red,Lime,Closed,Green,Two Tone,No,Yes,Red,No,None,Yes
2658,Robingoose #2658,Honk honk,goose_2658.png,Goose,White,Lime,Closed,Sky Blue,Two Tone,No,No,None,No,None,No
2659,Robingoose #2659,Honk honk,goose_2659.png,Goose,Pink,Orange,Open,Black,Solid,No,No,None,No,None,No
2660,Robingoose #2660,Honk honk,goose_2660.png,Goose,Blue,Purple,Closed,Black,Solid,No,No,None,No,None,No
2661,Robingoose #2661,Honk honk,goose_2661.png,Goose,Yellow,Blue,Closed,Black,Solid,No,No,None,No,None,No
2662,Robingoose #2662,Honk honk,goose_2662.png,Goose,White,Turquoise,Open,Pink,Two Tone,No,Yes,White,No,None,No
2663,Robingoose #2663,Honk honk,goose_2663.png,Goose,White,Blue,Closed,Yellow,Two Tone,No,No,None,Yes,Yellow,No
2664,Robingoose #2664,Honk honk,goose_2664.png,Goose,Lime,Green,Open,Black,Solid,Yes,No,None,No,None,No
2665,Robingoose #2665,Honk honk,goose_2665.png,Goose,Yellow,Orange,Open,Black,Solid,No,Yes,Yellow,No,None,No
2666,Robingoose #2666,Honk honk,goose_2666.png,Goose,Yellow,Salmon,Open,Black,Solid,Yes,No,None,No,None,No
2667,Robingoose #2667,Honk honk,goose_2667.png,Goose,Coral,Orange,Open,Green,Two Tone,No,Yes,Coral,No,None,No
2668,Robingoose #2668,Honk honk,goose_2668.png,Goose,Black,Green,Closed,White,Solid,No,Yes,Black,No,None,No
2669,Robingoose #2669,Honk honk,goose_2669.png,Goose,Blue,Orange,Closed,Pink,Two Tone,No,Yes,Blue,No,None,Yes
2670,Robingoose #2670,Honk honk,goose_2670.png,Goose,Red,Yellow,Open,Black,Solid,Yes,Yes,Red,No,None,No
2671,Robingoose #2671,Honk honk,goose_2671.png,Goose,White,Orange,Closed,Coral,Two Tone,No,No,None,Yes,Yellow,No
2672,Robingoose #2672,Honk honk,goose_2672.png,Goose,Black,Orange,Open,Sky Blue,Two Tone,Yes,Yes,Black,No,None,No
2673,Robingoose #2673,Honk honk,goose_2673.png,Goose,Sky Blue,Purple,Open,Black,Solid,No,Yes,Coral,No,None,No
2674,Robingoose #2674,Honk honk,goose_2674.png,Goose,Blue,Purple,Closed,Sky Blue,Two Tone,No,No,None,No,None,No
2675,Robingoose #2675,Honk honk,goose_2675.png,Goose,Salmon,Orange,Open,Yellow,Two Tone,No,No,None,No,None,Yes
2676,Robingoose #2676,Honk honk,goose_2676.png,Goose,Red,Yellow,Open,Black,Solid,Yes,Yes,Orange,No,None,No
2677,Robingoose #2677,Honk honk,goose_2677.png,Goose,Turquoise,Lime,Closed,Salmon,Two Tone,No,No,None,No,None,Yes
2678,Robingoose #2678,Honk honk,goose_2678.png,Goose,Black,Orange,Open,Blue,Two Tone,No,No,None,No,None,No
2679,Robingoose #2679,Honk honk,goose_2679.png,Goose,Turquoise,Blue,Closed,Orange,Two Tone,No,No,None,Yes,Yellow,No
2680,Robingoose #2680,Honk honk,goose_2680.png,Goose,White,Yellow,Closed,Orange,Two Tone,No,No,None,Yes,Yellow,No
2681,Robingoose #2681,Honk honk,goose_2681.png,Goose,Coral,Salmon,Open,Pink,Two Tone,No,No,None,No,None,No
2682,Robingoose #2682,Honk honk,goose_2682.png,Goose,Green,Black,Open,Pink,Two Tone,Yes,No,None,No,None,No
2683,Robingoose #2683,Honk honk,goose_2683.png,Goose,Turquoise,Salmon,Open,Black,Solid,Yes,No,None,No,None,No
2684,Robingoose #2684,Honk honk,goose_2684.png,Goose,Salmon,Turquoise,Open,Green,Two Tone,No,No,None,Yes,Black,No
2685,Robingoose #2685,Honk honk,goose_2685.png,Goose,Orange,Pink,Closed,Red,Two Tone,No,No,None,No,None,No
2686,Robingoose #2686,Honk honk,goose_2686.png,Goose,Black,Orange,Closed,Red,Solid,No,Yes,Red,No,None,No
2687,Robingoose #2687,Honk honk,goose_2687.png,Goose,White,Coral,Open,Black,Solid,Yes,Yes,Green,No,None,No
2688,Robingoose #2688,Honk honk,goose_2688.png,Goose,Lime,Red,Closed,Blue,Two Tone,No,Yes,Green,No,None,No
2689,Robingoose #2689,Honk honk,goose_2689.png,Goose,Purple,White,Open,Black,Solid,Yes,Yes,Purple,No,None,No
2690,Robingoose #2690,Honk honk,goose_2690.png,Goose,Pink,Sky Blue,Open,Black,Solid,Yes,No,None,No,None,No
2691,Robingoose #2691,Honk honk,goose_2691.png,Goose,Salmon,Red,Open,Black,Solid,Yes,Yes,Salmon,No,None,No
2692,Robingoose #2692,Honk honk,goose_2692.png,Goose,Coral,Turquoise,Open,Black,Solid,No,Yes,White,No,None,No
2693,Robingoose #2693,Honk honk,goose_2693.png,Goose,White,Sky Blue,Open,Orange,Two Tone,No,Yes,White,No,None,Yes
2694,Robingoose #2694,Honk honk,goose_2694.png,Goose,Salmon,Purple,Open,Yellow,Two Tone,No,Yes,Salmon,No,None,Yes
2695,Robingoose #2695,Honk honk,goose_2695.png,Goose,White,Black,Open,Blue,Solid,Yes,No,None,No,None,No
2696,Robingoose #2696,Honk honk,goose_2696.png,Goose,Lime,Purple,Closed,Black,Solid,No,Yes,Turquoise,No,None,No
2697,Robingoose #2697,Honk honk,goose_2697.png,Goose,Blue,Black,Open,Coral,Solid,Yes,No,None,No,None,No
2698,Robingoose #2698,Honk honk,goose_2698.png,Goose,Red,Yellow,Closed,White,Two Tone,No,No,None,No,None,Yes
2699,Robingoose #2699,Honk honk,goose_2699.png,Goose,White,Lime,Closed,Green,Two Tone,No,No,None,No,None,Yes
2700,Robingoose #2700,Honk honk,goose_2700.png,Goose,Blue,Yellow,Open,Turquoise,Two Tone,No,Yes,Blue,No,None,No
2701,Robingoose #2701,Honk honk,goose_2701.png,Goose,Blue,White,Open,Turquoise,Two Tone,Yes,Yes,Blue,No,None,Yes
2702,Robingoose #2702,Honk honk,goose_2702.png,Goose,Green,Orange,Open,White,Two Tone,No,Yes,Green,No,None,Yes
2703,Robingoose #2703,Honk honk,goose_2703.png,Panda,,,,,,,,,,,
2704,Robingoose #2704,Honk honk,goose_2704.png,Goose,Black,Yellow,Closed,Turquoise,Two Tone,No,No,None,No,None,No
2705,Robingoose #2705,Honk honk,goose_2705.png,Goose,Purple,Black,Closed,Black,Solid,No,No,None,No,None,No
2706,Robingoose #2706,Honk honk,goose_2706.png,Goose,White,Yellow,Open,Red,Two Tone,No,Yes,White,No,None,No
2707,Robingoose #2707,Honk honk,goose_2707.png,Goose,Lime,Coral,Open,Orange,Two Tone,No,No,None,No,None,Yes
2708,Robingoose #2708,Honk honk,goose_2708.png,Goose,Orange,Turquoise,Open,Black,Solid,No,Yes,Orange,No,None,No
2709,Robingoose #2709,Honk honk,goose_2709.png,Goose,Black,Sky Blue,Closed,Red,Solid,No,No,None,No,None,No
2710,Robingoose #2710,Honk honk,goose_2710.png,Goose,Coral,Yellow,Open,Orange,Two Tone,Yes,No,None,No,None,Yes
2711,Robingoose #2711,Honk honk,goose_2711.png,Goose,Black,Salmon,Open,White,Solid,No,Yes,Black,No,None,No
2712,Robingoose #2712,Honk honk,goose_2712.png,Goose,Pink,Coral,Open,Black,Solid,No,Yes,Turquoise,No,None,No
2713,Robingoose #2713,Honk honk,goose_2713.png,Goose,Orange,Blue,Open,Black,Solid,Yes,Yes,Orange,No,None,No
2714,Robingoose #2714,Honk honk,goose_2714.png,Goose,Yellow,Orange,Closed,Salmon,Two Tone,No,Yes,Yellow,No,None,Yes
2715,Robingoose #2715,Honk honk,goose_2715.png,Goose,Orange,Coral,Closed,Black,Solid,No,Yes,Yellow,No,None,No
2716,Robingoose #2716,Honk honk,goose_2716.png,Goose,Lime,Pink,Open,Black,Solid,No,No,None,No,None,No
2717,Robingoose #2717,Honk honk,goose_2717.png,Goose,Blue,Turquoise,Open,Purple,Two Tone,Yes,No,None,Yes,Yellow,No
2718,Robingoose #2718,Honk honk,goose_2718.png,Goose,Blue,Lime,Open,Red,Two Tone,No,No,None,Yes,Black,No
2719,Robingoose #2719,Honk honk,goose_2719.png,Goose,White,Green,Closed,Pink,Two Tone,No,No,None,No,None,No
2720,Robingoose #2720,Honk honk,goose_2720.png,Goose,White,Green,Closed,Lime,Two Tone,No,Yes,Yellow,No,None,Yes
2721,Robingoose #2721,Honk honk,goose_2721.png,Goose,Red,Turquoise,Closed,Black,Solid,No,No,None,No,None,No
2722,Robingoose #2722,Honk honk,goose_2722.png,Goose,Purple,Green,Open,White,Two Tone,No,No,None,Yes,Yellow,No
2723,Robingoose #2723,Honk honk,goose_2723.png,Goose,Sky Blue,Purple,Open,Blue,Two Tone,Yes,Yes,Sky Blue,No,None,Yes
2724,Robingoose #2724,Honk honk,goose_2724.png,Goose,Turquoise,Orange,Closed,Black,Solid,No,Yes,Lime,No,None,No
2725,Robingoose #2725,Honk honk,goose_2725.png,Goose,Red,Coral,Open,Black,Solid,No,Yes,Red,No,None,No
2726,Robingoose #2726,Honk honk,goose_2726.png,Goose,Red,Yellow,Open,Salmon,Two Tone,No,Yes,Lime,No,None,No
2727,Robingoose #2727,Honk honk,goose_2727.png,Goose,Blue,Orange,Open,Coral,Two Tone,No,Yes,Purple,No,None,Yes
2728,Robingoose #2728,Honk honk,goose_2728.png,Goose,White,Black,Closed,Coral,Solid,No,No,None,No,None,No
2729,Robingoose #2729,Honk honk,goose_2729.png,Goose,Pink,Orange,Open,Turquoise,Two Tone,No,Yes,Purple,No,None,No
2730,Robingoose #2730,Honk honk,goose_2730.png,Goose,Orange,Turquoise,Closed,Black,Solid,No,No,None,No,None,No
2731,Robingoose #2731,Honk honk,goose_2731.png,Goose,Green,Yellow,Closed,Red,Two Tone,No,No,None,Yes,Yellow,No
2732,Robingoose #2732,Honk honk,goose_2732.png,Goose,Coral,Orange,Open,Salmon,Two Tone,Yes,Yes,Black,No,None,Yes
2733,Robingoose #2733,Honk honk,goose_2733.png,Goose,White,Orange,Closed,Red,Two Tone,No,No,None,Yes,Yellow,No
2734,Robingoose #2734,Honk honk,goose_2734.png,Goose,Salmon,Orange,Closed,Yellow,Two Tone,No,No,None,Yes,Black,No
2735,Robingoose #2735,Honk honk,goose_2735.png,Goose,Coral,Orange,Closed,Black,Solid,No,Yes,Red,No,None,No
2736,Robingoose #2736,Honk honk,goose_2736.png,Goose,White,Blue,Closed,Coral,Two Tone,No,No,None,No,None,No
2737,Robingoose #2737,Honk honk,goose_2737.png,Goose,Coral,Yellow,Closed,Purple,Two Tone,No,Yes,Coral,No,None,No
2738,Robingoose #2738,Honk honk,goose_2738.png,Goose,Lime,Orange,Open,Turquoise,Two Tone,No,Yes,Lime,No,None,Yes
2739,Robingoose #2739,Honk honk,goose_2739.png,Goose,Coral,White,Open,Black,Solid,No,Yes,Coral,No,None,No
2740,Robingoose #2740,Honk honk,goose_2740.png,Goose,Pink,Orange,Closed,Sky Blue,Two Tone,No,Yes,Pink,No,None,No
2741,Robingoose #2741,Honk honk,goose_2741.png,Goose,Orange,Yellow,Closed,Blue,Two Tone,No,Yes,Orange,No,None,No
2742,Robingoose #2742,Honk honk,goose_2742.png,Goose,Yellow,Salmon,Closed,Purple,Two Tone,No,No,None,No,None,Yes
2743,Robingoose #2743,Honk honk,goose_2743.png,Goose,Salmon,Green,Closed,Black,Solid,No,Yes,White,No,None,No
2744,Robingoose #2744,Honk honk,goose_2744.png,Goose,Salmon,Yellow,Closed,White,Two Tone,No,No,None,No,None,Yes
2745,Robingoose #2745,Honk honk,goose_2745.png,Goose,Purple,Yellow,Open,Sky Blue,Two Tone,Yes,Yes,Purple,No,None,No
2746,Robingoose #2746,Honk honk,goose_2746.png,Goose,White,Turquoise,Open,Blue,Two Tone,Yes,Yes,Yellow,No,None,No
2747,Robingoose #2747,Honk honk,goose_2747.png,Goose,Red,Black,Closed,Coral,Two Tone,No,No,None,Yes,Black,No
2748,Robingoose #2748,Honk honk,goose_2748.png,Goose,Red,Orange,Open,Black,Solid,No,No,None,No,None,No
2749,Robingoose #2749,Honk honk,goose_2749.png,Goose,Yellow,Salmon,Open,Black,Solid,No,Yes,Yellow,No,None,No
2750,Robingoose #2750,Honk honk,goose_2750.png,Goose,Salmon,White,Open,Lime,Two Tone,Yes,Yes,Salmon,No,None,Yes
2751,Robingoose #2751,Honk honk,goose_2751.png,Goose,Purple,Orange,Open,Pink,Two Tone,No,Yes,Purple,No,None,No
2752,Robingoose #2752,Honk honk,goose_2752.png,Goose,Black,Yellow,Open,Salmon,Two Tone,Yes,No,None,No,None,No
2753,Robingoose #2753,Honk honk,goose_2753.png,Goose,Lime,Red,Closed,White,Two Tone,No,No,None,No,None,Yes
2754,Robingoose #2754,Honk honk,goose_2754.png,Goose,Purple,Salmon,Open,Black,Solid,Yes,No,None,No,None,No
2755,Robingoose #2755,Honk honk,goose_2755.png,Goose,Orange,Salmon,Closed,White,Two Tone,No,No,None,No,None,No
2756,Robingoose #2756,Honk honk,goose_2756.png,Goose,White,Orange,Open,Salmon,Two Tone,Yes,Yes,White,No,None,No
2757,Robingoose #2757,Honk honk,goose_2757.png,Goose,White,Orange,Open,Black,Solid,No,Yes,Sky Blue,No,None,No
2758,Robingoose #2758,Honk honk,goose_2758.png,Goose,Green,Orange,Closed,Coral,Two Tone,No,No,None,Yes,Black,No
2759,Robingoose #2759,Honk honk,goose_2759.png,Goose,Turquoise,Pink,Closed,Blue,Two Tone,No,No,None,Yes,Black,No
2760,Robingoose #2760,Honk honk,goose_2760.png,Goose,Green,Blue,Open,Black,Solid,No,Yes,Pink,No,None,No
2761,Robingoose #2761,Honk honk,goose_2761.png,Goose,Salmon,Orange,Closed,Purple,Two Tone,No,No,None,Yes,Black,No
2762,Robingoose #2762,Honk honk,goose_2762.png,Goose,Black,Yellow,Open,Red,Solid,Yes,Yes,Lime,No,None,No
2763,Robingoose #2763,Honk honk,goose_2763.png,Goose,Blue,Green,Open,Black,Solid,No,No,None,No,None,No
2764,Robingoose #2764,Honk honk,goose_2764.png,Goose,Lime,Purple,Open,Black,Solid,No,Yes,Lime,No,None,No
2765,Robingoose #2765,Honk honk,goose_2765.png,Goose,Black,Green,Open,White,Solid,No,Yes,Black,No,None,No
2766,Robingoose #2766,Honk honk,goose_2766.png,Goose,Pink,Red,Closed,White,Two Tone,No,No,None,No,None,No
2767,Robingoose #2767,Honk honk,goose_2767.png,Goose,Orange,Green,Open,Lime,Two Tone,Yes,No,None,No,None,No
2768,Robingoose #2768,Honk honk,goose_2768.png,Goose,Lime,Turquoise,Open,Black,Solid,Yes,Yes,Lime,No,None,No
2769,Robingoose #2769,Honk honk,goose_2769.png,Goose,Red,Yellow,Open,Turquoise,Two Tone,No,Yes,Red,No,None,Yes
2770,Robingoose #2770,Honk honk,goose_2770.png,Goose,Blue,Black,Closed,Sky Blue,Two Tone,No,No,None,Yes,Black,No
2771,Robingoose #2771,Honk honk,goose_2771.png,Goose,Yellow,Purple,Open,Black,Solid,Yes,No,None,No,None,No
2772,Robingoose #2772,Honk honk,goose_2772.png,Goose,Turquoise,Red,Closed,Lime,Two Tone,No,No,None,No,None,Yes
2773,Robingoose #2773,Honk honk,goose_2773.png,Goose,White,Red,Closed,Yellow,Two Tone,No,Yes,White,No,None,Yes
2774,Robingoose #2774,Honk honk,goose_2774.png,Goose,Red,Orange,Open,Black,Solid,No,Yes,Red,No,None,No
2775,Robingoose #2775,Honk honk,goose_2775.png,Goose,Blue,Purple,Open,Black,Solid,Yes,Yes,Blue,No,None,No
2776,Robingoose #2776,Honk honk,goose_2776.png,Goose,Pink,Yellow,Closed,White,Two Tone,No,Yes,Pink,No,None,No
2777,Robingoose #2777,Honk honk,goose_2777.png,Goose,Black,Orange,Open,Pink,Two Tone,Yes,Yes,Black,No,None,Yes
2778,Robingoose #2778,Honk honk,goose_2778.png,Goose,Coral,Lime,Open,Black,Solid,Yes,No,None,No,None,No
2779,Robingoose #2779,Honk honk,goose_2779.png,Goose,Black,Orange,Open,Coral,Two Tone,Yes,No,None,Yes,Yellow,No
2780,Robingoose #2780,Honk honk,goose_2780.png,Goose,Black,Coral,Open,Red,Two Tone,Yes,No,None,Yes,Yellow,No
2781,Robingoose #2781,Honk honk,goose_2781.png,Goose,White,Pink,Closed,Purple,Two Tone,No,No,None,Yes,Black,No
2782,Robingoose #2782,Honk honk,goose_2782.png,Goose,Coral,Orange,Closed,Turquoise,Two Tone,No,Yes,Orange,No,None,No
2783,Robingoose #2783,Honk honk,goose_2783.png,Goose,White,Orange,Closed,Green,Two Tone,No,Yes,White,No,None,No
2784,Robingoose #2784,Honk honk,goose_2784.png,Goose,Black,Orange,Open,Red,Solid,Yes,Yes,Green,No,None,No
2785,Robingoose #2785,Honk honk,goose_2785.png,Goose,Yellow,Black,Open,Red,Two Tone,Yes,No,None,No,None,No
2786,Robingoose #2786,Honk honk,goose_2786.png,Goose,Green,Lime,Open,Salmon,Two Tone,Yes,Yes,Sky Blue,No,None,Yes
2787,Robingoose #2787,Honk honk,goose_2787.png,Goose,Salmon,Orange,Open,Green,Two Tone,No,No,None,Yes,Black,No
2788,Robingoose #2788,Honk honk,goose_2788.png,Goose,Pink,Black,Closed,Salmon,Solid,No,Yes,Pink,No,None,No
2789,Robingoose #2789,Honk honk,goose_2789.png,Goose,Sky Blue,Yellow,Open,Salmon,Two Tone,No,Yes,Sky Blue,No,None,Yes
2790,Robingoose #2790,Honk honk,goose_2790.png,Goose,Turquoise,Blue,Open,Black,Solid,Yes,Yes,Black,No,None,No
2791,Robingoose #2791,Honk honk,goose_2791.png,Goose,Orange,Coral,Open,Black,Solid,No,Yes,Salmon,No,None,No
2792,Robingoose #2792,Honk honk,goose_2792.png,Goose,Black,Orange,Open,Lime,Two Tone,No,Yes,Black,No,None,Yes
2793,Robingoose #2793,Honk honk,goose_2793.png,Goose,Blue,Black,Closed,Green,Two Tone,No,No,None,No,None,No
2794,Robingoose #2794,Honk honk,goose_2794.png,Goose,White,Black,Closed,Sky Blue,Solid,No,Yes,White,No,None,No
2795,Robingoose #2795,Honk honk,goose_2795.png,Goose,Blue,Yellow,Open,Coral,Two Tone,No,No,None,No,None,No
2796,Robingoose #2796,Honk honk,goose_2796.png,Goose,Purple,Green,Open,Coral,Two Tone,No,No,None,No,None,No
2797,Robingoose #2797,Honk honk,goose_2797.png,Goose,Coral,Sky Blue,Open,Black,Solid,No,No,None,No,None,No
2798,Robingoose #2798,Honk honk,goose_2798.png,Goose,Yellow,Pink,Closed,Red,Two Tone,No,No,None,No,None,No
2799,Robingoose #2799,Honk honk,goose_2799.png,Goose,Orange,Yellow,Open,Salmon,Two Tone,No,No,None,No,None,Yes
2800,Robingoose #2800,Honk honk,goose_2800.png,Goose,Turquoise,Yellow,Closed,Purple,Two Tone,No,No,None,No,None,No
2801,Robingoose #2801,Honk honk,goose_2801.png,Goose,Coral,Pink,Open,Black,Solid,No,Yes,Turquoise,No,None,No
2802,Robingoose #2802,Honk honk,goose_2802.png,Goose,White,Purple,Open,Black,Solid,Yes,Yes,White,No,None,No
2803,Robingoose #2803,Honk honk,goose_2803.png,Goose,White,Purple,Closed,Pink,Two Tone,No,No,None,No,None,Yes
2804,Robingoose #2804,Honk honk,goose_2804.png,Goose,Blue,Coral,Closed,White,Two Tone,No,No,None,No,None,No
2805,Robingoose #2805,Honk honk,goose_2805.png,Goose,Blue,Red,Open,Purple,Two Tone,Yes,No,None,No,None,Yes
2806,Robingoose #2806,Honk honk,goose_2806.png,Goose,Red,Lime,Closed,Blue,Two Tone,No,No,None,Yes,Black,No
2807,Robingoose #2807,Honk honk,goose_2807.png,Goose,Turquoise,Yellow,Open,Red,Two Tone,No,No,None,No,None,Yes
2808,Robingoose #2808,Honk honk,goose_2808.png,Goose,Purple,Sky Blue,Closed,Black,Solid,No,Yes,Purple,No,None,No
2809,Robingoose #2809,Honk honk,goose_2809.png,Goose,White,Yellow,Open,Purple,Two Tone,Yes,No,None,No,None,Yes
2810,Robingoose #2810,Honk honk,goose_2810.png,Goose,Black,Yellow,Closed,Purple,Two Tone,No,No,None,No,None,Yes
2811,Robingoose #2811,Honk honk,goose_2811.png,Goose,White,Turquoise,Closed,Black,Solid,No,Yes,Yellow,No,None,No
2812,Robingoose #2812,Honk honk,goose_2812.png,Goose,Salmon,Yellow,Closed,Black,Solid,No,Yes,Lime,No,None,No
2813,Robingoose #2813,Honk honk,goose_2813.png,Goose,White,Purple,Open,Green,Two Tone,Yes,No,None,No,None,Yes
2814,Robingoose #2814,Honk honk,goose_2814.png,Goose,Pink,Turquoise,Open,Black,Solid,Yes,Yes,White,No,None,No
2815,Robingoose #2815,Honk honk,goose_2815.png,Goose,Red,Yellow,Open,Black,Solid,No,Yes,Blue,No,None,No
2816,Robingoose #2816,Honk honk,goose_2816.png,Goose,Red,Orange,Closed,Pink,Two Tone,No,Yes,Red,No,None,Yes
2817,Robingoose #2817,Honk honk,goose_2817.png,Goose,White,Pink,Closed,Turquoise,Two Tone,No,Yes,Pink,No,None,No
2818,Robingoose #2818,Honk honk,goose_2818.png,Goose,White,Salmon,Open,Purple,Two Tone,Yes,No,None,Yes,Yellow,No
2819,Robingoose #2819,Honk honk,goose_2819.png,Goose,Yellow,Coral,Open,Black,Solid,Yes,Yes,Yellow,No,None,No
2820,Robingoose #2820,Honk honk,goose_2820.png,Goose,White,Pink,Closed,Blue,Two Tone,No,No,None,Yes,Black,No
2821,Robingoose #2821,Honk honk,goose_2821.png,Goose,Coral,Yellow,Open,Green,Two Tone,No,Yes,Coral,No,None,No
2822,Robingoose #2822,Honk honk,goose_2822.png,Goose,Blue,Orange,Closed,Black,Solid,No,Yes,Purple,No,None,No
2823,Robingoose #2823,Honk honk,goose_2823.png,Goose,White,Yellow,Closed,Red,Two Tone,No,No,None,Yes,Black,No
2824,Robingoose #2824,Honk honk,goose_2824.png,Goose,Lime,Turquoise,Open,Black,Solid,Yes,No,None,No,None,No
2825,Robingoose #2825,Honk honk,goose_2825.png,Goose,Sky Blue,Lime,Open,Black,Solid,No,Yes,Sky Blue,No,None,No
2826,Robingoose #2826,Honk honk,goose_2826.png,Goose,Orange,Red,Open,Black,Solid,Yes,No,None,No,None,No
2827,Robingoose #2827,Honk honk,goose_2827.png,Goose,White,Orange,Open,Yellow,Two Tone,No,No,None,Yes,Yellow,No
2828,Robingoose #2828,Honk honk,goose_2828.png,Goose,Orange,Pink,Open,Black,Solid,No,No,None,No,None,No
2829,Robingoose #2829,Honk honk,goose_2829.png,Goose,Coral,Purple,Closed,Sky Blue,Two Tone,No,No,None,No,None,No
2830,Robingoose #2830,Honk honk,goose_2830.png,Goose,Coral,Orange,Open,Pink,Two Tone,No,No,None,Yes,Yellow,No
2831,Robingoose #2831,Honk honk,goose_2831.png,Goose,Coral,Black,Closed,Blue,Two Tone,No,Yes,Sky Blue,No,None,No
2832,Robingoose #2832,Honk honk,goose_2832.png,Goose,White,Sky Blue,Open,Black,Solid,Yes,Yes,Orange,No,None,No
2833,Robingoose #2833,Honk honk,goose_2833.png,Goose,Coral,Yellow,Open,Purple,Two Tone,No,Yes,Turquoise,No,None,No
2834,Robingoose #2834,Honk honk,goose_2834.png,Goose,Sky Blue,Orange,Open,Blue,Two Tone,Yes,No,None,No,None,Yes
2835,Robingoose #2835,Honk honk,goose_2835.png,Goose,White,Orange,Closed,Purple,Two Tone,No,Yes,White,No,None,Yes
2836,Robingoose #2836,Honk honk,goose_2836.png,Goose,Green,Coral,Open,Yellow,Two Tone,No,Yes,Green,No,None,No
2837,Robingoose #2837,Honk honk,goose_2837.png,Goose,White,Orange,Open,Sky Blue,Two Tone,Yes,No,None,No,None,Yes
2838,Robingoose #2838,Honk honk,goose_2838.png,Goose,Pink,Green,Open,Salmon,Two Tone,Yes,No,None,Yes,Yellow,No
2839,Robingoose #2839,Honk honk,goose_2839.png,Goose,Black,Orange,Closed,Purple,Two Tone,No,Yes,Sky Blue,No,None,Yes
2840,Robingoose #2840,Honk honk,goose_2840.png,Goose,Red,Sky Blue,Closed,Pink,Two Tone,No,No,None,No,None,No
2841,Robingoose #2841,Honk honk,goose_2841.png,Goose,Purple,Orange,Closed,Pink,Two Tone,No,No,None,Yes,Black,No
2842,Robingoose #2842,Honk honk,goose_2842.png,Goose,Pink,Black,Open,Turquoise,Solid,No,No,None,No,None,No
2843,Robingoose #2843,Honk honk,goose_2843.png,Goose,Salmon,White,Open,Black,Solid,No,No,None,No,None,No
2844,Robingoose #2844,Honk honk,goose_2844.png,Goose,White,Turquoise,Open,Salmon,Two Tone,Yes,No,None,No,None,No
2845,Robingoose #2845,Honk honk,goose_2845.png,Goose,Pink,Salmon,Open,Black,Solid,Yes,Yes,Lime,No,None,No
2846,Robingoose #2846,Honk honk,goose_2846.png,Goose,Green,Turquoise,Open,Purple,Two Tone,Yes,No,None,No,None,No
2847,Robingoose #2847,Honk honk,goose_2847.png,Goose,Salmon,Coral,Open,Black,Solid,Yes,Yes,Salmon,No,None,No
2848,Robingoose #2848,Honk honk,goose_2848.png,Goose,Lime,Green,Closed,Black,Solid,No,Yes,Turquoise,No,None,No
2849,Robingoose #2849,Honk honk,goose_2849.png,Goose,Blue,Yellow,Closed,White,Two Tone,No,Yes,Blue,No,None,No
2850,Robingoose #2850,Honk honk,goose_2850.png,Goose,Lime,Red,Open,Black,Solid,Yes,Yes,Orange,No,None,No
2851,Robingoose #2851,Honk honk,goose_2851.png,Goose,Turquoise,Red,Open,Black,Solid,No,Yes,Turquoise,No,None,No
2852,Robingoose #2852,Honk honk,goose_2852.png,Goose,Sky Blue,Turquoise,Closed,White,Two Tone,No,Yes,Sky Blue,No,None,No
2853,Robingoose #2853,Honk honk,goose_2853.png,Goose,Red,Coral,Closed,Blue,Two Tone,No,No,None,No,None,No
2854,Robingoose #2854,Honk honk,goose_2854.png,Goose,Green,Pink,Closed,Lime,Two Tone,No,No,None,No,None,No
2855,Robingoose #2855,Honk honk,goose_2855.png,Goose,Coral,Salmon,Closed,Blue,Two Tone,No,No,None,No,None,No
2856,Robingoose #2856,Honk honk,goose_2856.png,Goose,White,Yellow,Closed,Coral,Two Tone,No,No,None,Yes,Yellow,No
2857,Robingoose #2857,Honk honk,goose_2857.png,Goose,Red,Black,Open,Green,Solid,No,Yes,Red,No,None,No
2858,Robingoose #2858,Honk honk,goose_2858.png,Goose,Green,Yellow,Open,White,Two Tone,No,Yes,Green,No,None,Yes
2859,Robingoose #2859,Honk honk,goose_2859.png,Goose,Coral,Yellow,Open,Orange,Two Tone,No,No,None,Yes,Yellow,No
2860,Robingoose #2860,Honk honk,goose_2860.png,Goose,White,Yellow,Open,Sky Blue,Two Tone,Yes,Yes,Salmon,No,None,No
2861,Robingoose #2861,Honk honk,goose_2861.png,Goose,White,Pink,Closed,Red,Two Tone,No,No,None,Yes,Yellow,No
2862,Robingoose #2862,Honk honk,goose_2862.png,Goose,Green,Black,Open,Yellow,Solid,Yes,Yes,Green,No,None,No
2863,Robingoose #2863,Honk honk,goose_2863.png,Goose,White,Sky Blue,Closed,Orange,Two Tone,No,No,None,No,None,Yes
2864,Robingoose #2864,Honk honk,goose_2864.png,Goose,Pink,Purple,Open,Black,Solid,No,No,None,No,None,No
2865,Robingoose #2865,Honk honk,goose_2865.png,Goose,Pink,Green,Open,Sky Blue,Two Tone,Yes,Yes,Pink,No,None,No
2866,Robingoose #2866,Honk honk,goose_2866.png,Goose,White,Orange,Closed,Turquoise,Two Tone,No,Yes,White,No,None,No
2867,Robingoose #2867,Honk honk,goose_2867.png,Goose,Salmon,Yellow,Closed,Sky Blue,Two Tone,No,No,None,No,None,No
2868,Robingoose #2868,Honk honk,goose_2868.png,Goose,Pink,Black,Open,Orange,Two Tone,No,No,None,Yes,Black,No
2869,Robingoose #2869,Honk honk,goose_2869.png,Goose,Yellow,Orange,Closed,White,Two Tone,No,Yes,Coral,No,None,Yes
2870,Robingoose #2870,Honk honk,goose_2870.png,Goose,White,Orange,Open,Purple,Two Tone,Yes,No,None,Yes,Yellow,No
2871,Robingoose #2871,Honk honk,goose_2871.png,Goose,White,Green,Closed,Lime,Two Tone,No,No,None,Yes,Black,No
2872,Robingoose #2872,Honk honk,goose_2872.png,Goose,Purple,Yellow,Open,Black,Solid,Yes,Yes,Purple,No,None,No
2873,Robingoose #2873,Honk honk,goose_2873.png,Goose,Coral,Orange,Closed,Sky Blue,Two Tone,No,No,None,Yes,Yellow,No
2874,Robingoose #2874,Honk honk,goose_2874.png,Goose,Blue,Orange,Open,Yellow,Two Tone,No,Yes,Blue,No,None,No
2875,Robingoose #2875,Honk honk,goose_2875.png,Goose,Purple,Coral,Closed,Black,Solid,No,No,None,No,None,No
2876,Robingoose #2876,Honk honk,goose_2876.png,Goose,Lime,Orange,Open,Pink,Two Tone,No,No,None,No,None,No
2877,Robingoose #2877,Honk honk,goose_2877.png,Goose,Coral,Orange,Open,Turquoise,Two Tone,Yes,No,None,Yes,Yellow,No
2878,Robingoose #2878,Honk honk,goose_2878.png,Goose,Red,Yellow,Open,Turquoise,Two Tone,No,No,None,No,None,No
2879,Robingoose #2879,Honk honk,goose_2879.png,Goose,White,Orange,Closed,Pink,Two Tone,No,No,None,Yes,Black,No
2880,Robingoose #2880,Honk honk,goose_2880.png,Goose,Purple,Turquoise,Open,Black,Solid,No,Yes,Yellow,No,None,No
2881,Robingoose #2881,Honk honk,goose_2881.png,Goose,Salmon,Yellow,Open,White,Two Tone,No,No,None,No,None,No
2882,Robingoose #2882,Honk honk,goose_2882.png,Goose,Orange,Black,Open,Lime,Two Tone,No,No,None,No,None,No
2883,Robingoose #2883,Honk honk,goose_2883.png,Goose,White,Orange,Open,Coral,Two Tone,Yes,No,None,No,None,Yes
2884,Robingoose #2884,Honk honk,goose_2884.png,Goose,Blue,Lime,Open,Black,Solid,No,Yes,Blue,No,None,No
2885,Robingoose #2885,Honk honk,goose_2885.png,Goose,Coral,Green,Open,Salmon,Two Tone,Yes,No,None,Yes,Black,No
2886,Robingoose #2886,Honk honk,goose_2886.png,Goose,White,Red,Closed,Green,Two Tone,No,No,None,Yes,Black,No
2887,Robingoose #2887,Honk honk,goose_2887.png,Goose,Lime,White,Closed,Black,Solid,No,Yes,Yellow,No,None,No
2888,Robingoose #2888,Honk honk,goose_2888.png,Goose,White,Purple,Open,Turquoise,Two Tone,No,No,None,No,None,No
2889,Robingoose #2889,Honk honk,goose_2889.png,Goose,Green,Orange,Closed,Sky Blue,Two Tone,No,No,None,No,None,No
2890,Robingoose #2890,Honk honk,goose_2890.png,Goose,Coral,Yellow,Open,Black,Solid,No,Yes,Sky Blue,No,None,No
2891,Robingoose #2891,Honk honk,goose_2891.png,Goose,Turquoise,Purple,Open,Green,Two Tone,No,No,None,Yes,Yellow,No
2892,Robingoose #2892,Honk honk,goose_2892.png,Goose,Green,White,Open,Turquoise,Two Tone,No,No,None,No,None,No
2893,Robingoose #2893,Honk honk,goose_2893.png,Goose,Lime,Purple,Open,Black,Solid,No,Yes,Lime,No,None,No
2894,Robingoose #2894,Honk honk,goose_2894.png,Goose,Pink,Blue,Closed,Lime,Two Tone,No,Yes,Pink,No,None,No
2895,Robingoose #2895,Honk honk,goose_2895.png,Goose,Purple,White,Open,Black,Solid,Yes,Yes,Purple,No,None,No
2896,Robingoose #2896,Honk honk,goose_2896.png,Goose,Lime,Orange,Closed,Black,Solid,No,Yes,Salmon,No,None,No
2897,Robingoose #2897,Honk honk,goose_2897.png,Goose,Orange,Salmon,Open,White,Two Tone,No,Yes,Orange,No,None,Yes
2898,Robingoose #2898,Honk honk,goose_2898.png,Goose,Green,Orange,Open,Yellow,Two Tone,No,No,None,No,None,No
2899,Robingoose #2899,Honk honk,goose_2899.png,Goose,Lime,Orange,Closed,Green,Two Tone,No,Yes,Lime,No,None,No
2900,Robingoose #2900,Honk honk,goose_2900.png,Goose,Green,Black,Open,Red,Solid,No,No,None,No,None,No
2901,Robingoose #2901,Honk honk,goose_2901.png,Goose,Lime,Orange,Open,Red,Two Tone,No,No,None,No,None,No
2902,Robingoose #2902,Honk honk,goose_2902.png,Goose,Purple,Green,Open,Coral,Two Tone,Yes,No,None,No,None,Yes
2903,Robingoose #2903,Honk honk,goose_2903.png,Goose,Purple,Green,Open,Black,Solid,Yes,Yes,Purple,No,None,No
2904,Robingoose #2904,Honk honk,goose_2904.png,Goose,White,Green,Closed,Yellow,Two Tone,No,No,None,No,None,No
2905,Robingoose #2905,Honk honk,goose_2905.png,Goose,Turquoise,Purple,Open,Black,Solid,No,Yes,White,No,None,No
2906,Robingoose #2906,Honk honk,goose_2906.png,Goose,Purple,Sky Blue,Closed,Red,Two Tone,No,Yes,Purple,No,None,Yes
2907,Robingoose #2907,Honk honk,goose_2907.png,Goose,White,Lime,Open,Black,Solid,No,Yes,White,No,None,No
2908,Robingoose #2908,Honk honk,goose_2908.png,Goose,Orange,Sky Blue,Open,Black,Solid,Yes,Yes,Orange,No,None,No
2909,Robingoose #2909,Honk honk,goose_2909.png,Goose,Blue,Salmon,Open,Green,Two Tone,No,Yes,Blue,No,None,No
2910,Robingoose #2910,Honk honk,goose_2910.png,Goose,Purple,Turquoise,Open,Black,Solid,No,No,None,No,None,No
2911,Robingoose #2911,Honk honk,goose_2911.png,Goose,Purple,Yellow,Closed,White,Two Tone,No,Yes,Purple,No,None,No
2912,Robingoose #2912,Honk honk,goose_2912.png,Goose,Lime,White,Open,Red,Two Tone,Yes,No,None,No,None,Yes
2913,Robingoose #2913,Honk honk,goose_2913.png,Goose,Blue,Yellow,Open,Green,Two Tone,No,No,None,No,None,No
2914,Robingoose #2914,Honk honk,goose_2914.png,Goose,Salmon,Coral,Closed,Black,Solid,No,Yes,Salmon,No,None,No
2915,Robingoose #2915,Honk honk,goose_2915.png,Goose,White,Green,Open,Black,Solid,No,No,None,No,None,No
2916,Robingoose #2916,Honk honk,goose_2916.png,Goose,Black,Green,Open,Sky Blue,Two Tone,Yes,Yes,Coral,No,None,No
2917,Robingoose #2917,Honk honk,goose_2917.png,Goose,Salmon,Orange,Open,Black,Solid,No,Yes,Salmon,No,None,No
2918,Robingoose #2918,Honk honk,goose_2918.png,Goose,Pink,Yellow,Open,Black,Solid,No,Yes,Pink,No,None,No
2919,Robingoose #2919,Honk honk,goose_2919.png,Goose,Salmon,Lime,Open,Black,Solid,Yes,No,None,No,None,No
2920,Robingoose #2920,Honk honk,goose_2920.png,Goose,Lime,Coral,Open,Black,Solid,Yes,Yes,Lime,No,None,No
2921,Robingoose #2921,Honk honk,goose_2921.png,Goose,Yellow,Red,Closed,Coral,Two Tone,No,No,None,No,None,No
2922,Robingoose #2922,Honk honk,goose_2922.png,Goose,White,Green,Open,Yellow,Two Tone,No,No,None,Yes,Yellow,No
2923,Robingoose #2923,Honk honk,goose_2923.png,Goose,Red,Orange,Open,Coral,Two Tone,No,Yes,Purple,No,None,No
2924,Robingoose #2924,Honk honk,goose_2924.png,Goose,Green,Orange,Closed,Salmon,Two Tone,No,No,None,Yes,Yellow,No
2925,Robingoose #2925,Honk honk,goose_2925.png,Goose,Yellow,Turquoise,Open,Black,Solid,No,No,None,No,None,No
2926,Robingoose #2926,Honk honk,goose_2926.png,Goose,Green,Lime,Open,Black,Solid,Yes,Yes,Green,No,None,No
2927,Robingoose #2927,Honk honk,goose_2927.png,Goose,Coral,Turquoise,Open,Pink,Two Tone,Yes,No,None,No,None,No
2928,Robingoose #2928,Honk honk,goose_2928.png,Goose,Lime,Orange,Closed,Purple,Two Tone,No,No,None,No,None,Yes
2929,Robingoose #2929,Honk honk,goose_2929.png,Goose,Lime,Sky Blue,Open,Black,Solid,Yes,Yes,Lime,No,None,No
2930,Robingoose #2930,Honk honk,goose_2930.png,Goose,Salmon,Yellow,Open,White,Two Tone,No,No,None,Yes,Black,No
2931,Robingoose #2931,Honk honk,goose_2931.png,Goose,Pink,Red,Open,Purple,Two Tone,Yes,No,None,No,None,No
2932,Robingoose #2932,Honk honk,goose_2932.png,Goose,Sky Blue,Red,Open,Lime,Two Tone,No,Yes,Sky Blue,No,None,Yes
2933,Robingoose #2933,Honk honk,goose_2933.png,Goose,Purple,Pink,Closed,Red,Two Tone,No,No,None,Yes,Black,No
2934,Robingoose #2934,Honk honk,goose_2934.png,Goose,Black,White,Closed,White,Solid,No,Yes,Black,No,None,No
2935,Robingoose #2935,Honk honk,goose_2935.png,Goose,White,Yellow,Closed,Black,Solid,No,Yes,Pink,No,None,No
2936,Robingoose #2936,Honk honk,goose_2936.png,Goose,Green,Black,Open,Sky Blue,Solid,No,No,None,No,None,No
2937,Robingoose #2937,Honk honk,goose_2937.png,Goose,Green,Black,Open,Purple,Two Tone,No,No,None,No,None,No
2938,Robingoose #2938,Honk honk,goose_2938.png,Goose,Turquoise,Yellow,Closed,Green,Two Tone,No,No,None,No,None,Yes
2939,Robingoose #2939,Honk honk,goose_2939.png,Goose,Blue,Red,Closed,Black,Solid,No,Yes,Lime,No,None,No
2940,Robingoose #2940,Honk honk,goose_2940.png,Goose,Purple,Yellow,Closed,Turquoise,Two Tone,No,Yes,Purple,No,None,No
2941,Robingoose #2941,Honk honk,goose_2941.png,Goose,Lime,Red,Closed,Black,Solid,No,Yes,Lime,No,None,No
2942,Robingoose #2942,Honk honk,goose_2942.png,Goose,Turquoise,Yellow,Closed,Salmon,Two Tone,No,No,None,Yes,Black,No
2943,Robingoose #2943,Honk honk,goose_2943.png,Goose,Turquoise,Orange,Open,Black,Solid,Yes,Yes,Pink,No,None,No
2944,Robingoose #2944,Honk honk,goose_2944.png,Goose,White,Purple,Open,Black,Solid,No,Yes,Orange,No,None,No
2945,Robingoose #2945,Honk honk,goose_2945.png,Goose,Yellow,Turquoise,Open,Black,Solid,Yes,No,None,No,None,No
2946,Robingoose #2946,Honk honk,goose_2946.png,Goose,Turquoise,Salmon,Open,Black,Solid,Yes,Yes,Turquoise,No,None,No
2947,Robingoose #2947,Honk honk,goose_2947.png,Goose,Green,Orange,Closed,Black,Solid,No,Yes,Purple,No,None,No
2948,Robingoose #2948,Honk honk,goose_2948.png,Goose,Green,Turquoise,Open,Black,Solid,Yes,No,None,No,None,No
2949,Robingoose #2949,Honk honk,goose_2949.png,Goose,Blue,Black,Closed,Purple,Solid,No,Yes,Blue,No,None,No
2950,Robingoose #2950,Honk honk,goose_2950.png,Goose,Coral,Salmon,Open,Green,Two Tone,No,No,None,No,None,Yes
2951,Robingoose #2951,Honk honk,goose_2951.png,Goose,White,Salmon,Open,Pink,Two Tone,Yes,No,None,No,None,No
2952,Robingoose #2952,Honk honk,goose_2952.png,Goose,Salmon,Green,Open,Black,Solid,No,Yes,Salmon,No,None,No
2953,Robingoose #2953,Honk honk,goose_2953.png,Goose,Purple,Black,Open,Black,Solid,No,No,None,No,None,No
2954,Robingoose #2954,Honk honk,goose_2954.png,Goose,Green,Yellow,Open,Black,Solid,No,No,None,No,None,No
2955,Robingoose #2955,Honk honk,goose_2955.png,Goose,Lime,Orange,Closed,Purple,Two Tone,No,Yes,Lime,No,None,Yes
2956,Robingoose #2956,Honk honk,goose_2956.png,Goose,Sky Blue,Turquoise,Closed,Coral,Two Tone,No,No,None,No,None,No
2957,Robingoose #2957,Honk honk,goose_2957.png,Goose,Coral,Orange,Closed,Green,Two Tone,No,Yes,Coral,No,None,Yes
2958,Robingoose #2958,Honk honk,goose_2958.png,Goose,Blue,Pink,Closed,Black,Solid,No,Yes,Coral,No,None,No
2959,Robingoose #2959,Honk honk,goose_2959.png,Goose,White,Pink,Open,Salmon,Two Tone,No,Yes,White,No,None,No
2960,Robingoose #2960,Honk honk,goose_2960.png,Goose,Orange,Purple,Closed,Black,Solid,No,No,None,No,None,No
2961,Robingoose #2961,Honk honk,goose_2961.png,Goose,White,Yellow,Open,Black,Solid,No,Yes,Green,No,None,No
2962,Robingoose #2962,Honk honk,goose_2962.png,Goose,Red,Lime,Open,Black,Solid,Yes,Yes,Sky Blue,No,None,No
2963,Robingoose #2963,Honk honk,goose_2963.png,Goose,White,Yellow,Open,Turquoise,Two Tone,No,Yes,Black,No,None,Yes
2964,Robingoose #2964,Honk honk,goose_2964.png,Goose,Coral,Blue,Open,Green,Two Tone,Yes,Yes,Salmon,No,None,Yes
2965,Robingoose #2965,Honk honk,goose_2965.png,Goose,White,Green,Open,Pink,Two Tone,No,No,None,No,None,No
2966,Robingoose #2966,Honk honk,goose_2966.png,Goose,Sky Blue,Salmon,Open,Green,Two Tone,Yes,No,None,No,None,No
2967,Robingoose #2967,Honk honk,goose_2967.png,Goose,White,Red,Open,Lime,Two Tone,No,No,None,Yes,Black,No
2968,Robingoose #2968,Honk honk,goose_2968.png,Goose,Green,Yellow,Closed,White,Two Tone,No,No,None,Yes,Black,No
2969,Robingoose #2969,Honk honk,goose_2969.png,Goose,White,Orange,Closed,Blue,Two Tone,No,No,None,Yes,Yellow,No
2970,Robingoose #2970,Honk honk,goose_2970.png,Fish,,,,,,,,,,,
2971,Robingoose #2971,Honk honk,goose_2971.png,Goose,Pink,Green,Closed,Red,Two Tone,No,No,None,No,None,Yes
2972,Robingoose #2972,Honk honk,goose_2972.png,Goose,Green,Yellow,Open,Blue,Two Tone,No,Yes,Green,No,None,No
2973,Robingoose #2973,Honk honk,goose_2973.png,Goose,Blue,Orange,Open,Black,Solid,No,Yes,Turquoise,No,None,No
2974,Robingoose #2974,Honk honk,goose_2974.png,Goose,White,Orange,Closed,Purple,Two Tone,No,No,None,No,None,Yes
2975,Robingoose #2975,Honk honk,goose_2975.png,Goose,Purple,Yellow,Open,Blue,Two Tone,No,No,None,Yes,Yellow,No
2976,Robingoose #2976,Honk honk,goose_2976.png,Goose,White,Salmon,Closed,Black,Solid,No,Yes,Red,No,None,No
2977,Robingoose #2977,Honk honk,goose_2977.png,Goose,Purple,White,Closed,Green,Two Tone,No,No,None,No,None,Yes
2978,Robingoose #2978,Honk honk,goose_2978.png,Goose,Black,Pink,Closed,Lime,Two Tone,No,No,None,No,None,No
2979,Robingoose #2979,Honk honk,goose_2979.png,Goose,Black,Blue,Open,White,Solid,Yes,Yes,Black,No,None,No
2980,Robingoose #2980,Honk honk,goose_2980.png,Goose,Lime,Coral,Open,Orange,Two Tone,Yes,No,None,No,None,Yes
2981,Robingoose #2981,Honk honk,goose_2981.png,Goose,White,Orange,Open,Salmon,Two Tone,No,No,None,No,None,No
2982,Robingoose #2982,Honk honk,goose_2982.png,Goose,Green,Yellow,Closed,Black,Solid,No,Yes,Yellow,No,None,No
2983,Robingoose #2983,Honk honk,goose_2983.png,Goose,Green,White,Open,Sky Blue,Two Tone,Yes,Yes,Black,No,None,No
2984,Robingoose #2984,Honk honk,goose_2984.png,Goose,Yellow,Sky Blue,Open,Purple,Two Tone,Yes,Yes,Yellow,No,None,Yes
2985,Robingoose #2985,Honk honk,goose_2985.png,Goose,White,Yellow,Closed,Green,Two Tone,No,No,None,No,None,Yes
2986,Robingoose #2986,Honk honk,goose_2986.png,Goose,Blue,Black,Open,Green,Solid,No,Yes,Blue,No,None,No
2987,Robingoose #2987,Honk honk,goose_2987.png,Goose,Red,Green,Closed,Black,Solid,No,Yes,Green,No,None,No
2988,Robingoose #2988,Honk honk,goose_2988.png,Goose,Sky Blue,Orange,Open,Black,Solid,No,No,None,No,None,No
2989,Robingoose #2989,Honk honk,goose_2989.png,Goose,White,Turquoise,Open,Black,Solid,Yes,No,None,No,None,No
2990,Robingoose #2990,Honk honk,goose_2990.png,Goose,Red,Sky Blue,Open,Purple,Two Tone,No,Yes,Red,No,None,No
2991,Robingoose #2991,Honk honk,goose_2991.png,Goose,Blue,Black,Open,Lime,Solid,Yes,No,None,No,None,No
2992,Robingoose #2992,Honk honk,goose_2992.png,Goose,Blue,Black,Open,Orange,Two Tone,Yes,Yes,Blue,No,None,No
2993,Robingoose #2993,Honk honk,goose_2993.png,Goose,Salmon,Orange,Closed,Black,Solid,No,Yes,Turquoise,No,None,No
2994,Robingoose #2994,Honk honk,goose_2994.png,Goose,White,Blue,Closed,Black,Solid,No,Yes,Salmon,No,None,No
2995,Robingoose #2995,Honk honk,goose_2995.png,Goose,Sky Blue,Yellow,Closed,Purple,Two Tone,No,No,None,No,None,Yes
2996,Robingoose #2996,Honk honk,goose_2996.png,Goose,Black,Blue,Open,White,Solid,No,No,None,No,None,No
2997,Robingoose #2997,Honk honk,goose_2997.png,Goose,Orange,Red,Closed,Black,Solid,No,Yes,Red,No,None,No
2998,Robingoose #2998,Honk honk,goose_2998.png,Goose,White,Purple,Open,Blue,Two Tone,No,No,None,Yes,Black,No
2999,Robingoose #2999,Honk honk,goose_2999.png,Goose,White,Yellow,Open,Purple,Two Tone,Yes,No,None,No,None,No
3000,Robingoose #3000,Honk honk,goose_3000.png,Goose,Purple,Yellow,Closed,Red,Two Tone,No,No,None,Yes,Black,No
3001,Robingoose #3001,Honk honk,goose_3001.png,Goose,Yellow,Coral,Open,Pink,Two Tone,No,Yes,Yellow,No,None,Yes
3002,Robingoose #3002,Honk honk,goose_3002.png,Goose,White,Green,Closed,Orange,Two Tone,No,Yes,White,No,None,Yes
3003,Robingoose #3003,Honk honk,goose_3003.png,Goose,Purple,Orange,Closed,Pink,Two Tone,No,No,None,No,None,No
3004,Robingoose #3004,Honk honk,goose_3004.png,Goose,Purple,Yellow,Closed,Sky Blue,Two Tone,No,No,None,No,None,No
3005,Robingoose #3005,Honk honk,goose_3005.png,Goose,Orange,Lime,Open,Black,Solid,No,Yes,Turquoise,No,None,No
3006,Robingoose #3006,Honk honk,goose_3006.png,Goose,White,Orange,Closed,Red,Two Tone,No,Yes,White,No,None,Yes
3007,Robingoose #3007,Honk honk,goose_3007.png,Goose,White,Orange,Open,Black,Solid,No,Yes,Green,No,None,No
3008,Robingoose #3008,Honk honk,goose_3008.png,Goose,Orange,Black,Closed,White,Two Tone,No,Yes,Orange,No,None,No
3009,Robingoose #3009,Honk honk,goose_3009.png,Goose,Black,Yellow,Closed,Red,Solid,No,Yes,Red,No,None,No
3010,Robingoose #3010,Honk honk,goose_3010.png,Goose,Pink,Yellow,Closed,Salmon,Two Tone,No,Yes,Blue,No,None,Yes
3011,Robingoose #3011,Honk honk,goose_3011.png,Goose,Red,Orange,Closed,Turquoise,Two Tone,No,Yes,Orange,No,None,No
3012,Robingoose #3012,Honk honk,goose_3012.png,Goose,White,Yellow,Closed,Sky Blue,Two Tone,No,No,None,Yes,Yellow,No
3013,Robingoose #3013,Honk honk,goose_3013.png,Goose,Lime,Blue,Closed,White,Two Tone,No,Yes,Lime,No,None,No
3014,Robingoose #3014,Honk honk,goose_3014.png,Goose,Turquoise,Orange,Open,Black,Solid,No,No,None,No,None,No
3015,Robingoose #3015,Honk honk,goose_3015.png,Goose,Black,Red,Open,Red,Solid,No,Yes,Pink,No,None,No
3016,Robingoose #3016,Honk honk,goose_3016.png,Goose,Purple,Yellow,Open,Orange,Two Tone,No,No,None,Yes,Black,No
3017,Robingoose #3017,Honk honk,goose_3017.png,Goose,Turquoise,Blue,Open,Sky Blue,Two Tone,No,No,None,Yes,Yellow,No
3018,Robingoose #3018,Honk honk,goose_3018.png,Goose,Orange,Blue,Open,Black,Solid,No,No,None,No,None,No
3019,Robingoose #3019,Honk honk,goose_3019.png,Goose,White,Orange,Closed,Green,Two Tone,No,No,None,No,None,Yes
3020,Robingoose #3020,Honk honk,goose_3020.png,Goose,Purple,Orange,Open,Yellow,Two Tone,Yes,No,None,No,None,No
3021,Robingoose #3021,Honk honk,goose_3021.png,Goose,Turquoise,Orange,Open,Coral,Two Tone,No,No,None,Yes,Black,No
3022,Robingoose #3022,Honk honk,goose_3022.png,Goose,Pink,Coral,Closed,Black,Solid,No,Yes,Turquoise,No,None,No
3023,Robingoose #3023,Honk honk,goose_3023.png,Goose,Pink,White,Open,Black,Solid,No,Yes,Pink,No,None,No
3024,Robingoose #3024,Honk honk,goose_3024.png,Goose,White,Yellow,Open,Coral,Two Tone,Yes,No,None,No,None,Yes
3025,Robingoose #3025,Honk honk,goose_3025.png,Goose,Sky Blue,Black,Open,Salmon,Solid,Yes,No,None,No,None,No
3026,Robingoose #3026,Honk honk,goose_3026.png,Goose,Salmon,Red,Closed,Yellow,Two Tone,No,Yes,Black,No,None,Yes
3027,Robingoose #3027,Honk honk,goose_3027.png,Goose,White,Orange,Open,Red,Two Tone,No,No,None,No,None,No
3028,Robingoose #3028,Honk honk,goose_3028.png,Goose,White,Green,Closed,Lime,Two Tone,No,Yes,White,No,None,No
3029,Robingoose #3029,Honk honk,goose_3029.png,Goose,Sky Blue,Orange,Open,Blue,Two Tone,Yes,No,None,No,None,No
3030,Robingoose #3030,Honk honk,goose_3030.png,Goose,Turquoise,Orange,Closed,Black,Solid,No,Yes,Orange,No,None,No
3031,Robingoose #3031,Honk honk,goose_3031.png,Goose,Pink,Salmon,Open,Black,Solid,No,Yes,Pink,No,None,No
3032,Robingoose #3032,Honk honk,goose_3032.png,Goose,Red,Purple,Open,Orange,Two Tone,Yes,Yes,Red,No,None,Yes
3033,Robingoose #3033,Honk honk,goose_3033.png,Goose,White,Turquoise,Open,Salmon,Two Tone,No,No,None,Yes,Yellow,No
3034,Robingoose #3034,Honk honk,goose_3034.png,Goose,Yellow,Pink,Closed,Sky Blue,Two Tone,No,No,None,No,None,No
3035,Robingoose #3035,Honk honk,goose_3035.png,Goose,Coral,Orange,Open,Yellow,Two Tone,No,No,None,No,None,No
3036,Robingoose #3036,Honk honk,goose_3036.png,Goose,White,Orange,Closed,Turquoise,Two Tone,No,Yes,Purple,No,None,Yes
3037,Robingoose #3037,Honk honk,goose_3037.png,Goose,White,Red,Open,Purple,Two Tone,No,Yes,White,No,None,Yes
3038,Robingoose #3038,Honk honk,goose_3038.png,Goose,White,Yellow,Open,Green,Two Tone,No,No,None,Yes,Yellow,No
3039,Robingoose #3039,Honk honk,goose_3039.png,Goose,Red,Coral,Open,Green,Two Tone,Yes,No,None,No,None,Yes
3040,Robingoose #3040,Honk honk,goose_3040.png,Goose,Pink,Salmon,Open,Black,Solid,No,Yes,Sky Blue,No,None,No
3041,Robingoose #3041,Honk honk,goose_3041.png,Goose,Coral,Yellow,Open,Red,Two Tone,No,No,None,Yes,Black,No
3042,Robingoose #3042,Honk honk,goose_3042.png,Goose,Red,Orange,Open,Black,Solid,No,Yes,White,No,None,No
3043,Robingoose #3043,Honk honk,goose_3043.png,Goose,Lime,Orange,Open,Turquoise,Two Tone,Yes,Yes,Lime,No,None,No
3044,Robingoose #3044,Honk honk,goose_3044.png,Goose,Yellow,Orange,Open,White,Two Tone,Yes,No,None,No,None,No
3045,Robingoose #3045,Honk honk,goose_3045.png,Goose,Sky Blue,Pink,Open,Purple,Two Tone,No,Yes,Sky Blue,No,None,Yes
3046,Robingoose #3046,Honk honk,goose_3046.png,Goose,Salmon,Pink,Open,Black,Solid,No,No,None,No,None,No
3047,Robingoose #3047,Honk honk,goose_3047.png,Goose,Lime,Coral,Open,Black,Solid,No,No,None,No,None,No
3048,Robingoose #3048,Honk honk,goose_3048.png,Goose,Black,Orange,Open,Red,Solid,Yes,No,None,No,None,No
3049,Robingoose #3049,Honk honk,goose_3049.png,Goose,Yellow,Orange,Closed,Black,Solid,No,Yes,Blue,No,None,No
3050,Robingoose #3050,Honk honk,goose_3050.png,Goose,Orange,Blue,Open,Black,Solid,No,Yes,Orange,No,None,No
3051,Robingoose #3051,Honk honk,goose_3051.png,Goose,Blue,Salmon,Open,Black,Solid,Yes,No,None,No,None,No
3052,Robingoose #3052,Honk honk,goose_3052.png,Goose,Salmon,Yellow,Open,Purple,Two Tone,No,No,None,Yes,Yellow,No
3053,Robingoose #3053,Honk honk,goose_3053.png,Goose,Green,Purple,Open,Black,Solid,Yes,Yes,Turquoise,No,None,No
3054,Robingoose #3054,Honk honk,goose_3054.png,Goose,Lime,Red,Open,Black,Solid,Yes,No,None,No,None,No
3055,Robingoose #3055,Honk honk,goose_3055.png,Goose,Red,Black,Closed,Sky Blue,Solid,No,Yes,Green,No,None,No
3056,Robingoose #3056,Honk honk,goose_3056.png,Goose,Black,Blue,Open,Pink,Two Tone,Yes,No,None,Yes,Yellow,No
3057,Robingoose #3057,Honk honk,goose_3057.png,Goose,Red,Blue,Open,Black,Solid,No,No,None,No,None,No
3058,Robingoose #3058,Honk honk,goose_3058.png,Goose,Salmon,Lime,Closed,Red,Two Tone,No,No,None,No,None,No
3059,Robingoose #3059,Honk honk,goose_3059.png,Goose,Green,Sky Blue,Open,Yellow,Two Tone,Yes,Yes,Green,No,None,No
3060,Robingoose #3060,Honk honk,goose_3060.png,Goose,Black,Yellow,Open,Blue,Two Tone,Yes,No,None,No,None,No
3061,Robingoose #3061,Honk honk,goose_3061.png,Goose,Green,Purple,Open,Black,Solid,No,Yes,Green,No,None,No
3062,Robingoose #3062,Honk honk,goose_3062.png,Goose,Yellow,Black,Closed,White,Solid,No,Yes,Red,No,None,No
3063,Robingoose #3063,Honk honk,goose_3063.png,Goose,Coral,Black,Closed,Salmon,Solid,No,Yes,Lime,No,None,No
3064,Robingoose #3064,Honk honk,goose_3064.png,Goose,Orange,White,Open,Red,Two Tone,No,No,None,No,None,No
3065,Robingoose #3065,Honk honk,goose_3065.png,Goose,Pink,Sky Blue,Open,Green,Two Tone,No,No,None,No,None,No
3066,Robingoose #3066,Honk honk,goose_3066.png,Goose,Yellow,White,Open,Black,Solid,No,No,None,No,None,No
3067,Robingoose #3067,Honk honk,goose_3067.png,Goose,White,Orange,Closed,Coral,Two Tone,No,No,None,Yes,Black,No
3068,Robingoose #3068,Honk honk,goose_3068.png,Goose,Coral,Yellow,Closed,Pink,Two Tone,No,No,None,No,None,No
3069,Robingoose #3069,Honk honk,goose_3069.png,Goose,Turquoise,Blue,Open,Black,Solid,No,Yes,Salmon,No,None,No
3070,Robingoose #3070,Honk honk,goose_3070.png,Goose,Lime,Red,Open,Black,Solid,Yes,Yes,Lime,No,None,No
3071,Robingoose #3071,Honk honk,goose_3071.png,Goose,Coral,Turquoise,Open,Black,Solid,No,No,None,No,None,No
3072,Robingoose #3072,Honk honk,goose_3072.png,Goose,Green,Turquoise,Closed,Sky Blue,Two Tone,No,Yes,Green,No,None,No
3073,Robingoose #3073,Honk honk,goose_3073.png,Goose,Pink,Coral,Open,Black,Solid,Yes,No,None,No,None,No
3074,Robingoose #3074,Honk honk,goose_3074.png,Goose,Black,Salmon,Closed,White,Solid,No,Yes,Black,No,None,No
3075,Robingoose #3075,Honk honk,goose_3075.png,Goose,White,Yellow,Open,Black,Solid,No,Yes,Sky Blue,No,None,No
3076,Robingoose #3076,Honk honk,goose_3076.png,Goose,Turquoise,Pink,Open,Red,Two Tone,Yes,No,None,Yes,Yellow,No
3077,Robingoose #3077,Honk honk,goose_3077.png,Goose,Pink,Red,Closed,Blue,Two Tone,No,Yes,Pink,No,None,No
3078,Robingoose #3078,Honk honk,goose_3078.png,Goose,White,Yellow,Open,Turquoise,Two Tone,Yes,No,None,Yes,Black,No
3079,Robingoose #3079,Honk honk,goose_3079.png,Goose,Orange,Green,Closed,Salmon,Two Tone,No,Yes,Orange,No,None,No
3080,Robingoose #3080,Honk honk,goose_3080.png,Goose,Blue,Orange,Closed,Red,Two Tone,No,No,None,Yes,Yellow,No
3081,Robingoose #3081,Honk honk,goose_3081.png,Goose,White,Pink,Closed,Orange,Two Tone,No,No,None,No,None,No
3082,Robingoose #3082,Honk honk,goose_3082.png,Goose,White,Orange,Open,Black,Solid,Yes,Yes,Purple,No,None,No
3083,Robingoose #3083,Honk honk,goose_3083.png,Goose,Yellow,Black,Open,Sky Blue,Two Tone,No,No,None,No,None,No
3084,Robingoose #3084,Honk honk,goose_3084.png,Goose,White,Orange,Open,Red,Two Tone,No,No,None,Yes,Yellow,No
3085,Robingoose #3085,Honk honk,goose_3085.png,Goose,Purple,Yellow,Closed,Black,Solid,No,Yes,Blue,No,None,No
3086,Robingoose #3086,Honk honk,goose_3086.png,Goose,Salmon,Sky Blue,Open,Black,Solid,No,Yes,Green,No,None,No
3087,Robingoose #3087,Honk honk,goose_3087.png,Goose,Purple,Yellow,Open,Black,Solid,No,Yes,Orange,No,None,No
3088,Robingoose #3088,Honk honk,goose_3088.png,Goose,Blue,Orange,Open,Red,Two Tone,Yes,No,None,No,None,Yes
3089,Robingoose #3089,Honk honk,goose_3089.png,Goose,Lime,White,Closed,Red,Two Tone,No,No,None,No,None,No
3090,Robingoose #3090,Honk honk,goose_3090.png,Goose,Yellow,Turquoise,Closed,Orange,Two Tone,No,Yes,Orange,No,None,Yes
3091,Robingoose #3091,Honk honk,goose_3091.png,Goose,Turquoise,Black,Closed,Coral,Solid,No,Yes,Turquoise,No,None,No
3092,Robingoose #3092,Honk honk,goose_3092.png,Goose,Green,Black,Open,Lime,Two Tone,Yes,No,None,No,None,No
3093,Robingoose #3093,Honk honk,goose_3093.png,Goose,White,Purple,Open,Coral,Two Tone,No,No,None,Yes,Black,No
3094,Robingoose #3094,Honk honk,goose_3094.png,Goose,White,Orange,Open,Black,Solid,Yes,Yes,Sky Blue,No,None,No
3095,Robingoose #3095,Honk honk,goose_3095.png,Goose,Lime,Red,Open,Salmon,Two Tone,Yes,No,None,No,None,Yes
3096,Robingoose #3096,Honk honk,goose_3096.png,Goose,White,Orange,Open,Blue,Two Tone,Yes,No,None,No,None,No
3097,Robingoose #3097,Honk honk,goose_3097.png,Goose,Sky Blue,Pink,Open,Lime,Two Tone,Yes,Yes,Sky Blue,No,None,Yes
3098,Robingoose #3098,Honk honk,goose_3098.png,Goose,Black,Blue,Closed,Red,Two Tone,No,Yes,Black,No,None,Yes
3099,Robingoose #3099,Honk honk,goose_3099.png,Goose,Coral,Yellow,Closed,Black,Solid,No,Yes,White,No,None,No
3100,Robingoose #3100,Honk honk,goose_3100.png,Goose,Pink,Coral,Open,Lime,Two Tone,Yes,No,None,No,None,No
3101,Robingoose #3101,Honk honk,goose_3101.png,Goose,White,Orange,Closed,Red,Two Tone,No,Yes,Lime,No,None,No
3102,Robingoose #3102,Honk honk,goose_3102.png,Goose,Black,Blue,Open,Pink,Two Tone,Yes,Yes,Black,No,None,No
3103,Robingoose #3103,Honk honk,goose_3103.png,Goose,Salmon,Blue,Closed,Orange,Two Tone,No,Yes,Salmon,No,None,No
3104,Robingoose #3104,Honk honk,goose_3104.png,Goose,Blue,Orange,Open,Black,Solid,No,Yes,Purple,No,None,No
3105,Robingoose #3105,Honk honk,goose_3105.png,Goose,Green,Orange,Open,Red,Two Tone,No,No,None,Yes,Black,No
3106,Robingoose #3106,Honk honk,goose_3106.png,Goose,Turquoise,Orange,Open,Black,Solid,Yes,No,None,No,None,No
3107,Robingoose #3107,Honk honk,goose_3107.png,Goose,Sky Blue,Blue,Open,Black,Solid,No,Yes,Sky Blue,No,None,No
3108,Robingoose #3108,Honk honk,goose_3108.png,Goose,Red,Orange,Open,Turquoise,Two Tone,Yes,No,None,Yes,Black,No
3109,Robingoose #3109,Honk honk,goose_3109.png,Goose,Turquoise,Orange,Open,Red,Two Tone,No,Yes,Turquoise,No,None,Yes
3110,Robingoose #3110,Honk honk,goose_3110.png,Goose,Purple,Orange,Open,Turquoise,Two Tone,No,No,None,No,None,Yes
3111,Robingoose #3111,Honk honk,goose_3111.png,Goose,White,Red,Open,Sky Blue,Two Tone,Yes,No,None,No,None,Yes
3112,Robingoose #3112,Honk honk,goose_3112.png,Goose,White,Orange,Open,Sky Blue,Two Tone,Yes,Yes,Coral,No,None,Yes
3113,Robingoose #3113,Honk honk,goose_3113.png,Goose,Coral,Orange,Open,Black,Solid,No,No,None,No,None,No
3114,Robingoose #3114,Honk honk,goose_3114.png,Goose,Red,Green,Open,Black,Solid,Yes,No,None,No,None,No
3115,Robingoose #3115,Honk honk,goose_3115.png,Goose,Blue,Green,Closed,Salmon,Two Tone,No,No,None,No,None,No
3116,Robingoose #3116,Honk honk,goose_3116.png,Goose,Yellow,Blue,Open,Black,Solid,Yes,No,None,No,None,No
3117,Robingoose #3117,Honk honk,goose_3117.png,Goose,Coral,Yellow,Open,Turquoise,Two Tone,No,Yes,Yellow,No,None,Yes
3118,Robingoose #3118,Honk honk,goose_3118.png,Goose,White,Salmon,Closed,Red,Two Tone,No,Yes,White,No,None,Yes
3119,Robingoose #3119,Honk honk,goose_3119.png,Goose,Green,Orange,Closed,Black,Solid,No,Yes,Sky Blue,No,None,No
3120,Robingoose #3120,Honk honk,goose_3120.png,Goose,Green,Sky Blue,Open,Black,Solid,No,Yes,Lime,No,None,No
3121,Robingoose #3121,Honk honk,goose_3121.png,Goose,Pink,Yellow,Closed,Blue,Two Tone,No,No,None,Yes,Black,No
3122,Robingoose #3122,Honk honk,goose_3122.png,Goose,White,Coral,Closed,Black,Solid,No,Yes,Yellow,No,None,No
3123,Robingoose #3123,Honk honk,goose_3123.png,Goose,White,Yellow,Open,Pink,Two Tone,Yes,No,None,No,None,Yes
3124,Robingoose #3124,Honk honk,goose_3124.png,Goose,White,Orange,Closed,Coral,Two Tone,No,No,None,Yes,Black,No
3125,Robingoose #3125,Honk honk,goose_3125.png,Goose,Green,White,Closed,Black,Solid,No,Yes,Coral,No,None,No
3126,Robingoose #3126,Honk honk,goose_3126.png,Goose,Blue,Orange,Open,Black,Solid,Yes,Yes,Pink,No,None,No
3127,Robingoose #3127,Honk honk,goose_3127.png,Goose,White,Green,Open,Turquoise,Two Tone,No,No,None,No,None,No
3128,Robingoose #3128,Honk honk,goose_3128.png,Goose,Pink,Purple,Open,Turquoise,Two Tone,Yes,Yes,Lime,No,None,No
3129,Robingoose #3129,Honk honk,goose_3129.png,Goose,Purple,Orange,Closed,Turquoise,Two Tone,No,No,None,No,None,Yes
3130,Robingoose #3130,Honk honk,goose_3130.png,Goose,Orange,Black,Open,Purple,Solid,Yes,No,None,No,None,No
3131,Robingoose #3131,Honk honk,goose_3131.png,Goose,Lime,Orange,Open,Purple,Two Tone,Yes,Yes,Lime,No,None,Yes
3132,Robingoose #3132,Honk honk,goose_3132.png,Goose,Salmon,Lime,Open,Black,Solid,Yes,Yes,Pink,No,None,No
3133,Robingoose #3133,Honk honk,goose_3133.png,Goose,Pink,Blue,Open,Red,Two Tone,Yes,No,None,No,None,Yes
3134,Robingoose #3134,Honk honk,goose_3134.png,Goose,Coral,Orange,Open,Blue,Two Tone,Yes,No,None,Yes,Yellow,No
3135,Robingoose #3135,Honk honk,goose_3135.png,Goose,Black,Salmon,Closed,Yellow,Two Tone,No,Yes,Turquoise,No,None,Yes
3136,Robingoose #3136,Honk honk,goose_3136.png,Goose,Green,Turquoise,Open,Black,Solid,Yes,Yes,Green,No,None,No
3137,Robingoose #3137,Honk honk,goose_3137.png,Goose,White,Red,Closed,Green,Two Tone,No,Yes,Yellow,No,None,Yes
3138,Robingoose #3138,Honk honk,goose_3138.png,Goose,Coral,Pink,Closed,Black,Solid,No,Yes,Salmon,No,None,No
3139,Robingoose #3139,Honk honk,goose_3139.png,Goose,Red,Yellow,Open,Black,Solid,Yes,Yes,Yellow,No,None,No
3140,Robingoose #3140,Honk honk,goose_3140.png,Goose,Coral,Lime,Closed,Salmon,Two Tone,No,No,None,No,None,Yes
3141,Robingoose #3141,Honk honk,goose_3141.png,Goose,White,Yellow,Closed,Blue,Two Tone,No,Yes,White,No,None,No
3142,Robingoose #3142,Honk honk,goose_3142.png,Goose,Blue,Green,Closed,Turquoise,Two Tone,No,No,None,Yes,Black,No
3143,Robingoose #3143,Honk honk,goose_3143.png,Goose,Sky Blue,Orange,Closed,Yellow,Two Tone,No,No,None,No,None,No
3144,Robingoose #3144,Honk honk,goose_3144.png,Goose,Yellow,Purple,Open,Black,Solid,Yes,Yes,Yellow,No,None,No
3145,Robingoose #3145,Honk honk,goose_3145.png,Goose,Red,Yellow,Closed,Blue,Two Tone,No,No,None,No,None,No
3146,Robingoose #3146,Honk honk,goose_3146.png,Goose,White,Lime,Open,Black,Solid,Yes,Yes,Red,No,None,No
3147,Robingoose #3147,Honk honk,goose_3147.png,Goose,Turquoise,Yellow,Closed,Green,Two Tone,No,No,None,No,None,No
3148,Robingoose #3148,Honk honk,goose_3148.png,Goose,Turquoise,Yellow,Closed,Salmon,Two Tone,No,No,None,No,None,Yes
3149,Robingoose #3149,Honk honk,goose_3149.png,Goose,Purple,Lime,Closed,Blue,Two Tone,No,Yes,Purple,No,None,No
3150,Robingoose #3150,Honk honk,goose_3150.png,Goose,Orange,Purple,Closed,Sky Blue,Two Tone,No,No,None,No,None,No
3151,Robingoose #3151,Honk honk,goose_3151.png,Goose,White,Black,Open,Pink,Solid,Yes,Yes,White,No,None,No
3152,Robingoose #3152,Honk honk,goose_3152.png,Goose,Black,Pink,Open,Red,Solid,No,No,None,No,None,No
3153,Robingoose #3153,Honk honk,goose_3153.png,Goose,Coral,Red,Open,Pink,Two Tone,No,Yes,Coral,No,None,Yes
3154,Robingoose #3154,Honk honk,goose_3154.png,Goose,White,Turquoise,Open,Lime,Two Tone,No,No,None,No,None,Yes
3155,Robingoose #3155,Honk honk,goose_3155.png,Goose,Pink,Green,Closed,Blue,Two Tone,No,No,None,Yes,Black,No
3156,Robingoose #3156,Honk honk,goose_3156.png,Goose,Green,Orange,Open,Lime,Two Tone,No,Yes,Green,No,None,Yes
3157,Robingoose #3157,Honk honk,goose_3157.png,Goose,Coral,White,Closed,Black,Solid,No,Yes,Coral,No,None,No
3158,Robingoose #3158,Honk honk,goose_3158.png,Goose,Blue,Orange,Closed,Black,Solid,No,Yes,Salmon,No,None,No
3159,Robingoose #3159,Honk honk,goose_3159.png,Goose,Lime,Orange,Open,Sky Blue,Two Tone,Yes,No,None,No,None,Yes
3160,Robingoose #3160,Honk honk,goose_3160.png,Goose,Pink,Black,Closed,Lime,Solid,No,No,None,No,None,No
3161,Robingoose #3161,Honk honk,goose_3161.png,Goose,Blue,Green,Open,Black,Solid,Yes,No,None,No,None,No
3162,Robingoose #3162,Honk honk,goose_3162.png,Goose,White,Purple,Open,Black,Solid,Yes,No,None,No,None,No
3163,Robingoose #3163,Honk honk,goose_3163.png,Goose,Blue,Orange,Closed,Purple,Two Tone,No,Yes,Blue,No,None,No
3164,Robingoose #3164,Honk honk,goose_3164.png,Goose,Pink,Orange,Closed,Red,Two Tone,No,Yes,Pink,No,None,Yes
3165,Robingoose #3165,Honk honk,goose_3165.png,Goose,Yellow,Sky Blue,Closed,White,Two Tone,No,Yes,Yellow,No,None,No
3166,Robingoose #3166,Honk honk,goose_3166.png,Goose,Green,Yellow,Closed,White,Two Tone,No,No,None,No,None,Yes
3167,Robingoose #3167,Honk honk,goose_3167.png,Goose,Orange,Black,Closed,Lime,Solid,No,Yes,Orange,No,None,No
3168,Robingoose #3168,Honk honk,goose_3168.png,Goose,Salmon,Lime,Open,Turquoise,Two Tone,Yes,Yes,Salmon,No,None,No
3169,Robingoose #3169,Honk honk,goose_3169.png,Goose,Turquoise,Coral,Open,Black,Solid,Yes,No,None,No,None,No
3170,Robingoose #3170,Honk honk,goose_3170.png,Goose,Black,Lime,Open,White,Solid,Yes,No,None,No,None,No
3171,Robingoose #3171,Honk honk,goose_3171.png,Goose,Red,Black,Closed,Salmon,Two Tone,No,No,None,No,None,No
3172,Robingoose #3172,Honk honk,goose_3172.png,Goose,White,Blue,Open,Green,Two Tone,No,Yes,White,No,None,Yes
3173,Robingoose #3173,Honk honk,goose_3173.png,Goose,Turquoise,Black,Closed,Yellow,Two Tone,No,Yes,Turquoise,No,None,No
3174,Robingoose #3174,Honk honk,goose_3174.png,Goose,Purple,Orange,Closed,Yellow,Two Tone,No,No,None,Yes,Black,No
3175,Robingoose #3175,Honk honk,goose_3175.png,Goose,White,Lime,Open,Black,Solid,No,Yes,White,No,None,No
3176,Robingoose #3176,Honk honk,goose_3176.png,Goose,White,Turquoise,Closed,Coral,Two Tone,No,No,None,Yes,Black,No
3177,Robingoose #3177,Honk honk,goose_3177.png,Goose,Purple,Orange,Open,White,Two Tone,Yes,No,None,No,None,No
3178,Robingoose #3178,Honk honk,goose_3178.png,Goose,Lime,White,Closed,Salmon,Two Tone,No,Yes,Lime,No,None,Yes
3179,Robingoose #3179,Honk honk,goose_3179.png,Goose,Black,Orange,Closed,White,Solid,No,Yes,Lime,No,None,No
3180,Robingoose #3180,Honk honk,goose_3180.png,Goose,Black,Yellow,Closed,Coral,Two Tone,No,No,None,No,None,No
3181,Robingoose #3181,Honk honk,goose_3181.png,Goose,White,Black,Closed,Sky Blue,Solid,No,Yes,Orange,No,None,No
3182,Robingoose #3182,Honk honk,goose_3182.png,Goose,Coral,Blue,Closed,Black,Solid,No,Yes,Yellow,No,None,No
3183,Robingoose #3183,Honk honk,goose_3183.png,Goose,Pink,White,Open,Green,Two Tone,Yes,Yes,Blue,No,None,No
3184,Robingoose #3184,Honk honk,goose_3184.png,Goose,White,Turquoise,Open,Orange,Two Tone,No,Yes,White,No,None,Yes
3185,Robingoose #3185,Honk honk,goose_3185.png,Goose,Lime,Purple,Open,Orange,Two Tone,No,Yes,Lime,No,None,No
3186,Robingoose #3186,Honk honk,goose_3186.png,Goose,Coral,Turquoise,Open,Black,Solid,Yes,No,None,No,None,No
3187,Robingoose #3187,Honk honk,goose_3187.png,Goose,Black,Yellow,Open,Blue,Two Tone,Yes,Yes,Black,No,None,No
3188,Robingoose #3188,Honk honk,goose_3188.png,Goose,Purple,Black,Closed,Sky Blue,Solid,No,No,None,No,None,No
3189,Robingoose #3189,Honk honk,goose_3189.png,Goose,White,Yellow,Closed,Salmon,Two Tone,No,No,None,Yes,Yellow,No
3190,Robingoose #3190,Honk honk,goose_3190.png,Goose,White,Orange,Open,Black,Solid,Yes,Yes,Black,No,None,No
3191,Robingoose #3191,Honk honk,goose_3191.png,Goose,Coral,Red,Closed,Green,Two Tone,No,No,None,Yes,Black,No
3192,Robingoose #3192,Honk honk,goose_3192.png,Goose,White,Salmon,Open,Coral,Two Tone,No,No,None,No,None,Yes
3193,Robingoose #3193,Honk honk,goose_3193.png,Goose,Green,Orange,Closed,Pink,Two Tone,No,Yes,Green,No,None,No
3194,Robingoose #3194,Honk honk,goose_3194.png,Goose,Green,Yellow,Open,White,Two Tone,No,No,None,No,None,Yes
3195,Robingoose #3195,Honk honk,goose_3195.png,Goose,Black,Lime,Open,Green,Two Tone,No,No,None,No,None,No
3196,Robingoose #3196,Honk honk,goose_3196.png,Goose,Yellow,Pink,Open,Green,Two Tone,No,Yes,Yellow,No,None,No
3197,Robingoose #3197,Honk honk,goose_3197.png,Goose,Yellow,Pink,Closed,Black,Solid,No,No,None,No,None,No
3198,Robingoose #3198,Honk honk,goose_3198.png,Goose,Red,Sky Blue,Open,Black,Solid,No,No,None,No,None,No
3199,Robingoose #3199,Honk honk,goose_3199.png,Goose,White,Blue,Closed,Purple,Two Tone,No,No,None,No,None,Yes
3200,Robingoose #3200,Honk honk,goose_3200.png,Goose,White,Sky Blue,Closed,Black,Solid,No,Yes,Red,No,None,No
3201,Robingoose #3201,Honk honk,goose_3201.png,Goose,Yellow,Orange,Closed,Red,Two Tone,No,No,None,No,None,Yes
3202,Robingoose #3202,Honk honk,goose_3202.png,Goose,White,Black,Open,Purple,Solid,Yes,No,None,No,None,No
3203,Robingoose #3203,Honk honk,goose_3203.png,Goose,Blue,Lime,Closed,Salmon,Two Tone,No,Yes,Lime,No,None,No
3204,Robingoose #3204,Honk honk,goose_3204.png,Goose,Turquoise,Blue,Closed,Coral,Two Tone,No,Yes,Turquoise,No,None,Yes
3205,Robingoose #3205,Honk honk,goose_3205.png,Goose,White,Yellow,Open,Black,Solid,No,Yes,Black,No,None,No
3206,Robingoose #3206,Honk honk,goose_3206.png,Goose,White,Orange,Closed,Sky Blue,Two Tone,No,No,None,No,None,Yes
3207,Robingoose #3207,Honk honk,goose_3207.png,Goose,Coral,Lime,Open,Black,Solid,No,Yes,Turquoise,No,None,No
3208,Robingoose #3208,Honk honk,goose_3208.png,Goose,Salmon,Black,Open,Red,Solid,No,No,None,No,None,No
3209,Robingoose #3209,Honk honk,goose_3209.png,Goose,White,Green,Open,Black,Solid,Yes,No,None,No,None,No
3210,Robingoose #3210,Honk honk,goose_3210.png,Goose,Sky Blue,Yellow,Closed,Black,Solid,No,Yes,Salmon,No,None,No
3211,Robingoose #3211,Honk honk,goose_3211.png,Goose,Red,Yellow,Open,Blue,Two Tone,Yes,No,None,Yes,Black,No
3212,Robingoose #3212,Honk honk,goose_3212.png,Goose,Pink,Orange,Open,Black,Solid,Yes,Yes,Pink,No,None,No
3213,Robingoose #3213,Honk honk,goose_3213.png,Goose,Green,Yellow,Open,Sky Blue,Two Tone,No,Yes,Orange,No,None,No
3214,Robingoose #3214,Honk honk,goose_3214.png,Goose,Red,Coral,Closed,Turquoise,Two Tone,No,No,None,No,None,No
3215,Robingoose #3215,Honk honk,goose_3215.png,Goose,White,Orange,Open,Turquoise,Two Tone,Yes,No,None,Yes,Yellow,No
3216,Robingoose #3216,Honk honk,goose_3216.png,Goose,Red,Sky Blue,Open,Black,Solid,Yes,No,None,No,None,No
3217,Robingoose #3217,Honk honk,goose_3217.png,Goose,Red,Yellow,Open,Black,Solid,Yes,No,None,No,None,No
3218,Robingoose #3218,Honk honk,goose_3218.png,Goose,Pink,Red,Open,Black,Solid,No,No,None,No,None,No
3219,Robingoose #3219,Honk honk,goose_3219.png,Goose,Purple,Orange,Open,Salmon,Two Tone,Yes,No,None,Yes,Black,No
3220,Robingoose #3220,Honk honk,goose_3220.png,Goose,White,Salmon,Open,Red,Two Tone,Yes,Yes,Lime,No,None,No
3221,Robingoose #3221,Honk honk,goose_3221.png,Goose,Green,Red,Closed,Black,Solid,No,Yes,Green,No,None,No
3222,Robingoose #3222,Honk honk,goose_3222.png,Goose,White,Coral,Closed,Black,Solid,No,Yes,Turquoise,No,None,No
3223,Robingoose #3223,Honk honk,goose_3223.png,Goose,Blue,Purple,Open,Orange,Two Tone,Yes,Yes,Blue,No,None,No
3224,Robingoose #3224,Honk honk,goose_3224.png,Goose,White,Yellow,Open,Blue,Two Tone,Yes,Yes,White,No,None,Yes
3225,Robingoose #3225,Honk honk,goose_3225.png,Goose,Salmon,Yellow,Open,Orange,Two Tone,No,No,None,No,None,Yes
3226,Robingoose #3226,Honk honk,goose_3226.png,Goose,Purple,Lime,Closed,Black,Solid,No,No,None,No,None,No
3227,Robingoose #3227,Honk honk,goose_3227.png,Goose,Orange,Yellow,Open,Black,Solid,Yes,Yes,Orange,No,None,No
3228,Robingoose #3228,Honk honk,goose_3228.png,Goose,Blue,Yellow,Closed,Pink,Two Tone,No,No,None,No,None,No
3229,Robingoose #3229,Honk honk,goose_3229.png,Goose,White,Orange,Open,Coral,Two Tone,Yes,No,None,Yes,Yellow,No
3230,Robingoose #3230,Honk honk,goose_3230.png,Goose,White,Orange,Closed,Sky Blue,Two Tone,No,No,None,Yes,Yellow,No
3231,Robingoose #3231,Honk honk,goose_3231.png,Goose,Black,Sky Blue,Open,White,Solid,No,Yes,Yellow,No,None,No
3232,Robingoose #3232,Honk honk,goose_3232.png,Goose,White,Yellow,Open,Green,Two Tone,Yes,Yes,White,No,None,No
3233,Robingoose #3233,Honk honk,goose_3233.png,Goose,Turquoise,Yellow,Closed,Black,Solid,No,Yes,Yellow,No,None,No
3234,Robingoose #3234,Honk honk,goose_3234.png,Goose,Black,Turquoise,Open,Salmon,Two Tone,Yes,No,None,Yes,Yellow,No
3235,Robingoose #3235,Honk honk,goose_3235.png,Goose,Pink,Black,Closed,Orange,Solid,No,Yes,Pink,No,None,No
3236,Robingoose #3236,Honk honk,goose_3236.png,Goose,Black,Yellow,Open,Red,Solid,Yes,Yes,Black,No,None,No
3237,Robingoose #3237,Honk honk,goose_3237.png,Goose,Green,Orange,Open,Pink,Two Tone,Yes,No,None,No,None,No
3238,Robingoose #3238,Honk honk,goose_3238.png,Goose,Turquoise,Sky Blue,Closed,Black,Solid,No,No,None,No,None,No
3239,Robingoose #3239,Honk honk,goose_3239.png,Goose,White,Salmon,Open,Black,Solid,Yes,No,None,No,None,No
3240,Robingoose #3240,Honk honk,goose_3240.png,Goose,Sky Blue,Orange,Closed,Black,Solid,No,Yes,White,No,None,No
3241,Robingoose #3241,Honk honk,goose_3241.png,Goose,White,Red,Open,Green,Two Tone,Yes,Yes,White,No,None,Yes
3242,Robingoose #3242,Honk honk,goose_3242.png,Goose,Pink,Orange,Closed,Yellow,Two Tone,No,Yes,Pink,No,None,Yes
3243,Robingoose #3243,Honk honk,goose_3243.png,Goose,Green,Pink,Open,Black,Solid,No,No,None,No,None,No
3244,Robingoose #3244,Honk honk,goose_3244.png,Goose,White,Yellow,Closed,Salmon,Two Tone,No,No,None,Yes,Black,No
3245,Robingoose #3245,Honk honk,goose_3245.png,Goose,White,Pink,Closed,Black,Solid,No,Yes,Pink,No,None,No
3246,Robingoose #3246,Honk honk,goose_3246.png,Goose,Purple,Orange,Open,Pink,Two Tone,No,No,None,No,None,Yes
3247,Robingoose #3247,Honk honk,goose_3247.png,Alien,,,,,,,,,,,
3248,Robingoose #3248,Honk honk,goose_3248.png,Goose,White,Orange,Closed,Sky Blue,Two Tone,No,Yes,White,No,None,Yes
3249,Robingoose #3249,Honk honk,goose_3249.png,Goose,Red,Yellow,Open,Purple,Two Tone,No,Yes,Red,No,None,No
3250,Robingoose #3250,Honk honk,goose_3250.png,Goose,Purple,Salmon,Open,Black,Solid,No,No,None,No,None,No
3251,Robingoose #3251,Honk honk,goose_3251.png,Goose,White,Yellow,Open,Turquoise,Two Tone,Yes,No,None,No,None,Yes
3252,Robingoose #3252,Honk honk,goose_3252.png,Goose,Black,Purple,Open,Turquoise,Two Tone,No,No,None,Yes,Yellow,No
3253,Robingoose #3253,Honk honk,goose_3253.png,Goose,Green,Orange,Open,Turquoise,Two Tone,Yes,No,None,Yes,Yellow,No
3254,Robingoose #3254,Honk honk,goose_3254.png,Goose,Orange,Salmon,Open,Blue,Two Tone,No,Yes,Orange,No,None,Yes
3255,Robingoose #3255,Honk honk,goose_3255.png,Goose,Red,Green,Open,Black,Solid,Yes,No,None,No,None,No
3256,Robingoose #3256,Honk honk,goose_3256.png,Goose,White,Orange,Open,Lime,Two Tone,No,Yes,White,No,None,No
3257,Robingoose #3257,Honk honk,goose_3257.png,Goose,Purple,Orange,Closed,Black,Solid,No,Yes,Yellow,No,None,No
3258,Robingoose #3258,Honk honk,goose_3258.png,Goose,Yellow,Blue,Open,Black,Solid,Yes,Yes,Yellow,No,None,No
3259,Robingoose #3259,Honk honk,goose_3259.png,Goose,Salmon,Orange,Open,Sky Blue,Two Tone,Yes,No,None,No,None,Yes
3260,Robingoose #3260,Honk honk,goose_3260.png,Goose,Blue,Red,Open,Lime,Two Tone,No,Yes,Blue,No,None,No
3261,Robingoose #3261,Honk honk,goose_3261.png,Goose,White,Sky Blue,Closed,Turquoise,Two Tone,No,No,None,No,None,No
3262,Robingoose #3262,Honk honk,goose_3262.png,Goose,Blue,Yellow,Closed,Black,Solid,No,Yes,Salmon,No,None,No
3263,Robingoose #3263,Honk honk,goose_3263.png,Goose,Green,Yellow,Closed,Blue,Two Tone,No,Yes,Green,No,None,Yes
3264,Robingoose #3264,Honk honk,goose_3264.png,Goose,Sky Blue,Yellow,Closed,Black,Solid,No,Yes,Yellow,No,None,No
3265,Robingoose #3265,Honk honk,goose_3265.png,Goose,Turquoise,Pink,Open,Red,Two Tone,No,No,None,Yes,Black,No
3266,Robingoose #3266,Honk honk,goose_3266.png,Goose,Sky Blue,Black,Open,Yellow,Solid,No,Yes,Sky Blue,No,None,No
3267,Robingoose #3267,Honk honk,goose_3267.png,Goose,White,Yellow,Open,Sky Blue,Two Tone,Yes,No,None,No,None,Yes
3268,Robingoose #3268,Honk honk,goose_3268.png,Goose,Yellow,Blue,Open,Black,Solid,No,No,None,No,None,No
3269,Robingoose #3269,Honk honk,goose_3269.png,Goose,Purple,Orange,Closed,Black,Solid,No,Yes,Pink,No,None,No
3270,Robingoose #3270,Honk honk,goose_3270.png,Goose,Green,Orange,Open,Lime,Two Tone,No,Yes,Green,No,None,No
3271,Robingoose #3271,Honk honk,goose_3271.png,Goose,White,Red,Closed,Sky Blue,Two Tone,No,No,None,No,None,No
3272,Robingoose #3272,Honk honk,goose_3272.png,Goose,Yellow,Pink,Open,Black,Solid,Yes,Yes,Yellow,No,None,No
3273,Robingoose #3273,Honk honk,goose_3273.png,Goose,Blue,Coral,Closed,Sky Blue,Two Tone,No,No,None,Yes,Black,No
3274,Robingoose #3274,Honk honk,goose_3274.png,Goose,White,Yellow,Open,Purple,Two Tone,Yes,No,None,Yes,Yellow,No
3275,Robingoose #3275,Honk honk,goose_3275.png,Goose,Pink,Sky Blue,Open,Black,Solid,No,Yes,Black,No,None,No
3276,Robingoose #3276,Honk honk,goose_3276.png,Goose,White,Purple,Closed,Coral,Two Tone,No,Yes,White,No,None,No
3277,Robingoose #3277,Honk honk,goose_3277.png,Goose,White,Lime,Open,Turquoise,Two Tone,No,No,None,No,None,No
3278,Robingoose #3278,Honk honk,goose_3278.png,Goose,Salmon,Coral,Closed,Green,Two Tone,No,No,None,Yes,Black,No
3279,Robingoose #3279,Honk honk,goose_3279.png,Goose,White,Yellow,Open,Green,Two Tone,No,No,None,No,None,No
3280,Robingoose #3280,Honk honk,goose_3280.png,Goose,Yellow,Purple,Open,Black,Solid,No,Yes,Yellow,No,None,No
3281,Robingoose #3281,Honk honk,goose_3281.png,Goose,White,Yellow,Closed,Sky Blue,Two Tone,No,Yes,White,No,None,Yes
3282,Robingoose #3282,Honk honk,goose_3282.png,Goose,Yellow,Turquoise,Open,Blue,Two Tone,No,Yes,Yellow,No,None,No
3283,Robingoose #3283,Honk honk,goose_3283.png,Goose,Purple,Yellow,Open,Black,Solid,No,Yes,Purple,No,None,No
3284,Robingoose #3284,Honk honk,goose_3284.png,Goose,Purple,Coral,Closed,Black,Solid,No,Yes,Purple,No,None,No
3285,Robingoose #3285,Honk honk,goose_3285.png,Goose,Yellow,Black,Open,Orange,Solid,No,Yes,Yellow,No,None,No
3286,Robingoose #3286,Honk honk,goose_3286.png,Goose,Blue,Black,Open,Red,Solid,No,No,None,No,None,No
3287,Robingoose #3287,Honk honk,goose_3287.png,Goose,Salmon,Sky Blue,Open,Black,Solid,Yes,No,None,No,None,No
3288,Robingoose #3288,Honk honk,goose_3288.png,Goose,Orange,Coral,Open,Black,Solid,No,Yes,Sky Blue,No,None,No
3289,Robingoose #3289,Honk honk,goose_3289.png,Goose,Salmon,Orange,Open,Yellow,Two Tone,No,Yes,Salmon,No,None,No
3290,Robingoose #3290,Honk honk,goose_3290.png,Goose,White,Orange,Open,Purple,Two Tone,Yes,Yes,Black,No,None,No
3291,Robingoose #3291,Honk honk,goose_3291.png,Goose,White,Blue,Open,Black,Solid,No,No,None,No,None,No
3292,Robingoose #3292,Honk honk,goose_3292.png,Goose,Pink,Salmon,Closed,Yellow,Two Tone,No,No,None,Yes,Black,No
3293,Robingoose #3293,Honk honk,goose_3293.png,Goose,Red,Orange,Closed,Green,Two Tone,No,No,None,No,None,No
3294,Robingoose #3294,Honk honk,goose_3294.png,Goose,White,Orange,Open,Lime,Two Tone,No,No,None,No,None,No
3295,Robingoose #3295,Honk honk,goose_3295.png,Goose,Purple,Blue,Open,Pink,Two Tone,Yes,No,None,No,None,No
3296,Robingoose #3296,Honk honk,goose_3296.png,Goose,Salmon,Blue,Open,Black,Solid,Yes,Yes,Lime,No,None,No
3297,Robingoose #3297,Honk honk,goose_3297.png,Goose,Red,Orange,Open,Yellow,Two Tone,Yes,Yes,Pink,No,None,Yes
3298,Robingoose #3298,Honk honk,goose_3298.png,Goose,Black,Turquoise,Closed,Sky Blue,Two Tone,No,Yes,Sky Blue,No,None,Yes
3299,Robingoose #3299,Honk honk,goose_3299.png,Goose,Turquoise,Blue,Closed,Purple,Two Tone,No,Yes,Turquoise,No,None,Yes
3300,Robingoose #3300,Honk honk,goose_3300.png,Goose,Red,Coral,Open,Lime,Two Tone,Yes,No,None,No,None,No
3301,Robingoose #3301,Honk honk,goose_3301.png,Goose,Salmon,Black,Closed,Turquoise,Two Tone,No,Yes,Salmon,No,None,No
3302,Robingoose #3302,Honk honk,goose_3302.png,Goose,Black,Red,Open,Red,Solid,Yes,Yes,Black,No,None,No
3303,Robingoose #3303,Honk honk,goose_3303.png,Goose,Salmon,Pink,Open,Black,Solid,Yes,Yes,Salmon,No,None,No
3304,Robingoose #3304,Honk honk,goose_3304.png,Goose,White,Lime,Open,Purple,Two Tone,Yes,Yes,White,No,None,No
3305,Robingoose #3305,Honk honk,goose_3305.png,Goose,Pink,Lime,Closed,Black,Solid,No,Yes,Purple,No,None,No
3306,Robingoose #3306,Honk honk,goose_3306.png,Goose,Orange,Lime,Open,Black,Solid,Yes,Yes,Red,No,None,No
3307,Robingoose #3307,Honk honk,goose_3307.png,Goose,Orange,Green,Closed,Lime,Two Tone,No,Yes,Black,No,None,No
3308,Robingoose #3308,Honk honk,goose_3308.png,Goose,Yellow,Orange,Open,White,Two Tone,No,No,None,No,None,Yes
3309,Robingoose #3309,Honk honk,goose_3309.png,Goose,Coral,Blue,Closed,Turquoise,Two Tone,No,Yes,Blue,No,None,Yes
3310,Robingoose #3310,Honk honk,goose_3310.png,Goose,Sky Blue,White,Open,Black,Solid,Yes,Yes,Pink,No,None,No
3311,Robingoose #3311,Honk honk,goose_3311.png,Goose,White,Orange,Open,Pink,Two Tone,No,Yes,White,No,None,Yes
3312,Robingoose #3312,Honk honk,goose_3312.png,Goose,White,Black,Closed,Sky Blue,Two Tone,No,No,None,No,None,No
3313,Robingoose #3313,Honk honk,goose_3313.png,Goose,Lime,Coral,Open,Orange,Two Tone,Yes,No,None,No,None,No
3314,Robingoose #3314,Honk honk,goose_3314.png,Goose,Orange,Purple,Closed,Yellow,Two Tone,No,Yes,Orange,No,None,Yes
3315,Robingoose #3315,Honk honk,goose_3315.png,Goose,Sky Blue,Orange,Open,Black,Solid,Yes,Yes,Black,No,None,No
3316,Robingoose #3316,Honk honk,goose_3316.png,Goose,Pink,Blue,Closed,Turquoise,Two Tone,No,No,None,No,None,No
3317,Robingoose #3317,Honk honk,goose_3317.png,Goose,White,Orange,Open,Black,Solid,Yes,Yes,Red,No,None,No
3318,Robingoose #3318,Honk honk,goose_3318.png,Goose,Coral,Turquoise,Open,Black,Solid,Yes,Yes,Coral,No,None,No
3319,Robingoose #3319,Honk honk,goose_3319.png,Goose,Green,Orange,Open,Black,Solid,Yes,No,None,No,None,No
3320,Robingoose #3320,Honk honk,goose_3320.png,Goose,Turquoise,Yellow,Open,Pink,Two Tone,Yes,No,None,No,None,No
3321,Robingoose #3321,Honk honk,goose_3321.png,Goose,Black,Turquoise,Open,Green,Two Tone,Yes,No,None,No,None,No
3322,Robingoose #3322,Honk honk,goose_3322.png,Goose,Blue,Yellow,Open,Green,Two Tone,Yes,No,None,No,None,No
3323,Robingoose #3323,Honk honk,goose_3323.png,Goose,Coral,Sky Blue,Open,Black,Solid,No,No,None,No,None,No
3324,Robingoose #3324,Honk honk,goose_3324.png,Goose,Pink,Orange,Open,Black,Solid,Yes,Yes,Orange,No,None,No
3325,Robingoose #3325,Honk honk,goose_3325.png,Goose,Pink,Orange,Open,Black,Solid,Yes,Yes,Blue,No,None,No
3326,Robingoose #3326,Honk honk,goose_3326.png,Goose,Purple,Green,Open,Black,Solid,Yes,No,None,No,None,No
3327,Robingoose #3327,Honk honk,goose_3327.png,Goose,Sky Blue,Lime,Closed,White,Two Tone,No,Yes,Sky Blue,No,None,Yes
3328,Robingoose #3328,Honk honk,goose_3328.png,Goose,White,Yellow,Closed,Blue,Two Tone,No,No,None,Yes,Yellow,No
3329,Robingoose #3329,Honk honk,goose_3329.png,Goose,Salmon,Yellow,Closed,Pink,Two Tone,No,Yes,Orange,No,None,Yes
3330,Robingoose #3330,Honk honk,goose_3330.png,Goose,Salmon,Orange,Open,Black,Solid,Yes,Yes,Sky Blue,No,None,No
3331,Robingoose #3331,Honk honk,goose_3331.png,Goose,Coral,Lime,Open,Black,Solid,Yes,Yes,Coral,No,None,No
3332,Robingoose #3332,Honk honk,goose_3332.png,Goose,Salmon,Orange,Closed,Purple,Two Tone,No,No,None,No,None,No
3333,Robingoose #3333,Honk honk,goose_3333.png,Goose,Blue,Orange,Open,Black,Solid,Yes,Yes,White,No,None,No
3334,Robingoose #3334,Honk honk,goose_3334.png,Goose,White,Blue,Open,Turquoise,Two Tone,Yes,No,None,No,None,No
3335,Robingoose #3335,Honk honk,goose_3335.png,Goose,White,Sky Blue,Closed,Pink,Two Tone,No,Yes,White,No,None,Yes
3336,Robingoose #3336,Honk honk,goose_3336.png,Goose,Turquoise,Yellow,Open,White,Two Tone,Yes,No,None,Yes,Black,No
3337,Robingoose #3337,Honk honk,goose_3337.png,Goose,Yellow,White,Open,Orange,Two Tone,No,No,None,No,None,No
3338,Robingoose #3338,Honk honk,goose_3338.png,Goose,Salmon,Orange,Closed,Black,Solid,No,Yes,Black,No,None,No
3339,Robingoose #3339,Honk honk,goose_3339.png,Goose,White,Lime,Closed,Sky Blue,Two Tone,No,No,None,Yes,Black,No
3340,Robingoose #3340,Honk honk,goose_3340.png,Goose,Sky Blue,Yellow,Open,Pink,Two Tone,No,No,None,Yes,Yellow,No
3341,Robingoose #3341,Honk honk,goose_3341.png,Goose,Yellow,Orange,Open,Black,Solid,No,Yes,Black,No,None,No
3342,Robingoose #3342,Honk honk,goose_3342.png,Goose,Lime,Green,Open,Black,Solid,Yes,No,None,No,None,No
3343,Robingoose #3343,Honk honk,goose_3343.png,Goose,White,Salmon,Closed,Coral,Two Tone,No,Yes,White,No,None,No
3344,Robingoose #3344,Honk honk,goose_3344.png,Goose,Blue,Purple,Open,Black,Solid,Yes,No,None,No,None,No
3345,Robingoose #3345,Honk honk,goose_3345.png,Goose,Pink,Orange,Closed,Yellow,Two Tone,No,No,None,No,None,No
3346,Robingoose #3346,Honk honk,goose_3346.png,Goose,Orange,Yellow,Open,Black,Solid,No,Yes,Orange,No,None,No
3347,Robingoose #3347,Honk honk,goose_3347.png,Goose,Salmon,Yellow,Closed,Green,Two Tone,No,No,None,Yes,Yellow,No
3348,Robingoose #3348,Honk honk,goose_3348.png,Goose,Red,Yellow,Open,Orange,Two Tone,No,No,None,Yes,Black,No
3349,Robingoose #3349,Honk honk,goose_3349.png,Goose,Green,Sky Blue,Open,White,Two Tone,No,No,None,Yes,Yellow,No
3350,Robingoose #3350,Honk honk,goose_3350.png,Goose,Turquoise,Pink,Open,Black,Solid,No,Yes,Turquoise,No,None,No
3351,Robingoose #3351,Honk honk,goose_3351.png,Goose,Lime,Purple,Open,Black,Solid,No,No,None,No,None,No
3352,Robingoose #3352,Honk honk,goose_3352.png,Goose,Lime,White,Open,Black,Solid,No,No,None,No,None,No
3353,Robingoose #3353,Honk honk,goose_3353.png,Goose,Green,Yellow,Closed,Turquoise,Two Tone,No,No,None,No,None,No
3354,Robingoose #3354,Honk honk,goose_3354.png,Goose,Pink,Salmon,Closed,Red,Two Tone,No,No,None,Yes,Black,No
3355,Robingoose #3355,Honk honk,goose_3355.png,Goose,Pink,Yellow,Open,Purple,Two Tone,Yes,Yes,Pink,No,None,Yes
3356,Robingoose #3356,Honk honk,goose_3356.png,Goose,Yellow,Green,Open,Black,Solid,Yes,Yes,Yellow,No,None,No
3357,Robingoose #3357,Honk honk,goose_3357.png,Goose,Yellow,Blue,Open,Black,Solid,Yes,No,None,No,None,No
3358,Robingoose #3358,Honk honk,goose_3358.png,Goose,Coral,Blue,Closed,Black,Solid,No,No,None,No,None,No
3359,Robingoose #3359,Honk honk,goose_3359.png,Goose,Black,Coral,Open,White,Solid,Yes,Yes,Black,No,None,No
3360,Robingoose #3360,Honk honk,goose_3360.png,Goose,Orange,Salmon,Closed,Pink,Two Tone,No,No,None,No,None,Yes
3361,Robingoose #3361,Honk honk,goose_3361.png,Goose,Lime,White,Open,Black,Solid,No,No,None,No,None,No
3362,Robingoose #3362,Honk honk,goose_3362.png,Goose,White,Purple,Closed,Orange,Two Tone,No,Yes,Pink,No,None,Yes
3363,Robingoose #3363,Honk honk,goose_3363.png,Goose,Turquoise,Coral,Open,Black,Solid,Yes,Yes,Yellow,No,None,No
3364,Robingoose #3364,Honk honk,goose_3364.png,Goose,Blue,Sky Blue,Open,Red,Two Tone,No,Yes,Blue,No,None,Yes
3365,Robingoose #3365,Honk honk,goose_3365.png,Goose,Yellow,Sky Blue,Open,Black,Solid,Yes,No,None,No,None,No
3366,Robingoose #3366,Honk honk,goose_3366.png,Goose,Black,Purple,Open,White,Solid,Yes,No,None,No,None,No
3367,Robingoose #3367,Honk honk,goose_3367.png,Goose,Sky Blue,Red,Open,Black,Solid,Yes,Yes,Turquoise,No,None,No
3368,Robingoose #3368,Honk honk,goose_3368.png,Goose,White,Red,Closed,Green,Two Tone,No,No,None,No,None,No
3369,Robingoose #3369,Honk honk,goose_3369.png,Goose,Salmon,Orange,Closed,Blue,Two Tone,No,Yes,Salmon,No,None,No
3370,Robingoose #3370,Honk honk,goose_3370.png,Goose,Purple,Yellow,Closed,Blue,Two Tone,No,No,None,No,None,Yes
3371,Robingoose #3371,Honk honk,goose_3371.png,Goose,White,Orange,Open,Turquoise,Two Tone,No,No,None,Yes,Yellow,No
3372,Robingoose #3372,Honk honk,goose_3372.png,Goose,Purple,Lime,Closed,Black,Solid,No,Yes,Yellow,No,None,No
3373,Robingoose #3373,Honk honk,goose_3373.png,Goose,White,Yellow,Open,Green,Two Tone,No,No,None,Yes,Yellow,No
3374,Robingoose #3374,Honk honk,goose_3374.png,Goose,Coral,Green,Closed,Black,Solid,No,No,None,No,None,No
3375,Robingoose #3375,Honk honk,goose_3375.png,Goose,White,Yellow,Open,Black,Solid,No,Yes,Purple,No,None,No
3376,Robingoose #3376,Honk honk,goose_3376.png,Goose,White,Salmon,Open,Sky Blue,Two Tone,No,Yes,Turquoise,No,None,No
3377,Robingoose #3377,Honk honk,goose_3377.png,Goose,White,Orange,Closed,Turquoise,Two Tone,No,No,None,Yes,Black,No
3378,Robingoose #3378,Honk honk,goose_3378.png,Goose,Turquoise,White,Open,Black,Solid,No,Yes,Turquoise,No,None,No
3379,Robingoose #3379,Honk honk,goose_3379.png,Goose,Red,Black,Open,Yellow,Two Tone,Yes,Yes,Red,No,None,Yes
3380,Robingoose #3380,Honk honk,goose_3380.png,Goose,Lime,Orange,Closed,Salmon,Two Tone,No,No,None,No,None,No
3381,Robingoose #3381,Honk honk,goose_3381.png,Goose,Salmon,Orange,Open,Turquoise,Two Tone,Yes,Yes,Salmon,No,None,No
3382,Robingoose #3382,Honk honk,goose_3382.png,Goose,Orange,Salmon,Closed,Coral,Two Tone,No,Yes,Orange,No,None,No
3383,Robingoose #3383,Honk honk,goose_3383.png,Goose,Coral,Orange,Closed,White,Two Tone,No,No,None,Yes,Black,No
3384,Robingoose #3384,Honk honk,goose_3384.png,Goose,Salmon,Yellow,Open,Black,Solid,Yes,No,None,No,None,No
3385,Robingoose #3385,Honk honk,goose_3385.png,Goose,Black,White,Open,Red,Solid,Yes,Yes,Black,No,None,No
3386,Robingoose #3386,Honk honk,goose_3386.png,Goose,Orange,Turquoise,Open,Black,Solid,Yes,Yes,Orange,No,None,No
3387,Robingoose #3387,Honk honk,goose_3387.png,Goose,Salmon,Orange,Open,Lime,Two Tone,No,No,None,Yes,Yellow,No
3388,Robingoose #3388,Honk honk,goose_3388.png,Goose,Orange,Lime,Open,Black,Solid,No,No,None,No,None,No
3389,Robingoose #3389,Honk honk,goose_3389.png,Goose,White,Orange,Open,Purple,Two Tone,No,Yes,White,No,None,No
3390,Robingoose #3390,Honk honk,goose_3390.png,Goose,Red,Orange,Open,Green,Two Tone,Yes,No,None,Yes,Yellow,No
3391,Robingoose #3391,Honk honk,goose_3391.png,Goose,Orange,Yellow,Open,Black,Solid,No,Yes,Purple,No,None,No
3392,Robingoose #3392,Honk honk,goose_3392.png,Goose,Green,Yellow,Open,Sky Blue,Two Tone,No,Yes,Green,No,None,No
3393,Robingoose #3393,Honk honk,goose_3393.png,Goose,Sky Blue,Yellow,Open,Black,Solid,No,Yes,Sky Blue,No,None,No
3394,Robingoose #3394,Honk honk,goose_3394.png,Goose,Sky Blue,Orange,Closed,Yellow,Two Tone,No,Yes,Sky Blue,No,None,No
3395,Robingoose #3395,Honk honk,goose_3395.png,Goose,Black,Yellow,Closed,Coral,Two Tone,No,No,None,Yes,Yellow,No
3396,Robingoose #3396,Honk honk,goose_3396.png,Goose,Lime,Pink,Open,Black,Solid,Yes,No,None,No,None,No
3397,Robingoose #3397,Honk honk,goose_3397.png,Goose,Coral,Orange,Open,Purple,Two Tone,Yes,Yes,Coral,No,None,No
3398,Robingoose #3398,Honk honk,goose_3398.png,Goose,Salmon,Yellow,Closed,White,Two Tone,No,No,None,No,None,Yes
3399,Robingoose #3399,Honk honk,goose_3399.png,Goose,Pink,Yellow,Open,Black,Solid,Yes,Yes,Blue,No,None,No
3400,Robingoose #3400,Honk honk,goose_3400.png,Goose,Lime,Black,Closed,Green,Two Tone,No,Yes,Lime,No,None,No
3401,Robingoose #3401,Honk honk,goose_3401.png,Goose,White,Yellow,Open,Sky Blue,Two Tone,No,Yes,White,No,None,No
3402,Robingoose #3402,Honk honk,goose_3402.png,Goose,Pink,Orange,Closed,Sky Blue,Two Tone,No,Yes,Pink,No,None,Yes
3403,Robingoose #3403,Honk honk,goose_3403.png,Goose,White,Yellow,Open,Black,Solid,Yes,Yes,Red,No,None,No
3404,Robingoose #3404,Honk honk,goose_3404.png,Goose,Red,Black,Open,Pink,Solid,No,Yes,Red,No,None,No
3405,Robingoose #3405,Honk honk,goose_3405.png,Goose,Purple,Yellow,Closed,Black,Solid,No,Yes,Turquoise,No,None,No
3406,Robingoose #3406,Honk honk,goose_3406.png,Goose,Lime,Orange,Open,Black,Solid,No,Yes,Red,No,None,No
3407,Robingoose #3407,Honk honk,goose_3407.png,Goose,Purple,Pink,Open,Black,Solid,Yes,No,None,No,None,No
3408,Robingoose #3408,Honk honk,goose_3408.png,Goose,Purple,Sky Blue,Closed,Green,Two Tone,No,Yes,Purple,No,None,No
3409,Robingoose #3409,Honk honk,goose_3409.png,Goose,Coral,Red,Open,Orange,Two Tone,No,No,None,No,None,No
3410,Robingoose #3410,Honk honk,goose_3410.png,Goose,Yellow,White,Open,Red,Two Tone,Yes,Yes,Yellow,No,None,No
3411,Robingoose #3411,Honk honk,goose_3411.png,Goose,Orange,Coral,Open,Black,Solid,Yes,Yes,Orange,No,None,No
3412,Robingoose #3412,Honk honk,goose_3412.png,Goose,Pink,Sky Blue,Open,Lime,Two Tone,Yes,No,None,No,None,No
3413,Robingoose #3413,Honk honk,goose_3413.png,Goose,Pink,Salmon,Closed,Coral,Two Tone,No,Yes,Sky Blue,No,None,No
3414,Robingoose #3414,Honk honk,goose_3414.png,Goose,Sky Blue,Yellow,Open,Blue,Two Tone,Yes,No,None,No,None,No
3415,Robingoose #3415,Honk honk,goose_3415.png,Goose,Yellow,Sky Blue,Open,Salmon,Two Tone,Yes,Yes,Yellow,No,None,No
3416,Robingoose #3416,Honk honk,goose_3416.png,Goose,Salmon,Blue,Open,Black,Solid,No,Yes,White,No,None,No
3417,Robingoose #3417,Honk honk,goose_3417.png,Goose,Pink,Sky Blue,Open,Black,Solid,No,No,None,No,None,No
3418,Robingoose #3418,Honk honk,goose_3418.png,Goose,Green,Yellow,Open,Black,Solid,Yes,No,None,No,None,No
3419,Robingoose #3419,Honk honk,goose_3419.png,Goose,White,Coral,Open,Black,Solid,No,Yes,Purple,No,None,No
3420,Robingoose #3420,Honk honk,goose_3420.png,Goose,Turquoise,White,Open,Sky Blue,Two Tone,Yes,Yes,Black,No,None,Yes
3421,Robingoose #3421,Honk honk,goose_3421.png,Goose,Orange,Sky Blue,Closed,Black,Solid,No,Yes,Orange,No,None,No
3422,Robingoose #3422,Honk honk,goose_3422.png,Goose,Purple,Black,Closed,Yellow,Two Tone,No,No,None,Yes,Yellow,No
3423,Robingoose #3423,Honk honk,goose_3423.png,Goose,Coral,Pink,Open,Black,Solid,No,No,None,No,None,No
3424,Robingoose #3424,Honk honk,goose_3424.png,Goose,Yellow,Orange,Open,Green,Two Tone,No,Yes,Yellow,No,None,No
3425,Robingoose #3425,Honk honk,goose_3425.png,Goose,White,Purple,Open,Black,Solid,Yes,Yes,Black,No,None,No
3426,Robingoose #3426,Honk honk,goose_3426.png,Goose,Pink,Coral,Closed,Yellow,Two Tone,No,No,None,No,None,No
3427,Robingoose #3427,Honk honk,goose_3427.png,Goose,Coral,Orange,Open,Black,Solid,Yes,Yes,Lime,No,None,No
3428,Robingoose #3428,Honk honk,goose_3428.png,Goose,Pink,Yellow,Open,Sky Blue,Two Tone,No,Yes,Pink,No,None,Yes
3429,Robingoose #3429,Honk honk,goose_3429.png,Goose,Green,Pink,Open,White,Two Tone,Yes,No,None,No,None,Yes
3430,Robingoose #3430,Honk honk,goose_3430.png,Goose,White,Orange,Open,Coral,Two Tone,Yes,No,None,Yes,Black,No
3431,Robingoose #3431,Honk honk,goose_3431.png,Goose,Black,Purple,Open,White,Solid,No,Yes,Black,No,None,No
3432,Robingoose #3432,Honk honk,goose_3432.png,Goose,Yellow,Pink,Closed,Black,Solid,No,Yes,Orange,No,None,No
3433,Robingoose #3433,Honk honk,goose_3433.png,Goose,Salmon,Yellow,Closed,White,Two Tone,No,Yes,Salmon,No,None,No
3434,Robingoose #3434,Honk honk,goose_3434.png,Goose,Blue,Purple,Closed,Turquoise,Two Tone,No,Yes,Blue,No,None,No
3435,Robingoose #3435,Honk honk,goose_3435.png,Goose,Pink,Yellow,Closed,Black,Solid,No,Yes,Coral,No,None,No
3436,Robingoose #3436,Honk honk,goose_3436.png,Goose,Yellow,Orange,Open,Blue,Two Tone,Yes,No,None,No,None,No
3437,Robingoose #3437,Honk honk,goose_3437.png,Goose,Sky Blue,Pink,Closed,White,Two Tone,No,Yes,Sky Blue,No,None,No
3438,Robingoose #3438,Honk honk,goose_3438.png,Goose,Orange,Yellow,Closed,Coral,Two Tone,No,Yes,Orange,No,None,No
3439,Robingoose #3439,Honk honk,goose_3439.png,Goose,Red,Orange,Closed,White,Two Tone,No,No,None,No,None,No
3440,Robingoose #3440,Honk honk,goose_3440.png,Goose,Pink,Purple,Open,Yellow,Two Tone,Yes,No,None,No,None,No
3441,Robingoose #3441,Honk honk,goose_3441.png,Goose,Black,Yellow,Closed,White,Solid,No,Yes,Red,No,None,No
3442,Robingoose #3442,Honk honk,goose_3442.png,Goose,Pink,Green,Open,Black,Solid,No,Yes,Coral,No,None,No
3443,Robingoose #3443,Honk honk,goose_3443.png,Goose,White,Yellow,Open,Green,Two Tone,Yes,No,None,No,None,No
3444,Robingoose #3444,Honk honk,goose_3444.png,Goose,Black,Red,Closed,White,Solid,No,No,None,No,None,No
3445,Robingoose #3445,Honk honk,goose_3445.png,Goose,White,Black,Closed,Yellow,Two Tone,No,No,None,Yes,Black,No
3446,Robingoose #3446,Honk honk,goose_3446.png,Goose,Pink,Orange,Open,Sky Blue,Two Tone,Yes,No,None,Yes,Yellow,No
3447,Robingoose #3447,Honk honk,goose_3447.png,Goose,Green,Red,Open,Black,Solid,Yes,Yes,Green,No,None,No
3448,Robingoose #3448,Honk honk,goose_3448.png,Goose,Salmon,Orange,Open,Black,Solid,Yes,Yes,Salmon,No,None,No
3449,Robingoose #3449,Honk honk,goose_3449.png,Goose,Orange,Green,Closed,Black,Solid,No,Yes,Green,No,None,No
3450,Robingoose #3450,Honk honk,goose_3450.png,Goose,Salmon,Turquoise,Open,Coral,Two Tone,No,Yes,Salmon,No,None,No
3451,Robingoose #3451,Honk honk,goose_3451.png,Goose,White,Salmon,Closed,Lime,Two Tone,No,No,None,No,None,No
3452,Robingoose #3452,Honk honk,goose_3452.png,Goose,White,Orange,Open,Black,Solid,No,Yes,Orange,No,None,No
3453,Robingoose #3453,Honk honk,goose_3453.png,Goose,Purple,Turquoise,Open,Black,Solid,No,Yes,Purple,No,None,No
3454,Robingoose #3454,Honk honk,goose_3454.png,Goose,Green,Yellow,Open,Purple,Two Tone,Yes,No,None,No,None,No
3455,Robingoose #3455,Honk honk,goose_3455.png,Goose,White,Orange,Open,Lime,Two Tone,No,Yes,White,No,None,Yes
3456,Robingoose #3456,Honk honk,goose_3456.png,Goose,Sky Blue,Yellow,Open,Blue,Two Tone,No,No,None,Yes,Black,No
3457,Robingoose #3457,Honk honk,goose_3457.png,Goose,Black,Yellow,Open,Red,Solid,Yes,Yes,Yellow,No,None,No
3458,Robingoose #3458,Honk honk,goose_3458.png,Goose,Coral,Blue,Open,Black,Solid,Yes,No,None,No,None,No
3459,Robingoose #3459,Honk honk,goose_3459.png,Goose,White,Turquoise,Open,Black,Solid,Yes,Yes,White,No,None,No
3460,Robingoose #3460,Honk honk,goose_3460.png,Goose,Sky Blue,Green,Open,Black,Solid,Yes,Yes,White,No,None,No
3461,Robingoose #3461,Honk honk,goose_3461.png,Goose,Orange,White,Open,Black,Solid,Yes,Yes,Orange,No,None,No
3462,Robingoose #3462,Honk honk,goose_3462.png,Goose,Blue,Orange,Open,Black,Solid,No,No,None,No,None,No
3463,Robingoose #3463,Honk honk,goose_3463.png,Goose,Turquoise,Orange,Closed,Blue,Two Tone,No,No,None,No,None,No
3464,Robingoose #3464,Honk honk,goose_3464.png,Goose,Red,Orange,Closed,White,Two Tone,No,No,None,Yes,Yellow,No
3465,Robingoose #3465,Honk honk,goose_3465.png,Goose,White,Pink,Closed,Black,Solid,No,Yes,Orange,No,None,No
3466,Robingoose #3466,Honk honk,goose_3466.png,Goose,Red,Orange,Open,Black,Solid,Yes,Yes,Lime,No,None,No
3467,Robingoose #3467,Honk honk,goose_3467.png,Goose,Sky Blue,Orange,Closed,Green,Two Tone,No,No,None,Yes,Black,No
3468,Robingoose #3468,Honk honk,goose_3468.png,Goose,Black,Orange,Closed,Red,Two Tone,No,Yes,Black,No,None,Yes
3469,Robingoose #3469,Honk honk,goose_3469.png,Goose,Blue,Red,Open,Pink,Two Tone,Yes,No,None,No,None,Yes
3470,Robingoose #3470,Honk honk,goose_3470.png,Goose,Black,Green,Open,Red,Solid,Yes,Yes,Black,No,None,No
3471,Robingoose #3471,Honk honk,goose_3471.png,Goose,White,Coral,Closed,Turquoise,Two Tone,No,No,None,Yes,Black,No
3472,Robingoose #3472,Honk honk,goose_3472.png,Goose,White,Blue,Closed,Purple,Two Tone,No,Yes,White,No,None,No
3473,Robingoose #3473,Honk honk,goose_3473.png,Goose,Purple,Lime,Open,Black,Solid,No,No,None,No,None,No
3474,Robingoose #3474,Honk honk,goose_3474.png,Goose,White,Blue,Open,Yellow,Two Tone,Yes,No,None,No,None,Yes
3475,Robingoose #3475,Honk honk,goose_3475.png,Goose,White,Sky Blue,Open,Black,Solid,No,Yes,White,No,None,No
3476,Robingoose #3476,Honk honk,goose_3476.png,Goose,White,Blue,Open,Black,Solid,Yes,Yes,Sky Blue,No,None,No
3477,Robingoose #3477,Honk honk,goose_3477.png,Goose,White,Orange,Open,Blue,Two Tone,Yes,Yes,Yellow,No,None,Yes
3478,Robingoose #3478,Honk honk,goose_3478.png,Goose,Black,Yellow,Open,White,Solid,Yes,Yes,Black,No,None,No
3479,Robingoose #3479,Honk honk,goose_3479.png,Goose,White,Yellow,Closed,Orange,Two Tone,No,No,None,Yes,Yellow,No
3480,Robingoose #3480,Honk honk,goose_3480.png,Goose,Coral,Lime,Closed,Green,Two Tone,No,Yes,Pink,No,None,No
3481,Robingoose #3481,Honk honk,goose_3481.png,Goose,White,Green,Closed,Black,Solid,No,Yes,Turquoise,No,None,No
3482,Robingoose #3482,Honk honk,goose_3482.png,Goose,Lime,Turquoise,Open,Sky Blue,Two Tone,Yes,No,None,No,None,Yes
3483,Robingoose #3483,Honk honk,goose_3483.png,Goose,Salmon,White,Open,Black,Solid,No,Yes,Salmon,No,None,No
3484,Robingoose #3484,Honk honk,goose_3484.png,Goose,White,Turquoise,Open,Black,Solid,Yes,No,None,No,None,No
3485,Robingoose #3485,Honk honk,goose_3485.png,Goose,Turquoise,Orange,Open,Red,Two Tone,Yes,No,None,Yes,Yellow,No
3486,Robingoose #3486,Honk honk,goose_3486.png,Goose,Lime,Orange,Open,Blue,Two Tone,Yes,No,None,No,None,No
3487,Robingoose #3487,Honk honk,goose_3487.png,Goose,Orange,Green,Open,White,Two Tone,Yes,Yes,Orange,No,None,Yes
3488,Robingoose #3488,Honk honk,goose_3488.png,Goose,Turquoise,Salmon,Open,Black,Solid,No,Yes,Turquoise,No,None,No
3489,Robingoose #3489,Honk honk,goose_3489.png,Goose,Pink,Orange,Open,Black,Solid,Yes,Yes,Red,No,None,No
3490,Robingoose #3490,Honk honk,goose_3490.png,Goose,Black,Sky Blue,Open,Purple,Two Tone,Yes,No,None,No,None,No
3491,Robingoose #3491,Honk honk,goose_3491.png,Goose,Orange,Purple,Open,Yellow,Two Tone,No,No,None,No,None,No
3492,Robingoose #3492,Honk honk,goose_3492.png,Goose,Green,Coral,Open,Blue,Two Tone,Yes,No,None,No,None,No
3493,Robingoose #3493,Honk honk,goose_3493.png,Goose,Black,Red,Closed,Red,Solid,No,No,None,No,None,No
3494,Robingoose #3494,Honk honk,goose_3494.png,Goose,Black,Yellow,Closed,Sky Blue,Two Tone,No,No,None,No,None,Yes
3495,Robingoose #3495,Honk honk,goose_3495.png,Goose,Yellow,Orange,Closed,Red,Two Tone,No,Yes,Yellow,No,None,No
3496,Robingoose #3496,Honk honk,goose_3496.png,Goose,Orange,Sky Blue,Closed,Green,Two Tone,No,Yes,Orange,No,None,No
3497,Robingoose #3497,Honk honk,goose_3497.png,Goose,White,Yellow,Open,Salmon,Two Tone,No,Yes,White,No,None,Yes
3498,Robingoose #3498,Honk honk,goose_3498.png,Goose,Orange,Purple,Open,Black,Solid,Yes,No,None,No,None,No
3499,Robingoose #3499,Honk honk,goose_3499.png,Goose,Sky Blue,Yellow,Open,Black,Solid,Yes,No,None,No,None,No
3500,Robingoose #3500,Honk honk,goose_3500.png,Goose,Blue,Turquoise,Open,Black,Solid,No,No,None,No,None,No
3501,Robingoose #3501,Honk honk,goose_3501.png,Goose,Lime,Orange,Open,Black,Solid,Yes,Yes,White,No,None,No
3502,Robingoose #3502,Honk honk,goose_3502.png,Goose,Green,Orange,Open,Turquoise,Two Tone,No,Yes,Green,No,None,Yes
3503,Robingoose #3503,Honk honk,goose_3503.png,Goose,White,Turquoise,Open,Yellow,Two Tone,No,Yes,Orange,No,None,Yes
3504,Robingoose #3504,Honk honk,goose_3504.png,Goose,Purple,Yellow,Open,Pink,Two Tone,Yes,No,None,No,None,No
3505,Robingoose #3505,Honk honk,goose_3505.png,Goose,Black,Yellow,Closed,Sky Blue,Two Tone,No,Yes,Black,No,None,No
3506,Robingoose #3506,Honk honk,goose_3506.png,Goose,White,Salmon,Closed,Coral,Two Tone,No,No,None,No,None,No
3507,Robingoose #3507,Honk honk,goose_3507.png,Goose,Pink,Salmon,Closed,White,Two Tone,No,No,None,No,None,Yes
3508,Robingoose #3508,Honk honk,goose_3508.png,Goose,Blue,Orange,Closed,Salmon,Two Tone,No,Yes,Blue,No,None,Yes
3509,Robingoose #3509,Honk honk,goose_3509.png,Goose,Turquoise,Purple,Closed,Pink,Two Tone,No,Yes,Turquoise,No,None,No
3510,Robingoose #3510,Honk honk,goose_3510.png,Goose,White,Pink,Closed,Black,Solid,No,Yes,Red,No,None,No
3511,Robingoose #3511,Honk honk,goose_3511.png,Goose,Purple,Yellow,Open,Black,Solid,Yes,Yes,White,No,None,No
3512,Robingoose #3512,Honk honk,goose_3512.png,Goose,Red,Yellow,Open,Turquoise,Two Tone,No,No,None,No,None,No
3513,Robingoose #3513,Honk honk,goose_3513.png,Goose,Lime,Turquoise,Open,Black,Solid,Yes,Yes,Lime,No,None,No
3514,Robingoose #3514,Honk honk,goose_3514.png,Goose,White,Yellow,Closed,Purple,Two Tone,No,No,None,No,None,No
3515,Robingoose #3515,Honk honk,goose_3515.png,Goose,Blue,Orange,Open,Salmon,Two Tone,No,Yes,Sky Blue,No,None,Yes
3516,Robingoose #3516,Honk honk,goose_3516.png,Goose,Orange,Turquoise,Open,Coral,Two Tone,Yes,Yes,Orange,No,None,Yes
3517,Robingoose #3517,Honk honk,goose_3517.png,Goose,Salmon,Black,Open,Turquoise,Solid,Yes,No,None,No,None,No
3518,Robingoose #3518,Honk honk,goose_3518.png,Goose,White,Sky Blue,Open,Orange,Two Tone,Yes,No,None,Yes,Yellow,No
3519,Robingoose #3519,Honk honk,goose_3519.png,Goose,Green,Blue,Closed,Lime,Two Tone,No,No,None,Yes,Yellow,No
3520,Robingoose #3520,Honk honk,goose_3520.png,Goose,White,Pink,Open,Lime,Two Tone,Yes,No,None,No,None,No
3521,Robingoose #3521,Honk honk,goose_3521.png,Goose,Lime,Orange,Closed,White,Two Tone,No,No,None,No,None,No
3522,Robingoose #3522,Honk honk,goose_3522.png,Goose,Pink,Lime,Open,Green,Two Tone,Yes,No,None,Yes,Yellow,No
3523,Robingoose #3523,Honk honk,goose_3523.png,Goose,Black,Purple,Open,Red,Solid,No,No,None,No,None,No
3524,Robingoose #3524,Honk honk,goose_3524.png,Goose,Turquoise,Blue,Open,Black,Solid,Yes,No,None,No,None,No
3525,Robingoose #3525,Honk honk,goose_3525.png,Goose,Black,Purple,Open,White,Solid,Yes,Yes,Black,No,None,No
3526,Robingoose #3526,Honk honk,goose_3526.png,Goose,Black,White,Open,Red,Solid,No,Yes,Black,No,None,No
3527,Robingoose #3527,Honk honk,goose_3527.png,Goose,Purple,Orange,Open,Coral,Two Tone,Yes,No,None,No,None,Yes
3528,Robingoose #3528,Honk honk,goose_3528.png,Goose,Black,Orange,Open,Red,Solid,Yes,Yes,Black,No,None,No
3529,Robingoose #3529,Honk honk,goose_3529.png,Goose,Blue,Yellow,Closed,Salmon,Two Tone,No,Yes,Blue,No,None,No
3530,Robingoose #3530,Honk honk,goose_3530.png,Goose,Green,Yellow,Closed,Orange,Two Tone,No,Yes,Green,No,None,No
3531,Robingoose #3531,Honk honk,goose_3531.png,Goose,Sky Blue,Purple,Closed,Orange,Two Tone,No,No,None,No,None,No
3532,Robingoose #3532,Honk honk,goose_3532.png,Goose,Yellow,Orange,Open,Blue,Two Tone,No,No,None,No,None,Yes
3533,Robingoose #3533,Honk honk,goose_3533.png,Goose,Red,Orange,Closed,Yellow,Two Tone,No,No,None,No,None,Yes
3534,Robingoose #3534,Honk honk,goose_3534.png,Goose,White,Black,Closed,Red,Two Tone,No,Yes,White,No,None,No
3535,Robingoose #3535,Honk honk,goose_3535.png,Goose,Red,Turquoise,Open,Black,Solid,No,Yes,Salmon,No,None,No
3536,Robingoose #3536,Honk honk,goose_3536.png,Goose,Red,Black,Closed,Black,Solid,No,No,None,No,None,No
3537,Robingoose #3537,Honk honk,goose_3537.png,Goose,Yellow,Green,Open,Black,Solid,No,Yes,Yellow,No,None,No
3538,Robingoose #3538,Honk honk,goose_3538.png,Goose,Red,Orange,Open,Black,Solid,Yes,Yes,Red,No,None,No
3539,Robingoose #3539,Honk honk,goose_3539.png,Goose,White,Yellow,Open,Salmon,Two Tone,No,No,None,No,None,No
3540,Robingoose #3540,Honk honk,goose_3540.png,Goose,Orange,Yellow,Open,Green,Two Tone,Yes,No,None,No,None,No
3541,Robingoose #3541,Honk honk,goose_3541.png,Goose,Green,Yellow,Open,White,Two Tone,No,Yes,Green,No,None,No
3542,Robingoose #3542,Honk honk,goose_3542.png,Goose,White,Coral,Closed,Black,Solid,No,Yes,Orange,No,None,No
3543,Robingoose #3543,Honk honk,goose_3543.png,Goose,Sky Blue,White,Open,Black,Solid,Yes,No,None,No,None,No
3544,Robingoose #3544,Honk honk,goose_3544.png,Goose,Green,White,Open,Black,Solid,No,No,None,No,None,No
3545,Robingoose #3545,Honk honk,goose_3545.png,Goose,Orange,Black,Closed,Sky Blue,Two Tone,No,No,None,No,None,Yes
3546,Robingoose #3546,Honk honk,goose_3546.png,Goose,Orange,Yellow,Open,Black,Solid,Yes,Yes,White,No,None,No
3547,Robingoose #3547,Honk honk,goose_3547.png,Goose,White,Red,Open,Black,Solid,Yes,Yes,Yellow,No,None,No
3548,Robingoose #3548,Honk honk,goose_3548.png,Goose,Coral,Yellow,Open,Green,Two Tone,No,Yes,Coral,No,None,No
3549,Robingoose #3549,Honk honk,goose_3549.png,Goose,Pink,Orange,Open,Blue,Two Tone,Yes,Yes,Pink,No,None,No
3550,Robingoose #3550,Honk honk,goose_3550.png,Goose,Purple,Red,Closed,Black,Solid,No,Yes,Purple,No,None,No
3551,Robingoose #3551,Honk honk,goose_3551.png,Goose,White,Blue,Closed,Sky Blue,Two Tone,No,Yes,White,No,None,No
3552,Robingoose #3552,Honk honk,goose_3552.png,Goose,Orange,Yellow,Open,Black,Solid,Yes,Yes,Black,No,None,No
3553,Robingoose #3553,Honk honk,goose_3553.png,Goose,Blue,Orange,Closed,Coral,Two Tone,No,Yes,Blue,No,None,Yes
3554,Robingoose #3554,Honk honk,goose_3554.png,Goose,Salmon,Orange,Closed,Black,Solid,No,Yes,Coral,No,None,No
3555,Robingoose #3555,Honk honk,goose_3555.png,Goose,Lime,Orange,Open,Sky Blue,Two Tone,No,No,None,No,None,No
3556,Robingoose #3556,Honk honk,goose_3556.png,Goose,White,Orange,Closed,Yellow,Two Tone,No,Yes,Green,No,None,Yes
3557,Robingoose #3557,Honk honk,goose_3557.png,Goose,White,Yellow,Open,Pink,Two Tone,Yes,No,None,No,None,Yes
3558,Robingoose #3558,Honk honk,goose_3558.png,Goose,Yellow,Black,Closed,Pink,Solid,No,Yes,Yellow,No,None,No
3559,Robingoose #3559,Honk honk,goose_3559.png,Goose,White,Orange,Open,Coral,Two Tone,Yes,Yes,White,No,None,Yes
3560,Robingoose #3560,Honk honk,goose_3560.png,Goose,Lime,Turquoise,Open,Red,Two Tone,No,Yes,Lime,No,None,No
3561,Robingoose #3561,Honk honk,goose_3561.png,Goose,White,Orange,Closed,Blue,Two Tone,No,No,None,No,None,Yes
3562,Robingoose #3562,Honk honk,goose_3562.png,Goose,Orange,Lime,Open,Black,Solid,No,No,None,No,None,No
3563,Robingoose #3563,Honk honk,goose_3563.png,Goose,Green,White,Closed,Purple,Two Tone,No,No,None,Yes,Yellow,No
3564,Robingoose #3564,Honk honk,goose_3564.png,Goose,Sky Blue,Red,Open,Black,Solid,Yes,Yes,Sky Blue,No,None,No
3565,Robingoose #3565,Honk honk,goose_3565.png,Goose,Yellow,Orange,Open,Red,Two Tone,No,No,None,No,None,Yes
3566,Robingoose #3566,Honk honk,goose_3566.png,Goose,Red,Purple,Open,Turquoise,Two Tone,No,Yes,Red,No,None,No
3567,Robingoose #3567,Honk honk,goose_3567.png,Goose,Purple,Lime,Open,Orange,Two Tone,No,No,None,No,None,Yes
3568,Robingoose #3568,Honk honk,goose_3568.png,Goose,Pink,Purple,Closed,White,Two Tone,No,Yes,Pink,No,None,Yes
3569,Robingoose #3569,Honk honk,goose_3569.png,Goose,Pink,White,Open,Black,Solid,Yes,No,None,No,None,No
3570,Robingoose #3570,Honk honk,goose_3570.png,Goose,Pink,Salmon,Open,Black,Solid,Yes,Yes,Coral,No,None,No
3571,Robingoose #3571,Honk honk,goose_3571.png,Goose,Coral,Orange,Closed,Black,Solid,No,Yes,Purple,No,None,No
3572,Robingoose #3572,Honk honk,goose_3572.png,Goose,Purple,Orange,Closed,Blue,Two Tone,No,Yes,Purple,No,None,No
3573,Robingoose #3573,Honk honk,goose_3573.png,Goose,Yellow,Turquoise,Closed,Green,Two Tone,No,No,None,No,None,No
3574,Robingoose #3574,Honk honk,goose_3574.png,Goose,Red,Coral,Open,Black,Solid,No,No,None,No,None,No
3575,Robingoose #3575,Honk honk,goose_3575.png,Goose,Yellow,Salmon,Closed,Coral,Two Tone,No,No,None,No,None,No
3576,Robingoose #3576,Honk honk,goose_3576.png,Goose,Coral,Green,Closed,Lime,Two Tone,No,No,None,No,None,Yes
3577,Robingoose #3577,Honk honk,goose_3577.png,Goose,Sky Blue,Yellow,Closed,Black,Solid,No,Yes,Lime,No,None,No
3578,Robingoose #3578,Honk honk,goose_3578.png,Goose,Sky Blue,Orange,Open,Black,Solid,Yes,Yes,Pink,No,None,No
3579,Robingoose #3579,Honk honk,goose_3579.png,Goose,Pink,Yellow,Closed,Orange,Two Tone,No,No,None,Yes,Black,No
3580,Robingoose #3580,Honk honk,goose_3580.png,Goose,Black,Sky Blue,Open,Red,Solid,Yes,Yes,Orange,No,None,No
3581,Robingoose #3581,Honk honk,goose_3581.png,Goose,Blue,Black,Open,Orange,Two Tone,No,No,None,Yes,Yellow,No
3582,Robingoose #3582,Honk honk,goose_3582.png,Goose,Purple,Yellow,Open,Orange,Two Tone,No,No,None,Yes,Black,No
3583,Robingoose #3583,Honk honk,goose_3583.png,Goose,White,Yellow,Closed,Purple,Two Tone,No,No,None,Yes,Black,No
3584,Robingoose #3584,Honk honk,goose_3584.png,Goose,Lime,Orange,Closed,Blue,Two Tone,No,Yes,Lime,No,None,Yes
3585,Robingoose #3585,Honk honk,goose_3585.png,Goose,White,Salmon,Open,Green,Two Tone,Yes,No,None,Yes,Yellow,No
3586,Robingoose #3586,Honk honk,goose_3586.png,Goose,Green,Orange,Closed,Purple,Two Tone,No,No,None,No,None,No
3587,Robingoose #3587,Honk honk,goose_3587.png,Goose,Red,Yellow,Open,Salmon,Two Tone,No,No,None,Yes,Yellow,No
3588,Robingoose #3588,Honk honk,goose_3588.png,Goose,Pink,Yellow,Open,Black,Solid,Yes,Yes,Coral,No,None,No
3589,Robingoose #3589,Honk honk,goose_3589.png,Goose,Sky Blue,White,Open,Yellow,Two Tone,Yes,Yes,Black,No,None,No
3590,Robingoose #3590,Honk honk,goose_3590.png,Goose,White,Coral,Open,Black,Solid,No,Yes,White,No,None,No
3591,Robingoose #3591,Honk honk,goose_3591.png,Goose,Salmon,Green,Closed,Black,Solid,No,Yes,Salmon,No,None,No
3592,Robingoose #3592,Honk honk,goose_3592.png,Goose,Salmon,Lime,Open,Purple,Two Tone,Yes,No,None,No,None,No
3593,Robingoose #3593,Honk honk,goose_3593.png,Goose,Blue,Coral,Closed,Black,Solid,No,Yes,Blue,No,None,No
3594,Robingoose #3594,Honk honk,goose_3594.png,Goose,Black,Salmon,Open,Red,Solid,No,No,None,No,None,No
3595,Robingoose #3595,Honk honk,goose_3595.png,Goose,Pink,White,Closed,Black,Solid,No,Yes,Sky Blue,No,None,No
3596,Robingoose #3596,Honk honk,goose_3596.png,Goose,Purple,Lime,Open,Black,Solid,No,Yes,Purple,No,None,No
3597,Robingoose #3597,Honk honk,goose_3597.png,Goose,White,Yellow,Open,Red,Two Tone,No,No,None,No,None,No
3598,Robingoose #3598,Honk honk,goose_3598.png,Goose,White,Green,Open,Pink,Two Tone,No,No,None,Yes,Black,No
3599,Robingoose #3599,Honk honk,goose_3599.png,Goose,Purple,Orange,Closed,White,Two Tone,No,No,None,Yes,Yellow,No
3600,Robingoose #3600,Honk honk,goose_3600.png,Goose,Red,Purple,Closed,Black,Solid,No,Yes,Red,No,None,No
3601,Robingoose #3601,Honk honk,goose_3601.png,Goose,Pink,Orange,Closed,Purple,Two Tone,No,Yes,Pink,No,None,No
3602,Robingoose #3602,Honk honk,goose_3602.png,Goose,Black,Orange,Open,Red,Solid,No,Yes,Black,No,None,No
3603,Robingoose #3603,Honk honk,goose_3603.png,Goose,Coral,Orange,Closed,Blue,Two Tone,No,No,None,Yes,Black,No
3604,Robingoose #3604,Honk honk,goose_3604.png,Goose,White,Lime,Closed,Orange,Two Tone,No,No,None,No,None,No
3605,Robingoose #3605,Honk honk,goose_3605.png,Goose,Blue,Yellow,Open,Black,Solid,No,Yes,Red,No,None,No
3606,Robingoose #3606,Honk honk,goose_3606.png,Goose,Lime,Black,Closed,Orange,Two Tone,No,Yes,Lime,No,None,No
3607,Robingoose #3607,Honk honk,goose_3607.png,Goose,Lime,Coral,Open,White,Two Tone,Yes,Yes,Turquoise,No,None,No
3608,Robingoose #3608,Honk honk,goose_3608.png,Goose,Blue,Coral,Open,Black,Solid,Yes,No,None,No,None,No
3609,Robingoose #3609,Honk honk,goose_3609.png,Goose,White,Purple,Closed,Black,Solid,No,Yes,Coral,No,None,No
3610,Robingoose #3610,Honk honk,goose_3610.png,Goose,Orange,Yellow,Closed,Green,Two Tone,No,No,None,No,None,Yes
3611,Robingoose #3611,Honk honk,goose_3611.png,Goose,White,Black,Open,Lime,Solid,No,No,None,No,None,No
3612,Robingoose #3612,Honk honk,goose_3612.png,Goose,Green,Lime,Closed,Black,Solid,No,Yes,Green,No,None,No
3613,Robingoose #3613,Honk honk,goose_3613.png,Goose,Coral,Sky Blue,Open,Black,Solid,Yes,No,None,No,None,No
3614,Robingoose #3614,Honk honk,goose_3614.png,Goose,White,Yellow,Open,Blue,Two Tone,No,No,None,No,None,No
3615,Robingoose #3615,Honk honk,goose_3615.png,Goose,Black,Yellow,Closed,Pink,Two Tone,No,No,None,No,None,Yes
3616,Robingoose #3616,Honk honk,goose_3616.png,Goose,Salmon,Pink,Open,Orange,Two Tone,No,No,None,No,None,No
3617,Robingoose #3617,Honk honk,goose_3617.png,Goose,Blue,Purple,Closed,Salmon,Two Tone,No,No,None,Yes,Yellow,No
3618,Robingoose #3618,Honk honk,goose_3618.png,Goose,Red,Yellow,Closed,Salmon,Two Tone,No,No,None,Yes,Yellow,No
3619,Robingoose #3619,Honk honk,goose_3619.png,Goose,Pink,Salmon,Open,Black,Solid,Yes,No,None,No,None,No
3620,Robingoose #3620,Honk honk,goose_3620.png,Goose,Black,Purple,Open,White,Two Tone,No,No,None,Yes,Yellow,No
3621,Robingoose #3621,Honk honk,goose_3621.png,Goose,White,Yellow,Open,Sky Blue,Two Tone,No,Yes,White,No,None,Yes
3622,Robingoose #3622,Honk honk,goose_3622.png,Goose,Orange,Sky Blue,Closed,Coral,Two Tone,No,No,None,Yes,Black,No
3623,Robingoose #3623,Honk honk,goose_3623.png,Goose,White,Turquoise,Open,Salmon,Two Tone,Yes,No,None,No,None,Yes
3624,Robingoose #3624,Honk honk,goose_3624.png,Goose,White,Sky Blue,Closed,Purple,Two Tone,No,Yes,White,No,None,Yes
3625,Robingoose #3625,Honk honk,goose_3625.png,Goose,White,Green,Open,Pink,Two Tone,Yes,No,None,Yes,Yellow,No
3626,Robingoose #3626,Honk honk,goose_3626.png,Goose,Green,Black,Open,Red,Solid,No,Yes,Green,No,None,No
3627,Robingoose #3627,Honk honk,goose_3627.png,Goose,White,Pink,Closed,Black,Solid,No,Yes,Black,No,None,No
3628,Robingoose #3628,Honk honk,goose_3628.png,Goose,White,Yellow,Open,Blue,Two Tone,No,No,None,No,None,Yes
3629,Robingoose #3629,Honk honk,goose_3629.png,Goose,Pink,Blue,Open,Black,Solid,Yes,Yes,Pink,No,None,No
3630,Robingoose #3630,Honk honk,goose_3630.png,Goose,Yellow,Orange,Open,Sky Blue,Two Tone,No,No,None,No,None,Yes
3631,Robingoose #3631,Honk honk,goose_3631.png,Goose,Turquoise,Yellow,Closed,Coral,Two Tone,No,Yes,White,No,None,No
3632,Robingoose #3632,Honk honk,goose_3632.png,Goose,White,Yellow,Open,Orange,Two Tone,Yes,No,None,Yes,Yellow,No
3633,Robingoose #3633,Honk honk,goose_3633.png,Goose,White,Yellow,Closed,Red,Two Tone,No,No,None,No,None,Yes
3634,Robingoose #3634,Honk honk,goose_3634.png,Goose,Lime,Purple,Open,Black,Solid,Yes,No,None,No,None,No
3635,Robingoose #3635,Honk honk,goose_3635.png,Goose,Lime,Green,Open,Black,Solid,No,No,None,No,None,No
3636,Robingoose #3636,Honk honk,goose_3636.png,Goose,Purple,Orange,Closed,Yellow,Two Tone,No,Yes,Purple,No,None,No
3637,Robingoose #3637,Honk honk,goose_3637.png,Goose,Sky Blue,Orange,Open,Purple,Two Tone,Yes,No,None,No,None,Yes
3638,Robingoose #3638,Honk honk,goose_3638.png,Goose,White,Green,Closed,Lime,Two Tone,No,No,None,No,None,No
3639,Robingoose #3639,Honk honk,goose_3639.png,Goose,White,Orange,Closed,Black,Solid,No,Yes,Pink,No,None,No
3640,Robingoose #3640,Honk honk,goose_3640.png,Goose,Sky Blue,Orange,Open,Black,Solid,No,Yes,Turquoise,No,None,No
3641,Robingoose #3641,Honk honk,goose_3641.png,Goose,White,Yellow,Closed,Red,Two Tone,No,No,None,Yes,Black,No
3642,Robingoose #3642,Honk honk,goose_3642.png,Goose,Red,Pink,Open,Black,Solid,Yes,Yes,Red,No,None,No
3643,Robingoose #3643,Honk honk,goose_3643.png,Goose,Lime,Orange,Open,Black,Solid,No,Yes,Orange,No,None,No
3644,Robingoose #3644,Honk honk,goose_3644.png,Goose,Purple,Black,Open,Lime,Solid,Yes,Yes,Purple,No,None,No
3645,Robingoose #3645,Honk honk,goose_3645.png,Goose,Lime,Sky Blue,Open,Black,Solid,No,Yes,Lime,No,None,No
3646,Robingoose #3646,Honk honk,goose_3646.png,Goose,Purple,Yellow,Closed,Black,Solid,No,Yes,Orange,No,None,No
3647,Robingoose #3647,Honk honk,goose_3647.png,Goose,Sky Blue,Lime,Open,Black,Solid,Yes,No,None,No,None,No
3648,Robingoose #3648,Honk honk,goose_3648.png,Goose,Coral,Orange,Closed,Red,Two Tone,No,Yes,Salmon,No,None,No
3649,Robingoose #3649,Honk honk,goose_3649.png,Goose,Red,Lime,Open,Green,Two Tone,Yes,No,None,Yes,Yellow,No
3650,Robingoose #3650,Honk honk,goose_3650.png,Goose,Yellow,Orange,Closed,White,Two Tone,No,Yes,Turquoise,No,None,No
3651,Robingoose #3651,Honk honk,goose_3651.png,Goose,Yellow,Salmon,Open,White,Two Tone,Yes,No,None,No,None,No
3652,Robingoose #3652,Honk honk,goose_3652.png,Goose,Turquoise,Red,Closed,Coral,Two Tone,No,No,None,No,None,No
3653,Robingoose #3653,Honk honk,goose_3653.png,Goose,Sky Blue,Red,Open,Yellow,Two Tone,Yes,No,None,No,None,No
3654,Robingoose #3654,Honk honk,goose_3654.png,Goose,Coral,Sky Blue,Open,Black,Solid,Yes,Yes,Coral,No,None,No
3655,Robingoose #3655,Honk honk,goose_3655.png,Goose,Red,Orange,Open,Yellow,Two Tone,Yes,No,None,No,None,Yes
3656,Robingoose #3656,Honk honk,goose_3656.png,Goose,Pink,Purple,Open,Red,Two Tone,No,Yes,Pink,No,None,No
3657,Robingoose #3657,Honk honk,goose_3657.png,Goose,White,Orange,Open,Green,Two Tone,No,No,None,No,None,Yes
3658,Robingoose #3658,Honk honk,goose_3658.png,Goose,Black,Yellow,Open,White,Two Tone,Yes,Yes,Black,No,None,No
3659,Robingoose #3659,Honk honk,goose_3659.png,Goose,White,Blue,Closed,Green,Two Tone,No,No,None,No,None,No
3660,Robingoose #3660,Honk honk,goose_3660.png,Goose,Black,Green,Closed,Coral,Two Tone,No,Yes,Black,No,None,No
3661,Robingoose #3661,Honk honk,goose_3661.png,Goose,Coral,Yellow,Open,Red,Two Tone,Yes,No,None,No,None,No
3662,Robingoose #3662,Honk honk,goose_3662.png,Goose,Lime,Orange,Open,Salmon,Two Tone,Yes,No,None,No,None,Yes
3663,Robingoose #3663,Honk honk,goose_3663.png,Goose,Yellow,Pink,Open,Black,Solid,Yes,No,None,No,None,No
3664,Robingoose #3664,Honk honk,goose_3664.png,Goose,Salmon,Sky Blue,Open,Blue,Two Tone,Yes,No,None,No,None,Yes
3665,Robingoose #3665,Honk honk,goose_3665.png,Goose,Orange,Yellow,Open,Purple,Two Tone,No,No,None,Yes,Black,No
3666,Robingoose #3666,Honk honk,goose_3666.png,Goose,Turquoise,Black,Open,Coral,Solid,Yes,No,None,No,None,No
3667,Robingoose #3667,Honk honk,goose_3667.png,Goose,White,Sky Blue,Closed,Pink,Two Tone,No,Yes,White,No,None,No
3668,Robingoose #3668,Honk honk,goose_3668.png,Goose,White,Salmon,Open,Red,Two Tone,No,No,None,No,None,Yes
3669,Robingoose #3669,Honk honk,goose_3669.png,Goose,Turquoise,Yellow,Closed,Black,Solid,No,Yes,White,No,None,No
3670,Robingoose #3670,Honk honk,goose_3670.png,Goose,White,Yellow,Open,Salmon,Two Tone,No,No,None,Yes,Black,No
3671,Robingoose #3671,Honk honk,goose_3671.png,Goose,Salmon,Yellow,Open,Pink,Two Tone,No,No,None,Yes,Black,No
3672,Robingoose #3672,Honk honk,goose_3672.png,Goose,Pink,White,Closed,Green,Two Tone,No,No,None,Yes,Black,No
3673,Robingoose #3673,Honk honk,goose_3673.png,Goose,Orange,Yellow,Open,Black,Solid,No,Yes,Lime,No,None,No
3674,Robingoose #3674,Honk honk,goose_3674.png,Goose,Black,Yellow,Open,White,Solid,Yes,Yes,Black,No,None,No
3675,Robingoose #3675,Honk honk,goose_3675.png,Goose,White,Green,Open,Turquoise,Two Tone,Yes,Yes,White,No,None,Yes
3676,Robingoose #3676,Honk honk,goose_3676.png,Goose,Orange,Pink,Closed,Green,Two Tone,No,No,None,No,None,Yes
3677,Robingoose #3677,Honk honk,goose_3677.png,Goose,Green,Sky Blue,Open,Coral,Two Tone,Yes,No,None,Yes,Yellow,No
3678,Robingoose #3678,Honk honk,goose_3678.png,Goose,Orange,Red,Open,Green,Two Tone,Yes,Yes,Orange,No,None,No
3679,Robingoose #3679,Honk honk,goose_3679.png,Goose,Sky Blue,Salmon,Closed,Green,Two Tone,No,Yes,Sky Blue,No,None,No
3680,Robingoose #3680,Honk honk,goose_3680.png,Goose,Sky Blue,Pink,Open,Black,Solid,Yes,No,None,No,None,No
3681,Robingoose #3681,Honk honk,goose_3681.png,Goose,Yellow,Orange,Open,Red,Two Tone,Yes,No,None,No,None,No
3682,Robingoose #3682,Honk honk,goose_3682.png,Goose,Turquoise,Yellow,Open,White,Two Tone,No,No,None,Yes,Yellow,No
3683,Robingoose #3683,Honk honk,goose_3683.png,Goose,White,Salmon,Open,Black,Solid,Yes,Yes,Coral,No,None,No
3684,Robingoose #3684,Honk honk,goose_3684.png,Goose,Lime,Orange,Open,White,Two Tone,Yes,Yes,Lime,No,None,Yes
3685,Robingoose #3685,Honk honk,goose_3685.png,Goose,Black,Orange,Open,Sky Blue,Two Tone,Yes,Yes,Black,No,None,No
3686,Robingoose #3686,Honk honk,goose_3686.png,Goose,Red,Sky Blue,Open,Black,Solid,No,No,None,No,None,No
3687,Robingoose #3687,Honk honk,goose_3687.png,Goose,Turquoise,Yellow,Closed,Red,Two Tone,No,Yes,Turquoise,No,None,No
3688,Robingoose #3688,Honk honk,goose_3688.png,Goose,Salmon,Orange,Open,White,Two Tone,Yes,No,None,No,None,Yes
3689,Robingoose #3689,Honk honk,goose_3689.png,Goose,Turquoise,Pink,Closed,Black,Solid,No,Yes,Blue,No,None,No
3690,Robingoose #3690,Honk honk,goose_3690.png,Goose,White,Coral,Closed,Turquoise,Two Tone,No,No,None,No,None,No
3691,Robingoose #3691,Honk honk,goose_3691.png,Goose,Purple,Black,Closed,Blue,Solid,No,Yes,Purple,No,None,No
3692,Robingoose #3692,Honk honk,goose_3692.png,Goose,Red,Yellow,Open,Coral,Two Tone,Yes,Yes,Red,No,None,Yes
3693,Robingoose #3693,Honk honk,goose_3693.png,Goose,Blue,Black,Open,Black,Solid,No,Yes,Blue,No,None,No
3694,Robingoose #3694,Honk honk,goose_3694.png,Goose,Pink,Red,Closed,Orange,Two Tone,No,No,None,No,None,Yes
3695,Robingoose #3695,Honk honk,goose_3695.png,Goose,Pink,Orange,Closed,Yellow,Two Tone,No,Yes,Pink,No,None,No
3696,Robingoose #3696,Honk honk,goose_3696.png,Goose,Black,White,Open,White,Solid,No,Yes,Green,No,None,No
3697,Robingoose #3697,Honk honk,goose_3697.png,Goose,Purple,Yellow,Open,Black,Solid,No,Yes,Coral,No,None,No
3698,Robingoose #3698,Honk honk,goose_3698.png,Goose,Red,Turquoise,Open,Black,Solid,Yes,Yes,Red,No,None,No
3699,Robingoose #3699,Honk honk,goose_3699.png,Goose,Pink,Yellow,Open,Sky Blue,Two Tone,No,No,None,Yes,Black,No
3700,Robingoose #3700,Honk honk,goose_3700.png,Goose,Black,Turquoise,Open,Red,Solid,Yes,No,None,No,None,No
3701,Robingoose #3701,Honk honk,goose_3701.png,Goose,Coral,Pink,Closed,Lime,Two Tone,No,Yes,Coral,No,None,No
3702,Robingoose #3702,Honk honk,goose_3702.png,Goose,Purple,Turquoise,Open,Orange,Two Tone,No,No,None,Yes,Black,No
3703,Robingoose #3703,Honk honk,goose_3703.png,Goose,Lime,Blue,Open,Black,Solid,Yes,Yes,Lime,No,None,No
3704,Robingoose #3704,Honk honk,goose_3704.png,Goose,White,Yellow,Open,Orange,Two Tone,No,No,None,Yes,Yellow,No
3705,Robingoose #3705,Honk honk,goose_3705.png,Goose,Sky Blue,Coral,Closed,Salmon,Two Tone,No,Yes,Sky Blue,No,None,No
3706,Robingoose #3706,Honk honk,goose_3706.png,Goose,Orange,Blue,Open,Black,Solid,Yes,Yes,Orange,No,None,No
3707,Robingoose #3707,Honk honk,goose_3707.png,Goose,Turquoise,Yellow,Open,Red,Two Tone,Yes,No,None,Yes,Black,No
3708,Robingoose #3708,Honk honk,goose_3708.png,Goose,Orange,Black,Open,Green,Solid,No,Yes,Blue,No,None,No
3709,Robingoose #3709,Honk honk,goose_3709.png,Goose,Blue,Pink,Open,Black,Solid,No,No,None,No,None,No
3710,Robingoose #3710,Honk honk,goose_3710.png,Goose,Coral,Black,Closed,Lime,Two Tone,No,No,None,No,None,Yes
3711,Robingoose #3711,Honk honk,goose_3711.png,Goose,Black,Yellow,Open,Sky Blue,Two Tone,No,No,None,Yes,Yellow,No
3712,Robingoose #3712,Honk honk,goose_3712.png,Goose,White,Green,Open,Purple,Two Tone,Yes,Yes,Coral,No,None,No
3713,Robingoose #3713,Honk honk,goose_3713.png,Goose,Lime,Blue,Open,Purple,Two Tone,No,Yes,Lime,No,None,No
3714,Robingoose #3714,Honk honk,goose_3714.png,Goose,Coral,Pink,Closed,Black,Solid,No,Yes,Coral,No,None,No
3715,Robingoose #3715,Honk honk,goose_3715.png,Goose,Coral,Black,Closed,Purple,Two Tone,No,Yes,Coral,No,None,No
3716,Robingoose #3716,Honk honk,goose_3716.png,Goose,Turquoise,White,Open,Black,Solid,Yes,No,None,No,None,No
3717,Robingoose #3717,Honk honk,goose_3717.png,Goose,Red,Green,Open,Black,Solid,No,Yes,Pink,No,None,No
3718,Robingoose #3718,Honk honk,goose_3718.png,Goose,Coral,Sky Blue,Closed,Salmon,Two Tone,No,Yes,Lime,No,None,No
3719,Robingoose #3719,Honk honk,goose_3719.png,Goose,Green,Red,Open,Black,Solid,Yes,No,None,No,None,No
3720,Robingoose #3720,Honk honk,goose_3720.png,Goose,Black,Orange,Open,Turquoise,Two Tone,No,No,None,No,None,No
3721,Robingoose #3721,Honk honk,goose_3721.png,Goose,Red,Lime,Open,Black,Solid,Yes,Yes,Red,No,None,No
3722,Robingoose #3722,Honk honk,goose_3722.png,Goose,White,Black,Open,Purple,Solid,Yes,Yes,White,No,None,No
3723,Robingoose #3723,Honk honk,goose_3723.png,Goose,White,Yellow,Closed,Pink,Two Tone,No,Yes,White,No,None,Yes
3724,Robingoose #3724,Honk honk,goose_3724.png,Goose,Coral,Red,Open,Black,Solid,No,Yes,Red,No,None,No
3725,Robingoose #3725,Honk honk,goose_3725.png,Goose,Black,White,Open,Red,Solid,Yes,No,None,No,None,No
3726,Robingoose #3726,Honk honk,goose_3726.png,Goose,Sky Blue,Blue,Open,Black,Solid,No,No,None,No,None,No
3727,Robingoose #3727,Honk honk,goose_3727.png,Goose,White,Black,Closed,Pink,Solid,No,No,None,No,None,No
3728,Robingoose #3728,Honk honk,goose_3728.png,Goose,Purple,Sky Blue,Closed,Lime,Two Tone,No,Yes,Purple,No,None,No
3729,Robingoose #3729,Honk honk,goose_3729.png,Goose,Orange,Yellow,Open,Red,Two Tone,No,No,None,No,None,No
3730,Robingoose #3730,Honk honk,goose_3730.png,Goose,Black,Pink,Closed,White,Solid,No,Yes,Black,No,None,No
3731,Robingoose #3731,Honk honk,goose_3731.png,Goose,Coral,Yellow,Closed,Black,Solid,No,Yes,Orange,No,None,No
3732,Robingoose #3732,Honk honk,goose_3732.png,Goose,Green,Black,Open,Orange,Solid,No,No,None,No,None,No
3733,Robingoose #3733,Honk honk,goose_3733.png,Goose,Salmon,Blue,Open,Black,Solid,No,Yes,Salmon,No,None,No
3734,Robingoose #3734,Honk honk,goose_3734.png,Goose,White,Yellow,Closed,Salmon,Two Tone,No,Yes,Red,No,None,Yes
3735,Robingoose #3735,Honk honk,goose_3735.png,Goose,Black,Orange,Closed,Pink,Two Tone,No,No,None,No,None,Yes
3736,Robingoose #3736,Honk honk,goose_3736.png,Goose,Purple,Orange,Closed,Salmon,Two Tone,No,No,None,No,None,Yes
3737,Robingoose #3737,Honk honk,goose_3737.png,Goose,Yellow,Red,Open,White,Two Tone,No,No,None,No,None,No
3738,Robingoose #3738,Honk honk,goose_3738.png,Goose,Green,Lime,Open,Turquoise,Two Tone,No,Yes,Green,No,None,No
3739,Robingoose #3739,Honk honk,goose_3739.png,Goose,Orange,Black,Open,Blue,Two Tone,No,Yes,Orange,No,None,Yes
3740,Robingoose #3740,Honk honk,goose_3740.png,Goose,White,Turquoise,Open,Salmon,Two Tone,Yes,No,None,No,None,No
3741,Robingoose #3741,Honk honk,goose_3741.png,Goose,White,Yellow,Open,Red,Two Tone,Yes,Yes,White,No,None,Yes
3742,Robingoose #3742,Honk honk,goose_3742.png,Goose,Blue,Yellow,Open,Sky Blue,Two Tone,Yes,No,None,No,None,Yes
3743,Robingoose #3743,Honk honk,goose_3743.png,Goose,White,Green,Open,Turquoise,Two Tone,Yes,No,None,Yes,Yellow,No
3744,Robingoose #3744,Honk honk,goose_3744.png,Goose,Red,White,Open,Black,Solid,No,Yes,Red,No,None,No
3745,Robingoose #3745,Honk honk,goose_3745.png,Goose,Purple,Black,Closed,Yellow,Two Tone,No,No,None,Yes,Black,No
3746,Robingoose #3746,Honk honk,goose_3746.png,Goose,White,Pink,Closed,Black,Solid,No,Yes,Salmon,No,None,No
3747,Robingoose #3747,Honk honk,goose_3747.png,Goose,Lime,Red,Closed,Green,Two Tone,No,No,None,No,None,Yes
3748,Robingoose #3748,Honk honk,goose_3748.png,Goose,Lime,White,Open,Black,Solid,Yes,No,None,No,None,No
3749,Robingoose #3749,Honk honk,goose_3749.png,Goose,White,Pink,Open,Green,Two Tone,No,Yes,White,No,None,No
3750,Robingoose #3750,Honk honk,goose_3750.png,Goose,Orange,Green,Open,White,Two Tone,Yes,No,None,Yes,Yellow,No
3751,Robingoose #3751,Honk honk,goose_3751.png,Goose,White,Yellow,Open,Orange,Two Tone,No,Yes,White,No,None,Yes
3752,Robingoose #3752,Honk honk,goose_3752.png,Goose,Pink,Red,Closed,Purple,Two Tone,No,No,None,No,None,Yes
3753,Robingoose #3753,Honk honk,goose_3753.png,Goose,Blue,Green,Open,Pink,Two Tone,No,Yes,Yellow,No,None,No
3754,Robingoose #3754,Honk honk,goose_3754.png,Goose,Pink,Lime,Open,Blue,Two Tone,No,Yes,Pink,No,None,No
3755,Robingoose #3755,Honk honk,goose_3755.png,Goose,Blue,Yellow,Closed,White,Two Tone,No,No,None,Yes,Yellow,No
3756,Robingoose #3756,Honk honk,goose_3756.png,Goose,Pink,Black,Closed,Green,Solid,No,Yes,Pink,No,None,No
3757,Robingoose #3757,Honk honk,goose_3757.png,Goose,Salmon,Red,Open,Black,Solid,Yes,Yes,Red,No,None,No
3758,Robingoose #3758,Honk honk,goose_3758.png,Goose,Green,Orange,Open,Turquoise,Two Tone,Yes,Yes,Green,No,None,Yes
3759,Robingoose #3759,Honk honk,goose_3759.png,Goose,Coral,Red,Closed,Pink,Two Tone,No,Yes,Coral,No,None,Yes
3760,Robingoose #3760,Honk honk,goose_3760.png,Goose,Lime,Green,Open,White,Two Tone,Yes,No,None,No,None,No
3761,Robingoose #3761,Honk honk,goose_3761.png,Goose,Coral,Yellow,Open,White,Two Tone,Yes,No,None,Yes,Black,No
3762,Robingoose #3762,Honk honk,goose_3762.png,Goose,Salmon,Coral,Closed,Orange,Two Tone,No,Yes,Orange,No,None,Yes
3763,Robingoose #3763,Honk honk,goose_3763.png,Goose,Salmon,Orange,Open,Pink,Two Tone,Yes,No,None,No,None,No
3764,Robingoose #3764,Honk honk,goose_3764.png,Goose,White,Yellow,Closed,Black,Solid,No,Yes,Blue,No,None,No
3765,Robingoose #3765,Honk honk,goose_3765.png,Goose,White,Coral,Open,Black,Solid,Yes,Yes,Yellow,No,None,No
3766,Robingoose #3766,Honk honk,goose_3766.png,Goose,White,Black,Open,Coral,Solid,No,Yes,White,No,None,No
3767,Robingoose #3767,Honk honk,goose_3767.png,Goose,Coral,Turquoise,Open,Lime,Two Tone,No,Yes,Orange,No,None,No
3768,Robingoose #3768,Honk honk,goose_3768.png,Goose,Orange,Coral,Open,Red,Two Tone,Yes,Yes,Orange,No,None,Yes
3769,Robingoose #3769,Honk honk,goose_3769.png,Goose,Blue,Black,Closed,Sky Blue,Solid,No,No,None,No,None,No
3770,Robingoose #3770,Honk honk,goose_3770.png,Goose,Green,Turquoise,Open,Black,Solid,No,Yes,Lime,No,None,No
3771,Robingoose #3771,Honk honk,goose_3771.png,Goose,Purple,Lime,Closed,Orange,Two Tone,No,No,None,No,None,No
3772,Robingoose #3772,Honk honk,goose_3772.png,Goose,Red,Coral,Closed,Black,Solid,No,Yes,Red,No,None,No
3773,Robingoose #3773,Honk honk,goose_3773.png,Goose,Yellow,Pink,Closed,Purple,Two Tone,No,No,None,No,None,No
3774,Robingoose #3774,Honk honk,goose_3774.png,Goose,Yellow,Coral,Open,Black,Solid,No,Yes,Yellow,No,None,No
3775,Robingoose #3775,Honk honk,goose_3775.png,Goose,White,Lime,Closed,Pink,Two Tone,No,No,None,No,None,No
3776,Robingoose #3776,Honk honk,goose_3776.png,Goose,Orange,Yellow,Closed,Blue,Two Tone,No,No,None,Yes,Black,No
3777,Robingoose #3777,Honk honk,goose_3777.png,Goose,Blue,Yellow,Closed,Black,Solid,No,Yes,Coral,No,None,No
3778,Robingoose #3778,Honk honk,goose_3778.png,Goose,Blue,Black,Open,Turquoise,Two Tone,Yes,No,None,Yes,Black,No
3779,Robingoose #3779,Honk honk,goose_3779.png,Goose,Coral,Red,Open,Black,Solid,Yes,Yes,Coral,No,None,No
3780,Robingoose #3780,Honk honk,goose_3780.png,Goose,White,Yellow,Closed,Blue,Two Tone,No,Yes,Orange,No,None,Yes
3781,Robingoose #3781,Honk honk,goose_3781.png,Goose,Turquoise,Coral,Open,Purple,Two Tone,No,Yes,Turquoise,No,None,Yes
3782,Robingoose #3782,Honk honk,goose_3782.png,Goose,Pink,Yellow,Open,Purple,Two Tone,No,No,None,Yes,Black,No
3783,Robingoose #3783,Honk honk,goose_3783.png,Goose,Red,Purple,Open,Black,Solid,No,No,None,No,None,No
3784,Robingoose #3784,Honk honk,goose_3784.png,Goose,Red,Coral,Open,Blue,Two Tone,No,Yes,Red,No,None,Yes
3785,Robingoose #3785,Honk honk,goose_3785.png,Goose,Orange,Coral,Open,Black,Solid,No,Yes,Sky Blue,No,None,No
3786,Robingoose #3786,Honk honk,goose_3786.png,Goose,Orange,Yellow,Closed,Purple,Two Tone,No,Yes,Orange,No,None,No
3787,Robingoose #3787,Honk honk,goose_3787.png,Goose,White,Orange,Closed,Yellow,Two Tone,No,No,None,No,None,Yes
3788,Robingoose #3788,Honk honk,goose_3788.png,Goose,Black,Turquoise,Closed,Lime,Two Tone,No,Yes,Black,No,None,No
3789,Robingoose #3789,Honk honk,goose_3789.png,Goose,Salmon,Orange,Open,Sky Blue,Two Tone,Yes,Yes,Salmon,No,None,Yes
3790,Robingoose #3790,Honk honk,goose_3790.png,Goose,Salmon,Turquoise,Closed,Purple,Two Tone,No,Yes,Salmon,No,None,Yes
3791,Robingoose #3791,Honk honk,goose_3791.png,Goose,Turquoise,Black,Open,Green,Solid,No,No,None,No,None,No
3792,Robingoose #3792,Honk honk,goose_3792.png,Goose,Orange,Yellow,Open,Purple,Two Tone,No,No,None,No,None,No
3793,Robingoose #3793,Honk honk,goose_3793.png,Goose,Lime,Black,Open,Coral,Solid,No,Yes,Lime,No,None,No
3794,Robingoose #3794,Honk honk,goose_3794.png,Goose,White,Red,Open,Black,Solid,No,Yes,Salmon,No,None,No
3795,Robingoose #3795,Honk honk,goose_3795.png,Goose,Salmon,Purple,Closed,Green,Two Tone,No,No,None,Yes,Black,No
3796,Robingoose #3796,Honk honk,goose_3796.png,Goose,Blue,Sky Blue,Closed,Yellow,Two Tone,No,No,None,No,None,No
3797,Robingoose #3797,Honk honk,goose_3797.png,Goose,Red,Blue,Open,Black,Solid,Yes,Yes,Red,No,None,No
3798,Robingoose #3798,Honk honk,goose_3798.png,Goose,Blue,White,Open,Black,Solid,No,Yes,Blue,No,None,No
3799,Robingoose #3799,Honk honk,goose_3799.png,Goose,White,Pink,Open,Orange,Two Tone,Yes,Yes,White,No,None,No
3800,Robingoose #3800,Honk honk,goose_3800.png,Goose,Lime,Green,Open,Orange,Two Tone,Yes,No,None,No,None,No
3801,Robingoose #3801,Honk honk,goose_3801.png,Goose,Pink,Orange,Open,Salmon,Two Tone,No,No,None,Yes,Black,No
3802,Robingoose #3802,Honk honk,goose_3802.png,Goose,Sky Blue,Orange,Open,Yellow,Two Tone,No,No,None,Yes,Yellow,No
3803,Robingoose #3803,Honk honk,goose_3803.png,Goose,Lime,White,Open,Black,Solid,Yes,Yes,Lime,No,None,No
3804,Robingoose #3804,Honk honk,goose_3804.png,Goose,White,Yellow,Open,Red,Two Tone,Yes,No,None,Yes,Black,No
3805,Robingoose #3805,Honk honk,goose_3805.png,Goose,Coral,Yellow,Closed,Black,Solid,No,Yes,Red,No,None,No
3806,Robingoose #3806,Honk honk,goose_3806.png,Goose,Red,Orange,Open,Green,Two Tone,No,Yes,Red,No,None,No
3807,Robingoose #3807,Honk honk,goose_3807.png,Goose,Green,Coral,Closed,Orange,Two Tone,No,No,None,No,None,Yes
3808,Robingoose #3808,Honk honk,goose_3808.png,Goose,White,Purple,Closed,Red,Two Tone,No,Yes,Yellow,No,None,No
3809,Robingoose #3809,Honk honk,goose_3809.png,Goose,Sky Blue,Orange,Open,Blue,Two Tone,No,Yes,Sky Blue,No,None,Yes
3810,Robingoose #3810,Honk honk,goose_3810.png,Goose,Coral,Orange,Open,Lime,Two Tone,No,Yes,Coral,No,None,No
3811,Robingoose #3811,Honk honk,goose_3811.png,Goose,Green,Orange,Open,Black,Solid,Yes,Yes,Green,No,None,No
3812,Robingoose #3812,Honk honk,goose_3812.png,Goose,White,Coral,Open,Sky Blue,Two Tone,No,No,None,No,None,No
3813,Robingoose #3813,Honk honk,goose_3813.png,Goose,Red,Yellow,Closed,Black,Solid,No,Yes,Pink,No,None,No
3814,Robingoose #3814,Honk honk,goose_3814.png,Goose,Black,Orange,Closed,Coral,Two Tone,No,Yes,Coral,No,None,No
3815,Robingoose #3815,Honk honk,goose_3815.png,Goose,White,Orange,Open,Pink,Two Tone,Yes,No,None,No,None,No
3816,Robingoose #3816,Honk honk,goose_3816.png,Goose,White,Orange,Open,Black,Solid,Yes,Yes,Orange,No,None,No
3817,Robingoose #3817,Honk honk,goose_3817.png,Goose,Sky Blue,Green,Open,Black,Solid,No,Yes,Sky Blue,No,None,No
3818,Robingoose #3818,Honk honk,goose_3818.png,Goose,Turquoise,Black,Closed,Salmon,Solid,No,No,None,No,None,No
3819,Robingoose #3819,Honk honk,goose_3819.png,Goose,Yellow,Blue,Open,Black,Solid,Yes,Yes,Yellow,No,None,No
3820,Robingoose #3820,Honk honk,goose_3820.png,Goose,Yellow,Coral,Open,Black,Solid,Yes,Yes,Pink,No,None,No
3821,Robingoose #3821,Honk honk,goose_3821.png,Goose,Blue,Lime,Open,Turquoise,Two Tone,Yes,No,None,No,None,No
3822,Robingoose #3822,Honk honk,goose_3822.png,Goose,White,Orange,Open,Black,Solid,Yes,Yes,Yellow,No,None,No
3823,Robingoose #3823,Honk honk,goose_3823.png,Goose,Blue,Yellow,Closed,Black,Solid,No,Yes,White,No,None,No
3824,Robingoose #3824,Honk honk,goose_3824.png,Goose,White,Pink,Open,Black,Solid,No,No,None,No,None,No
3825,Robingoose #3825,Honk honk,goose_3825.png,Goose,Pink,Turquoise,Open,Black,Solid,No,No,None,No,None,No
3826,Robingoose #3826,Honk honk,goose_3826.png,Goose,Green,Pink,Open,Coral,Two Tone,Yes,No,None,Yes,Black,No
3827,Robingoose #3827,Honk honk,goose_3827.png,Goose,Turquoise,Yellow,Closed,Pink,Two Tone,No,Yes,Turquoise,No,None,Yes
3828,Robingoose #3828,Honk honk,goose_3828.png,Goose,Yellow,Green,Open,Black,Solid,No,No,None,No,None,No
3829,Robingoose #3829,Honk honk,goose_3829.png,Goose,Blue,Yellow,Open,Orange,Two Tone,Yes,Yes,Blue,No,None,No
3830,Robingoose #3830,Honk honk,goose_3830.png,Goose,Black,Purple,Open,Orange,Two Tone,Yes,No,None,Yes,Yellow,No
3831,Robingoose #3831,Honk honk,goose_3831.png,Goose,Yellow,Salmon,Open,Black,Solid,Yes,Yes,Yellow,No,None,No
3832,Robingoose #3832,Honk honk,goose_3832.png,Goose,Lime,Orange,Closed,Black,Solid,No,Yes,Purple,No,None,No
3833,Robingoose #3833,Honk honk,goose_3833.png,Goose,Green,Yellow,Open,Orange,Two Tone,Yes,Yes,Green,No,None,No
3834,Robingoose #3834,Honk honk,goose_3834.png,Goose,Lime,White,Open,Black,Solid,Yes,Yes,Lime,No,None,No
3835,Robingoose #3835,Honk honk,goose_3835.png,Goose,Red,Black,Open,Coral,Solid,No,No,None,No,None,No
3836,Robingoose #3836,Honk honk,goose_3836.png,Goose,White,Yellow,Open,Pink,Two Tone,No,No,None,Yes,Black,No
3837,Robingoose #3837,Honk honk,goose_3837.png,Goose,White,Sky Blue,Open,Lime,Two Tone,Yes,No,None,Yes,Yellow,No
3838,Robingoose #3838,Honk honk,goose_3838.png,Goose,Coral,Yellow,Closed,Pink,Two Tone,No,No,None,Yes,Black,No
3839,Robingoose #3839,Honk honk,goose_3839.png,Goose,Purple,Lime,Open,Black,Solid,Yes,Yes,Purple,No,None,No
3840,Robingoose #3840,Honk honk,goose_3840.png,Goose,Coral,Black,Open,Sky Blue,Solid,No,No,None,No,None,No
3841,Robingoose #3841,Honk honk,goose_3841.png,Goose,White,Coral,Closed,Yellow,Two Tone,No,Yes,White,No,None,No
3842,Robingoose #3842,Honk honk,goose_3842.png,Goose,Black,Orange,Open,Green,Two Tone,Yes,No,None,Yes,Yellow,No
3843,Robingoose #3843,Honk honk,goose_3843.png,Goose,Salmon,Black,Open,White,Solid,Yes,Yes,Coral,No,None,No
3844,Robingoose #3844,Honk honk,goose_3844.png,Goose,White,Lime,Closed,Orange,Two Tone,No,Yes,Purple,No,None,No
3845,Robingoose #3845,Honk honk,goose_3845.png,Goose,Yellow,White,Open,Salmon,Two Tone,No,Yes,Yellow,No,None,No
3846,Robingoose #3846,Honk honk,goose_3846.png,Goose,Coral,Sky Blue,Open,Black,Solid,Yes,No,None,No,None,No
3847,Robingoose #3847,Honk honk,goose_3847.png,Goose,Yellow,Orange,Open,Turquoise,Two Tone,No,No,None,No,None,No
3848,Robingoose #3848,Honk honk,goose_3848.png,Goose,Coral,Orange,Closed,Black,Solid,No,Yes,Salmon,No,None,No
3849,Robingoose #3849,Honk honk,goose_3849.png,Goose,White,Yellow,Closed,Red,Two Tone,No,No,None,Yes,Black,No
3850,Robingoose #3850,Honk honk,goose_3850.png,Goose,Purple,Orange,Closed,Blue,Two Tone,No,No,None,Yes,Yellow,No
3851,Robingoose #3851,Honk honk,goose_3851.png,Goose,Orange,Black,Open,Pink,Two Tone,Yes,Yes,Orange,No,None,No
3852,Robingoose #3852,Honk honk,goose_3852.png,Goose,Salmon,Orange,Closed,Yellow,Two Tone,No,No,None,No,None,No
3853,Robingoose #3853,Honk honk,goose_3853.png,Goose,Turquoise,Orange,Open,Coral,Two Tone,No,Yes,Turquoise,No,None,No
3854,Robingoose #3854,Honk honk,goose_3854.png,Goose,White,Yellow,Closed,Salmon,Two Tone,No,No,None,No,None,Yes
3855,Robingoose #3855,Honk honk,goose_3855.png,Goose,Sky Blue,Green,Open,Blue,Two Tone,Yes,Yes,Orange,No,None,Yes
3856,Robingoose #3856,Honk honk,goose_3856.png,Goose,Black,Pink,Open,White,Solid,Yes,Yes,Purple,No,None,No
3857,Robingoose #3857,Honk honk,goose_3857.png,Goose,White,Orange,Open,Coral,Two Tone,Yes,Yes,White,No,None,Yes
3858,Robingoose #3858,Honk honk,goose_3858.png,Goose,Yellow,Coral,Open,Salmon,Two Tone,No,No,None,No,None,Yes
3859,Robingoose #3859,Honk honk,goose_3859.png,Goose,Black,Lime,Open,White,Solid,No,Yes,Black,No,None,No
3860,Robingoose #3860,Honk honk,goose_3860.png,Goose,White,Orange,Closed,Salmon,Two Tone,No,No,None,No,None,Yes
3861,Robingoose #3861,Honk honk,goose_3861.png,Goose,Sky Blue,Black,Closed,White,Two Tone,No,No,None,Yes,Yellow,No
3862,Robingoose #3862,Honk honk,goose_3862.png,Goose,Orange,Yellow,Open,Blue,Two Tone,Yes,Yes,Turquoise,No,None,No
3863,Robingoose #3863,Honk honk,goose_3863.png,Goose,Red,Coral,Closed,Lime,Two Tone,No,No,None,Yes,Black,No
3864,Robingoose #3864,Honk honk,goose_3864.png,Goose,Salmon,Red,Closed,Black,Solid,No,No,None,No,None,No
3865,Robingoose #3865,Honk honk,goose_3865.png,Goose,White,Orange,Open,Lime,Two Tone,Yes,Yes,White,No,None,No
3866,Robingoose #3866,Honk honk,goose_3866.png,Goose,Purple,Turquoise,Open,Lime,Two Tone,Yes,No,None,No,None,No
3867,Robingoose #3867,Honk honk,goose_3867.png,Goose,White,Pink,Closed,Salmon,Two Tone,No,No,None,No,None,No
3868,Robingoose #3868,Honk honk,goose_3868.png,Goose,White,Yellow,Closed,Red,Two Tone,No,No,None,Yes,Yellow,No
3869,Robingoose #3869,Honk honk,goose_3869.png,Goose,Salmon,Orange,Closed,Turquoise,Two Tone,No,Yes,Salmon,No,None,No
3870,Robingoose #3870,Honk honk,goose_3870.png,Goose,White,Yellow,Open,Coral,Two Tone,No,No,None,Yes,Yellow,No
3871,Robingoose #3871,Honk honk,goose_3871.png,Goose,Black,Green,Open,Red,Solid,No,No,None,No,None,No
3872,Robingoose #3872,Honk honk,goose_3872.png,Goose,Sky Blue,Purple,Open,Black,Solid,Yes,No,None,No,None,No
3873,Robingoose #3873,Honk honk,goose_3873.png,Goose,Blue,Black,Open,Turquoise,Solid,No,No,None,No,None,No
3874,Robingoose #3874,Honk honk,goose_3874.png,Goose,Turquoise,Lime,Closed,Salmon,Two Tone,No,Yes,Turquoise,No,None,No
3875,Robingoose #3875,Honk honk,goose_3875.png,Goose,Salmon,Turquoise,Open,Black,Solid,No,No,None,No,None,No
3876,Robingoose #3876,Honk honk,goose_3876.png,Goose,Turquoise,Blue,Open,Black,Solid,Yes,No,None,No,None,No
3877,Robingoose #3877,Honk honk,goose_3877.png,Goose,White,Orange,Closed,Blue,Two Tone,No,Yes,Pink,No,None,No
3878,Robingoose #3878,Honk honk,goose_3878.png,Goose,Turquoise,Blue,Open,Sky Blue,Two Tone,No,No,None,Yes,Yellow,No
3879,Robingoose #3879,Honk honk,goose_3879.png,Goose,Purple,Black,Open,Turquoise,Solid,Yes,No,None,No,None,No
3880,Robingoose #3880,Honk honk,goose_3880.png,Goose,Turquoise,Orange,Open,Black,Solid,Yes,Yes,Green,No,None,No
3881,Robingoose #3881,Honk honk,goose_3881.png,Goose,Sky Blue,Yellow,Open,Green,Two Tone,No,No,None,Yes,Black,No
3882,Robingoose #3882,Honk honk,goose_3882.png,Goose,Turquoise,Yellow,Closed,White,Two Tone,No,No,None,Yes,Black,No
3883,Robingoose #3883,Honk honk,goose_3883.png,Goose,White,Orange,Open,Sky Blue,Two Tone,No,No,None,No,None,Yes
3884,Robingoose #3884,Honk honk,goose_3884.png,Frog,,,,,,,,,,,
3885,Robingoose #3885,Honk honk,goose_3885.png,Goose,Orange,Salmon,Closed,Black,Solid,No,Yes,Coral,No,None,No
3886,Robingoose #3886,Honk honk,goose_3886.png,Goose,Purple,Green,Open,Black,Solid,Yes,Yes,Purple,No,None,No
3887,Robingoose #3887,Honk honk,goose_3887.png,Goose,Yellow,Orange,Closed,Blue,Two Tone,No,No,None,No,None,Yes
3888,Robingoose #3888,Honk honk,goose_3888.png,Goose,White,Orange,Open,Red,Two Tone,No,Yes,White,No,None,No
3889,Robingoose #3889,Honk honk,goose_3889.png,Goose,Lime,Blue,Closed,Black,Solid,No,Yes,Lime,No,None,No
3890,Robingoose #3890,Honk honk,goose_3890.png,Goose,White,Orange,Closed,Turquoise,Two Tone,No,No,None,No,None,Yes
3891,Robingoose #3891,Honk honk,goose_3891.png,Goose,Coral,Yellow,Closed,Purple,Two Tone,No,No,None,No,None,Yes
3892,Robingoose #3892,Honk honk,goose_3892.png,Goose,Salmon,Sky Blue,Open,Black,Solid,No,No,None,No,None,No
3893,Robingoose #3893,Honk honk,goose_3893.png,Goose,Turquoise,Sky Blue,Closed,Coral,Two Tone,No,No,None,No,None,Yes
3894,Robingoose #3894,Honk honk,goose_3894.png,Goose,White,Turquoise,Closed,Yellow,Two Tone,No,Yes,White,No,None,No
3895,Robingoose #3895,Honk honk,goose_3895.png,Goose,Black,Orange,Open,Red,Solid,No,Yes,Black,No,None,No
3896,Robingoose #3896,Honk honk,goose_3896.png,Goose,Red,Green,Open,Black,Solid,No,Yes,Red,No,None,No
3897,Robingoose #3897,Honk honk,goose_3897.png,Goose,White,Orange,Open,Lime,Two Tone,No,No,None,No,None,Yes
3898,Robingoose #3898,Honk honk,goose_3898.png,Goose,Pink,Lime,Closed,White,Two Tone,No,No,None,Yes,Yellow,No
3899,Robingoose #3899,Honk honk,goose_3899.png,Goose,Orange,Coral,Closed,Black,Solid,No,Yes,Sky Blue,No,None,No
3900,Robingoose #3900,Honk honk,goose_3900.png,Goose,Black,Sky Blue,Closed,Purple,Two Tone,No,No,None,Yes,Yellow,No
3901,Robingoose #3901,Honk honk,goose_3901.png,Goose,White,Sky Blue,Open,Turquoise,Two Tone,Yes,Yes,White,No,None,No
3902,Robingoose #3902,Honk honk,goose_3902.png,Goose,Red,Sky Blue,Open,Black,Solid,No,Yes,Yellow,No,None,No
3903,Robingoose #3903,Honk honk,goose_3903.png,Goose,Green,Lime,Open,Black,Solid,Yes,Yes,Coral,No,None,No
3904,Robingoose #3904,Honk honk,goose_3904.png,Goose,Purple,Black,Open,Salmon,Solid,No,Yes,Yellow,No,None,No
3905,Robingoose #3905,Honk honk,goose_3905.png,Goose,White,Blue,Closed,Red,Two Tone,No,Yes,White,No,None,Yes
3906,Robingoose #3906,Honk honk,goose_3906.png,Goose,Black,Coral,Open,Red,Solid,Yes,No,None,No,None,No
3907,Robingoose #3907,Honk honk,goose_3907.png,Goose,Pink,Turquoise,Open,Black,Solid,No,Yes,Pink,No,None,No
3908,Robingoose #3908,Honk honk,goose_3908.png,Goose,White,Pink,Open,Coral,Two Tone,Yes,No,None,No,None,No
3909,Robingoose #3909,Honk honk,goose_3909.png,Goose,Yellow,White,Closed,Purple,Two Tone,No,Yes,Sky Blue,No,None,Yes
3910,Robingoose #3910,Honk honk,goose_3910.png,Goose,White,Lime,Closed,Orange,Two Tone,No,Yes,White,No,None,Yes
3911,Robingoose #3911,Honk honk,goose_3911.png,Goose,White,Coral,Closed,Turquoise,Two Tone,No,Yes,White,No,None,No
3912,Robingoose #3912,Honk honk,goose_3912.png,Goose,Turquoise,Black,Closed,Red,Two Tone,No,Yes,Turquoise,No,None,Yes
3913,Robingoose #3913,Honk honk,goose_3913.png,Goose,Orange,Blue,Closed,Black,Solid,No,Yes,Red,No,None,No
3914,Robingoose #3914,Honk honk,goose_3914.png,Goose,White,Red,Open,Blue,Two Tone,Yes,Yes,White,No,None,Yes
3915,Robingoose #3915,Honk honk,goose_3915.png,Goose,Black,Orange,Open,Red,Solid,Yes,Yes,Black,No,None,No
3916,Robingoose #3916,Honk honk,goose_3916.png,Goose,Sky Blue,Coral,Open,Yellow,Two Tone,Yes,Yes,Sky Blue,No,None,No
3917,Robingoose #3917,Honk honk,goose_3917.png,Goose,Green,Blue,Open,Lime,Two Tone,Yes,Yes,Sky Blue,No,None,No
3918,Robingoose #3918,Honk honk,goose_3918.png,Goose,Coral,Green,Closed,Sky Blue,Two Tone,No,No,None,Yes,Black,No
3919,Robingoose #3919,Honk honk,goose_3919.png,Goose,Purple,Yellow,Closed,Blue,Two Tone,No,No,None,Yes,Black,No
3920,Robingoose #3920,Honk honk,goose_3920.png,Goose,Green,Yellow,Closed,Blue,Two Tone,No,Yes,Coral,No,None,No
3921,Robingoose #3921,Honk honk,goose_3921.png,Goose,Red,Purple,Open,Black,Solid,Yes,Yes,Black,No,None,No
3922,Robingoose #3922,Honk honk,goose_3922.png,Goose,Pink,Black,Open,Purple,Two Tone,No,No,None,Yes,Black,No
3923,Robingoose #3923,Honk honk,goose_3923.png,Goose,White,Blue,Open,Black,Solid,Yes,Yes,White,No,None,No
3924,Robingoose #3924,Honk honk,goose_3924.png,Goose,White,Purple,Closed,Sky Blue,Two Tone,No,No,None,Yes,Yellow,No
3925,Robingoose #3925,Honk honk,goose_3925.png,Goose,Lime,Pink,Open,Black,Solid,No,No,None,No,None,No
3926,Robingoose #3926,Honk honk,goose_3926.png,Goose,Purple,Pink,Open,Black,Solid,Yes,Yes,Purple,No,None,No
3927,Robingoose #3927,Honk honk,goose_3927.png,Goose,Purple,Yellow,Open,Turquoise,Two Tone,Yes,No,None,No,None,No
3928,Robingoose #3928,Honk honk,goose_3928.png,Goose,Sky Blue,White,Open,Black,Solid,Yes,Yes,Orange,No,None,No
3929,Robingoose #3929,Honk honk,goose_3929.png,Goose,Purple,Salmon,Open,Red,Two Tone,No,No,None,Yes,Yellow,No
3930,Robingoose #3930,Honk honk,goose_3930.png,Goose,White,Orange,Closed,Blue,Two Tone,No,No,None,No,None,Yes
3931,Robingoose #3931,Honk honk,goose_3931.png,Goose,Blue,Lime,Closed,Black,Solid,No,No,None,No,None,No
3932,Robingoose #3932,Honk honk,goose_3932.png,Goose,Coral,Black,Closed,Sky Blue,Two Tone,No,No,None,No,None,No
3933,Robingoose #3933,Honk honk,goose_3933.png,Goose,Yellow,Black,Closed,Orange,Two Tone,No,Yes,Yellow,No,None,Yes
3934,Robingoose #3934,Honk honk,goose_3934.png,Goose,Coral,Yellow,Open,Orange,Two Tone,No,No,None,No,None,No
3935,Robingoose #3935,Honk honk,goose_3935.png,Goose,White,Green,Open,Pink,Two Tone,No,No,None,Yes,Black,No
3936,Robingoose #3936,Honk honk,goose_3936.png,Goose,Lime,White,Open,Black,Solid,No,Yes,Lime,No,None,No
3937,Robingoose #3937,Honk honk,goose_3937.png,Goose,Black,White,Open,Lime,Two Tone,Yes,No,None,No,None,No
3938,Robingoose #3938,Honk honk,goose_3938.png,Goose,Turquoise,Orange,Closed,Black,Solid,No,Yes,Green,No,None,No
3939,Robingoose #3939,Honk honk,goose_3939.png,Goose,Orange,Turquoise,Open,Black,Solid,Yes,No,None,No,None,No
3940,Robingoose #3940,Honk honk,goose_3940.png,Goose,White,Yellow,Closed,Red,Two Tone,No,Yes,White,No,None,Yes
3941,Robingoose #3941,Honk honk,goose_3941.png,Goose,Purple,Yellow,Open,Coral,Two Tone,Yes,No,None,Yes,Yellow,No
3942,Robingoose #3942,Honk honk,goose_3942.png,Goose,Red,Orange,Open,Black,Solid,No,Yes,Black,No,None,No
3943,Robingoose #3943,Honk honk,goose_3943.png,Goose,White,Yellow,Open,Purple,Two Tone,No,No,None,Yes,Black,No
3944,Robingoose #3944,Honk honk,goose_3944.png,Goose,Yellow,Sky Blue,Closed,Red,Two Tone,No,No,None,No,None,Yes
3945,Robingoose #3945,Honk honk,goose_3945.png,Goose,Black,Turquoise,Open,Yellow,Two Tone,No,No,None,No,None,Yes
3946,Robingoose #3946,Honk honk,goose_3946.png,Goose,Black,Blue,Open,White,Two Tone,Yes,No,None,Yes,Yellow,No
3947,Robingoose #3947,Honk honk,goose_3947.png,Goose,Salmon,Sky Blue,Open,Turquoise,Two Tone,No,No,None,No,None,No
3948,Robingoose #3948,Honk honk,goose_3948.png,Goose,Black,Yellow,Open,Salmon,Two Tone,Yes,No,None,Yes,Yellow,No
3949,Robingoose #3949,Honk honk,goose_3949.png,Goose,Salmon,Yellow,Open,Turquoise,Two Tone,Yes,Yes,Orange,No,None,No
3950,Robingoose #3950,Honk honk,goose_3950.png,Goose,White,Turquoise,Closed,Black,Solid,No,Yes,Turquoise,No,None,No
3951,Robingoose #3951,Honk honk,goose_3951.png,Goose,Lime,Blue,Closed,Black,Solid,No,Yes,Coral,No,None,No
3952,Robingoose #3952,Honk honk,goose_3952.png,Goose,Purple,Sky Blue,Closed,Lime,Two Tone,No,No,None,Yes,Black,No
3953,Robingoose #3953,Honk honk,goose_3953.png,Goose,Blue,Black,Open,Coral,Solid,No,Yes,Blue,No,None,No
3954,Robingoose #3954,Honk honk,goose_3954.png,Goose,White,Orange,Closed,Lime,Two Tone,No,No,None,Yes,Black,No
3955,Robingoose #3955,Honk honk,goose_3955.png,Goose,Orange,Yellow,Open,Turquoise,Two Tone,No,Yes,Blue,No,None,No
3956,Robingoose #3956,Honk honk,goose_3956.png,Goose,White,Orange,Open,Lime,Two Tone,No,No,None,No,None,Yes
3957,Robingoose #3957,Honk honk,goose_3957.png,Goose,Coral,Orange,Closed,Lime,Two Tone,No,Yes,Red,No,None,No
3958,Robingoose #3958,Honk honk,goose_3958.png,Goose,Turquoise,Orange,Open,Salmon,Two Tone,Yes,Yes,Turquoise,No,None,No
3959,Robingoose #3959,Honk honk,goose_3959.png,Goose,Green,Purple,Open,Black,Solid,Yes,Yes,Green,No,None,No
3960,Robingoose #3960,Honk honk,goose_3960.png,Goose,Red,Orange,Closed,Black,Solid,No,Yes,Orange,No,None,No
3961,Robingoose #3961,Honk honk,goose_3961.png,Goose,Sky Blue,Orange,Open,Red,Two Tone,No,No,None,Yes,Black,No
3962,Robingoose #3962,Honk honk,goose_3962.png,Goose,Red,Black,Open,Turquoise,Two Tone,No,No,None,No,None,Yes
3963,Robingoose #3963,Honk honk,goose_3963.png,Goose,Red,Yellow,Open,Sky Blue,Two Tone,Yes,No,None,Yes,Black,No
3964,Robingoose #3964,Honk honk,goose_3964.png,Goose,Salmon,Yellow,Open,Black,Solid,No,Yes,Salmon,No,None,No
3965,Robingoose #3965,Honk honk,goose_3965.png,Goose,White,Yellow,Open,Pink,Two Tone,Yes,No,None,No,None,No
3966,Robingoose #3966,Honk honk,goose_3966.png,Goose,Red,Blue,Open,Black,Solid,Yes,No,None,No,None,No
3967,Robingoose #3967,Honk honk,goose_3967.png,Goose,Pink,Turquoise,Open,Black,Solid,No,Yes,Pink,No,None,No
3968,Robingoose #3968,Honk honk,goose_3968.png,Goose,Purple,Lime,Open,Black,Solid,Yes,No,None,No,None,No
3969,Robingoose #3969,Honk honk,goose_3969.png,Goose,Black,Yellow,Open,Red,Solid,No,Yes,Yellow,No,None,No
3970,Robingoose #3970,Honk honk,goose_3970.png,Goose,Pink,Green,Open,Sky Blue,Two Tone,Yes,No,None,Yes,Black,No
3971,Robingoose #3971,Honk honk,goose_3971.png,Goose,Purple,White,Open,Sky Blue,Two Tone,Yes,No,None,No,None,No
3972,Robingoose #3972,Honk honk,goose_3972.png,Goose,Sky Blue,Orange,Open,Coral,Two Tone,No,Yes,Sky Blue,No,None,No
3973,Robingoose #3973,Honk honk,goose_3973.png,Goose,Salmon,Purple,Open,Black,Solid,Yes,No,None,No,None,No
3974,Robingoose #3974,Honk honk,goose_3974.png,Goose,Purple,Orange,Open,Black,Solid,No,Yes,Sky Blue,No,None,No
3975,Robingoose #3975,Honk honk,goose_3975.png,Goose,Green,Yellow,Open,Sky Blue,Two Tone,No,Yes,Green,No,None,Yes
3976,Robingoose #3976,Honk honk,goose_3976.png,Goose,Salmon,Red,Open,Black,Solid,No,No,None,No,None,No
3977,Robingoose #3977,Honk honk,goose_3977.png,Goose,White,Blue,Closed,Black,Solid,No,Yes,Red,No,None,No
3978,Robingoose #3978,Honk honk,goose_3978.png,Goose,White,Orange,Open,Pink,Two Tone,Yes,No,None,No,None,No
3979,Robingoose #3979,Honk honk,goose_3979.png,Goose,Pink,White,Closed,Green,Two Tone,No,No,None,No,None,No
3980,Robingoose #3980,Honk honk,goose_3980.png,Goose,Lime,Coral,Closed,Green,Two Tone,No,No,None,No,None,No
3981,Robingoose #3981,Honk honk,goose_3981.png,Goose,Blue,Coral,Closed,Purple,Two Tone,No,No,None,No,None,No
3982,Robingoose #3982,Honk honk,goose_3982.png,Goose,Coral,Yellow,Open,Salmon,Two Tone,Yes,No,None,Yes,Black,No
3983,Robingoose #3983,Honk honk,goose_3983.png,Goose,White,Yellow,Open,Sky Blue,Two Tone,No,No,None,No,None,No
3984,Robingoose #3984,Honk honk,goose_3984.png,Goose,Black,Yellow,Closed,White,Solid,No,Yes,Lime,No,None,No
3985,Robingoose #3985,Honk honk,goose_3985.png,Goose,Black,Green,Open,Purple,Two Tone,Yes,No,None,Yes,Yellow,No
3986,Robingoose #3986,Honk honk,goose_3986.png,Goose,Black,Turquoise,Open,White,Solid,No,Yes,Black,No,None,No
3987,Robingoose #3987,Honk honk,goose_3987.png,Goose,Yellow,White,Closed,Orange,Two Tone,No,No,None,No,None,No
3988,Robingoose #3988,Honk honk,goose_3988.png,Goose,Turquoise,White,Open,Coral,Two Tone,Yes,No,None,No,None,No
3989,Robingoose #3989,Honk honk,goose_3989.png,Goose,Red,Blue,Open,Black,Solid,Yes,No,None,No,None,No
3990,Robingoose #3990,Honk honk,goose_3990.png,Goose,Lime,Orange,Closed,White,Two Tone,No,Yes,Lime,No,None,No
3991,Robingoose #3991,Honk honk,goose_3991.png,Goose,Black,Orange,Open,Green,Two Tone,No,Yes,Black,No,None,No
3992,Robingoose #3992,Honk honk,goose_3992.png,Goose,Purple,Pink,Open,Black,Solid,No,Yes,Purple,No,None,No
3993,Robingoose #3993,Honk honk,goose_3993.png,Goose,White,Purple,Closed,Pink,Two Tone,No,No,None,Yes,Yellow,No
3994,Robingoose #3994,Honk honk,goose_3994.png,Goose,Orange,Yellow,Open,Purple,Two Tone,Yes,No,None,Yes,Yellow,No
3995,Robingoose #3995,Honk honk,goose_3995.png,Goose,Green,Orange,Open,Turquoise,Two Tone,Yes,Yes,Orange,No,None,No
3996,Robingoose #3996,Honk honk,goose_3996.png,Goose,White,Purple,Open,Green,Two Tone,Yes,Yes,White,No,None,Yes
3997,Robingoose #3997,Honk honk,goose_3997.png,Goose,Turquoise,Green,Open,Black,Solid,No,Yes,Pink,No,None,No
3998,Robingoose #3998,Honk honk,goose_3998.png,Goose,White,Orange,Open,Lime,Two Tone,No,No,None,Yes,Yellow,No
3999,Robingoose #3999,Honk honk,goose_3999.png,Goose,Sky Blue,Yellow,Closed,Red,Two Tone,No,No,None,No,None,Yes
4000,Robingoose #4000,Honk honk,goose_4000.png,Goose,White,Red,Closed,Orange,Two Tone,No,No,None,No,None,No
4001,Robingoose #4001,Honk honk,goose_4001.png,Goose,Coral,Black,Open,Salmon,Solid,No,No,None,No,None,No
4002,Robingoose #4002,Honk honk,goose_4002.png,Goose,Black,Turquoise,Open,Red,Solid,No,Yes,Black,No,None,No
4003,Robingoose #4003,Honk honk,goose_4003.png,Goose,Orange,Black,Open,Blue,Solid,Yes,No,None,No,None,No
4004,Robingoose #4004,Honk honk,goose_4004.png,Goose,Purple,Pink,Open,Black,Solid,No,No,None,No,None,No
4005,Robingoose #4005,Honk honk,goose_4005.png,Goose,White,Yellow,Open,Sky Blue,Two Tone,No,Yes,Yellow,No,None,No
4006,Robingoose #4006,Honk honk,goose_4006.png,Goose,Sky Blue,Orange,Open,Lime,Two Tone,Yes,No,None,No,None,Yes
4007,Robingoose #4007,Honk honk,goose_4007.png,Goose,Orange,Yellow,Closed,Red,Two Tone,No,No,None,No,None,No
4008,Robingoose #4008,Honk honk,goose_4008.png,Goose,Red,Pink,Open,Black,Solid,No,No,None,No,None,No
4009,Robingoose #4009,Honk honk,goose_4009.png,Goose,Purple,Black,Closed,Turquoise,Solid,No,Yes,Purple,No,None,No
4010,Robingoose #4010,Honk honk,goose_4010.png,Goose,White,Yellow,Closed,Green,Two Tone,No,Yes,White,No,None,Yes
4011,Robingoose #4011,Honk honk,goose_4011.png,Goose,Red,Orange,Closed,Turquoise,Two Tone,No,Yes,Red,No,None,No
4012,Robingoose #4012,Honk honk,goose_4012.png,Goose,Yellow,Orange,Closed,Salmon,Two Tone,No,No,None,No,None,No
4013,Robingoose #4013,Honk honk,goose_4013.png,Goose,Pink,Lime,Open,Turquoise,Two Tone,Yes,No,None,No,None,No
4014,Robingoose #4014,Honk honk,goose_4014.png,Goose,Green,Yellow,Closed,Coral,Two Tone,No,Yes,Lime,No,None,Yes
4015,Robingoose #4015,Honk honk,goose_4015.png,Goose,Green,Yellow,Open,Sky Blue,Two Tone,No,No,None,No,None,No
4016,Robingoose #4016,Honk honk,goose_4016.png,Goose,White,Orange,Closed,Salmon,Two Tone,No,No,None,Yes,Yellow,No
4017,Robingoose #4017,Honk honk,goose_4017.png,Goose,White,Orange,Closed,Blue,Two Tone,No,No,None,Yes,Yellow,No
4018,Robingoose #4018,Honk honk,goose_4018.png,Goose,Sky Blue,Blue,Open,Black,Solid,Yes,No,None,No,None,No
4019,Robingoose #4019,Honk honk,goose_4019.png,Goose,White,Black,Open,Salmon,Solid,No,Yes,White,No,None,No
4020,Robingoose #4020,Honk honk,goose_4020.png,Goose,Orange,Black,Closed,Purple,Two Tone,No,Yes,Orange,No,None,No
4021,Robingoose #4021,Honk honk,goose_4021.png,Goose,Lime,Salmon,Closed,Black,Solid,No,Yes,Lime,No,None,No
4022,Robingoose #4022,Honk honk,goose_4022.png,Goose,Coral,Orange,Open,Green,Two Tone,No,No,None,No,None,No
4023,Robingoose #4023,Honk honk,goose_4023.png,Goose,Sky Blue,Yellow,Open,Purple,Two Tone,No,No,None,No,None,Yes
4024,Robingoose #4024,Honk honk,goose_4024.png,Goose,Coral,Orange,Closed,Turquoise,Two Tone,No,No,None,Yes,Black,No
4025,Robingoose #4025,Honk honk,goose_4025.png,Goose,Red,Orange,Closed,Black,Solid,No,Yes,White,No,None,No
4026,Robingoose #4026,Honk honk,goose_4026.png,Goose,Black,Orange,Open,Purple,Two Tone,Yes,No,None,No,None,No
4027,Robingoose #4027,Honk honk,goose_4027.png,Goose,Red,Salmon,Open,Black,Solid,No,Yes,Turquoise,No,None,No
4028,Robingoose #4028,Honk honk,goose_4028.png,Goose,Salmon,Sky Blue,Closed,Black,Solid,No,No,None,No,None,No
4029,Robingoose #4029,Honk honk,goose_4029.png,Goose,Purple,Yellow,Open,Pink,Two Tone,No,No,None,No,None,Yes
4030,Robingoose #4030,Honk honk,goose_4030.png,Goose,Salmon,Pink,Open,Black,Solid,Yes,No,None,No,None,No
4031,Robingoose #4031,Honk honk,goose_4031.png,Goose,Red,Purple,Open,Green,Two Tone,No,No,None,No,None,No
4032,Robingoose #4032,Honk honk,goose_4032.png,Goose,Yellow,Black,Open,Turquoise,Two Tone,Yes,Yes,White,No,None,Yes
4033,Robingoose #4033,Honk honk,goose_4033.png,Goose,Salmon,Turquoise,Open,White,Two Tone,Yes,Yes,Salmon,No,None,Yes
4034,Robingoose #4034,Honk honk,goose_4034.png,Goose,Lime,Orange,Closed,Black,Solid,No,Yes,Yellow,No,None,No
4035,Robingoose #4035,Honk honk,goose_4035.png,Goose,Green,Yellow,Closed,Salmon,Two Tone,No,Yes,Green,No,None,Yes
4036,Robingoose #4036,Honk honk,goose_4036.png,Goose,Lime,Orange,Open,Coral,Two Tone,No,No,None,No,None,No
4037,Robingoose #4037,Honk honk,goose_4037.png,Goose,Sky Blue,Turquoise,Closed,Coral,Two Tone,No,No,None,Yes,Black,No
4038,Robingoose #4038,Honk honk,goose_4038.png,Goose,Pink,White,Closed,Sky Blue,Two Tone,No,Yes,Pink,No,None,Yes
4039,Robingoose #4039,Honk honk,goose_4039.png,Goose,Sky Blue,Red,Open,Black,Solid,No,Yes,Sky Blue,No,None,No
4040,Robingoose #4040,Honk honk,goose_4040.png,Goose,Purple,Green,Closed,Black,Solid,No,Yes,Purple,No,None,No
4041,Robingoose #4041,Honk honk,goose_4041.png,Goose,Salmon,Orange,Closed,Black,Solid,No,Yes,White,No,None,No
4042,Robingoose #4042,Honk honk,goose_4042.png,Goose,White,Yellow,Open,Turquoise,Two Tone,No,Yes,White,No,None,No
4043,Robingoose #4043,Honk honk,goose_4043.png,Goose,Purple,Orange,Closed,Turquoise,Two Tone,No,No,None,No,None,Yes
4044,Robingoose #4044,Honk honk,goose_4044.png,Goose,White,Yellow,Open,Green,Two Tone,No,Yes,White,No,None,No
4045,Robingoose #4045,Honk honk,goose_4045.png,Goose,Blue,White,Open,Black,Solid,Yes,Yes,Blue,No,None,No
4046,Robingoose #4046,Honk honk,goose_4046.png,Goose,White,Turquoise,Closed,Blue,Two Tone,No,Yes,White,No,None,No
4047,Robingoose #4047,Honk honk,goose_4047.png,Goose,Coral,Orange,Closed,Pink,Two Tone,No,Yes,Coral,No,None,No
4048,Robingoose #4048,Honk honk,goose_4048.png,Goose,Green,Yellow,Open,Black,Solid,No,No,None,No,None,No
4049,Robingoose #4049,Honk honk,goose_4049.png,Goose,Red,Orange,Closed,Coral,Two Tone,No,No,None,Yes,Black,No
4050,Robingoose #4050,Honk honk,goose_4050.png,Goose,Pink,Yellow,Closed,Salmon,Two Tone,No,Yes,Pink,No,None,No
4051,Robingoose #4051,Honk honk,goose_4051.png,Goose,Sky Blue,Black,Open,White,Two Tone,No,Yes,Sky Blue,No,None,No
4052,Robingoose #4052,Honk honk,goose_4052.png,Goose,Red,Yellow,Closed,Coral,Two Tone,No,No,None,No,None,No
4053,Robingoose #4053,Honk honk,goose_4053.png,Goose,White,Pink,Open,Black,Solid,Yes,No,None,No,None,No
4054,Robingoose #4054,Honk honk,goose_4054.png,Goose,Orange,Yellow,Open,Blue,Two Tone,No,No,None,No,None,No
4055,Robingoose #4055,Honk honk,goose_4055.png,Goose,Sky Blue,Coral,Closed,White,Two Tone,No,Yes,Sky Blue,No,None,Yes
4056,Robingoose #4056,Honk honk,goose_4056.png,Goose,Purple,Lime,Open,Salmon,Two Tone,No,No,None,No,None,No
4057,Robingoose #4057,Honk honk,goose_4057.png,Goose,White,Yellow,Closed,Sky Blue,Two Tone,No,No,None,Yes,Yellow,No
4058,Robingoose #4058,Honk honk,goose_4058.png,Goose,Sky Blue,Black,Open,Turquoise,Two Tone,No,Yes,Sky Blue,No,None,Yes
4059,Robingoose #4059,Honk honk,goose_4059.png,Goose,Yellow,Orange,Closed,White,Two Tone,No,No,None,No,None,Yes
4060,Robingoose #4060,Honk honk,goose_4060.png,Goose,White,Black,Closed,Red,Solid,No,Yes,White,No,None,No
4061,Robingoose #4061,Honk honk,goose_4061.png,Goose,Lime,Orange,Open,Turquoise,Two Tone,No,No,None,No,None,No
4062,Robingoose #4062,Honk honk,goose_4062.png,Goose,Pink,Orange,Closed,Sky Blue,Two Tone,No,No,None,No,None,Yes
4063,Robingoose #4063,Honk honk,goose_4063.png,Goose,White,Green,Open,Red,Two Tone,No,No,None,No,None,No
4064,Robingoose #4064,Honk honk,goose_4064.png,Goose,Orange,Green,Closed,Red,Two Tone,No,Yes,Sky Blue,No,None,No
4065,Robingoose #4065,Honk honk,goose_4065.png,Goose,Purple,Green,Closed,Black,Solid,No,Yes,Black,No,None,No
4066,Robingoose #4066,Honk honk,goose_4066.png,Goose,Coral,Orange,Open,Black,Solid,Yes,Yes,Orange,No,None,No
4067,Robingoose #4067,Honk honk,goose_4067.png,Goose,Turquoise,Yellow,Open,Sky Blue,Two Tone,Yes,No,None,No,None,No
4068,Robingoose #4068,Honk honk,goose_4068.png,Goose,Red,Coral,Open,Purple,Two Tone,Yes,No,None,Yes,Black,No
4069,Robingoose #4069,Honk honk,goose_4069.png,Goose,Orange,Black,Open,Sky Blue,Solid,Yes,No,None,No,None,No
4070,Robingoose #4070,Honk honk,goose_4070.png,Goose,Purple,Orange,Open,Blue,Two Tone,No,Yes,Purple,No,None,Yes
4071,Robingoose #4071,Honk honk,goose_4071.png,Goose,Turquoise,Black,Closed,Orange,Two Tone,No,No,None,No,None,No
4072,Robingoose #4072,Honk honk,goose_4072.png,Goose,White,Coral,Open,Turquoise,Two Tone,No,No,None,No,None,No
4073,Robingoose #4073,Honk honk,goose_4073.png,Goose,Turquoise,Black,Open,Blue,Solid,Yes,Yes,Turquoise,No,None,No
4074,Robingoose #4074,Honk honk,goose_4074.png,Goose,Turquoise,Yellow,Open,White,Two Tone,Yes,Yes,Turquoise,No,None,No
4075,Robingoose #4075,Honk honk,goose_4075.png,Goose,Red,Blue,Open,Black,Solid,Yes,No,None,No,None,No
4076,Robingoose #4076,Honk honk,goose_4076.png,Goose,White,Yellow,Open,Orange,Two Tone,Yes,No,None,Yes,Black,No
4077,Robingoose #4077,Honk honk,goose_4077.png,Goose,Black,Purple,Closed,White,Solid,No,Yes,Black,No,None,No
4078,Robingoose #4078,Honk honk,goose_4078.png,Goose,Sky Blue,Coral,Open,Black,Solid,Yes,Yes,Sky Blue,No,None,No
4079,Robingoose #4079,Honk honk,goose_4079.png,Goose,Pink,Orange,Closed,Black,Solid,No,Yes,Yellow,No,None,No
4080,Robingoose #4080,Honk honk,goose_4080.png,Goose,Orange,Yellow,Open,Salmon,Two Tone,No,Yes,Orange,No,None,No
4081,Robingoose #4081,Honk honk,goose_4081.png,Goose,Purple,Yellow,Open,Red,Two Tone,No,Yes,Lime,No,None,Yes
4082,Robingoose #4082,Honk honk,goose_4082.png,Goose,White,Black,Open,Turquoise,Solid,Yes,No,None,No,None,No
4083,Robingoose #4083,Honk honk,goose_4083.png,Goose,Blue,Turquoise,Closed,Black,Solid,No,No,None,No,None,No
4084,Robingoose #4084,Honk honk,goose_4084.png,Goose,Sky Blue,Black,Open,Orange,Solid,No,No,None,No,None,No
4085,Robingoose #4085,Honk honk,goose_4085.png,Goose,Green,Coral,Open,Black,Solid,Yes,Yes,Yellow,No,None,No
4086,Robingoose #4086,Honk honk,goose_4086.png,Goose,Salmon,Coral,Open,Black,Solid,Yes,No,None,No,None,No
4087,Robingoose #4087,Honk honk,goose_4087.png,Goose,Lime,Orange,Open,Coral,Two Tone,Yes,No,None,No,None,Yes
4088,Robingoose #4088,Honk honk,goose_4088.png,Goose,Coral,Orange,Open,Black,Solid,Yes,Yes,Green,No,None,No
4089,Robingoose #4089,Honk honk,goose_4089.png,Goose,White,Green,Closed,Black,Solid,No,Yes,Orange,No,None,No
4090,Robingoose #4090,Honk honk,goose_4090.png,Goose,Sky Blue,Orange,Open,Lime,Two Tone,Yes,Yes,Sky Blue,No,None,Yes
4091,Robingoose #4091,Honk honk,goose_4091.png,Goose,Turquoise,Orange,Open,Purple,Two Tone,Yes,Yes,Red,No,None,Yes
4092,Robingoose #4092,Honk honk,goose_4092.png,Goose,Purple,Yellow,Open,Salmon,Two Tone,No,Yes,Purple,No,None,No
4093,Robingoose #4093,Honk honk,goose_4093.png,Goose,Yellow,Black,Open,White,Solid,Yes,Yes,Yellow,No,None,No
4094,Robingoose #4094,Honk honk,goose_4094.png,Goose,Red,Lime,Open,Coral,Two Tone,No,No,None,Yes,Black,No
4095,Robingoose #4095,Honk honk,goose_4095.png,Goose,White,Orange,Closed,Pink,Two Tone,No,Yes,White,No,None,Yes
4096,Robingoose #4096,Honk honk,goose_4096.png,Goose,Red,Yellow,Open,Sky Blue,Two Tone,Yes,No,None,No,None,No
4097,Robingoose #4097,Honk honk,goose_4097.png,Goose,White,Green,Open,Orange,Two Tone,Yes,No,None,No,None,Yes
4098,Robingoose #4098,Honk honk,goose_4098.png,Goose,Black,Coral,Open,White,Solid,No,Yes,Black,No,None,No
4099,Robingoose #4099,Honk honk,goose_4099.png,Goose,Pink,Orange,Open,Black,Solid,No,Yes,Pink,No,None,No
4100,Robingoose #4100,Honk honk,goose_4100.png,Goose,Purple,Orange,Closed,Sky Blue,Two Tone,No,Yes,Purple,No,None,Yes
4101,Robingoose #4101,Honk honk,goose_4101.png,Goose,White,Yellow,Open,Black,Solid,No,Yes,Turquoise,No,None,No
4102,Robingoose #4102,Honk honk,goose_4102.png,Goose,Salmon,Yellow,Closed,Turquoise,Two Tone,No,Yes,Salmon,No,None,No
4103,Robingoose #4103,Honk honk,goose_4103.png,Goose,Blue,Red,Closed,Lime,Two Tone,No,Yes,Blue,No,None,No
4104,Robingoose #4104,Honk honk,goose_4104.png,Goose,White,Yellow,Open,Black,Solid,Yes,Yes,Pink,No,None,No
4105,Robingoose #4105,Honk honk,goose_4105.png,Goose,White,Yellow,Open,Red,Two Tone,Yes,Yes,White,No,None,Yes
4106,Robingoose #4106,Honk honk,goose_4106.png,Goose,Black,Orange,Closed,Turquoise,Two Tone,No,No,None,Yes,Yellow,No
4107,Robingoose #4107,Honk honk,goose_4107.png,Goose,White,Black,Open,Pink,Solid,Yes,No,None,No,None,No
4108,Robingoose #4108,Honk honk,goose_4108.png,Goose,Sky Blue,Orange,Open,Yellow,Two Tone,Yes,No,None,No,None,No
4109,Robingoose #4109,Honk honk,goose_4109.png,Goose,Turquoise,Yellow,Open,Sky Blue,Two Tone,No,No,None,Yes,Yellow,No
4110,Robingoose #4110,Honk honk,goose_4110.png,Goose,Pink,Black,Closed,Coral,Solid,No,No,None,No,None,No
4111,Robingoose #4111,Honk honk,goose_4111.png,Goose,White,Turquoise,Open,Red,Two Tone,No,No,None,Yes,Black,No
4112,Robingoose #4112,Honk honk,goose_4112.png,Goose,Green,Orange,Closed,Turquoise,Two Tone,No,No,None,No,None,No
4113,Robingoose #4113,Honk honk,goose_4113.png,Goose,Blue,Salmon,Open,Purple,Two Tone,Yes,Yes,Blue,No,None,No
4114,Robingoose #4114,Honk honk,goose_4114.png,Goose,Green,Yellow,Closed,Red,Two Tone,No,No,None,No,None,Yes
4115,Robingoose #4115,Honk honk,goose_4115.png,Goose,Lime,White,Closed,Black,Solid,No,Yes,Red,No,None,No
4116,Robingoose #4116,Honk honk,goose_4116.png,Goose,Yellow,Black,Closed,Purple,Solid,No,No,None,No,None,No
4117,Robingoose #4117,Honk honk,goose_4117.png,Goose,Yellow,Orange,Closed,Green,Two Tone,No,Yes,Turquoise,No,None,No
4118,Robingoose #4118,Honk honk,goose_4118.png,Goose,Red,Sky Blue,Open,Black,Solid,No,Yes,Red,No,None,No
4119,Robingoose #4119,Honk honk,goose_4119.png,Goose,Lime,Black,Closed,Orange,Two Tone,No,Yes,Lime,No,None,Yes
4120,Robingoose #4120,Honk honk,goose_4120.png,Goose,Yellow,Orange,Open,Black,Solid,Yes,Yes,Orange,No,None,No
4121,Robingoose #4121,Honk honk,goose_4121.png,Goose,Red,Purple,Open,Black,Solid,No,No,None,No,None,No
4122,Robingoose #4122,Honk honk,goose_4122.png,Goose,White,Sky Blue,Open,Black,Solid,Yes,Yes,Black,No,None,No
4123,Robingoose #4123,Honk honk,goose_4123.png,Goose,Pink,Red,Closed,Turquoise,Two Tone,No,No,None,No,None,No
4124,Robingoose #4124,Honk honk,goose_4124.png,Goose,Orange,Coral,Open,Blue,Two Tone,No,No,None,Yes,Yellow,No
4125,Robingoose #4125,Honk honk,goose_4125.png,Goose,Green,Yellow,Closed,Turquoise,Two Tone,No,No,None,Yes,Black,No
4126,Robingoose #4126,Honk honk,goose_4126.png,Goose,Lime,Green,Open,Black,Solid,Yes,Yes,Orange,No,None,No
4127,Robingoose #4127,Honk honk,goose_4127.png,Goose,Coral,Orange,Open,Turquoise,Two Tone,No,No,None,No,None,Yes
4128,Robingoose #4128,Honk honk,goose_4128.png,Goose,Purple,Coral,Open,Black,Solid,Yes,Yes,Pink,No,None,No
4129,Robingoose #4129,Honk honk,goose_4129.png,Goose,Blue,Green,Closed,White,Two Tone,No,Yes,Blue,No,None,Yes
4130,Robingoose #4130,Honk honk,goose_4130.png,Goose,Green,Pink,Open,Black,Solid,No,No,None,No,None,No
4131,Robingoose #4131,Honk honk,goose_4131.png,Goose,White,Orange,Open,Yellow,Two Tone,Yes,Yes,Yellow,No,None,Yes
4132,Robingoose #4132,Honk honk,goose_4132.png,Goose,Orange,Lime,Open,Black,Solid,Yes,Yes,Orange,No,None,No
4133,Robingoose #4133,Honk honk,goose_4133.png,Goose,White,Yellow,Closed,Black,Solid,No,Yes,Green,No,None,No
4134,Robingoose #4134,Honk honk,goose_4134.png,Goose,White,Orange,Open,Lime,Two Tone,No,Yes,White,No,None,No
4135,Robingoose #4135,Honk honk,goose_4135.png,Goose,Yellow,Black,Open,Green,Solid,No,No,None,No,None,No
4136,Robingoose #4136,Honk honk,goose_4136.png,Goose,White,Black,Open,Pink,Two Tone,Yes,No,None,No,None,No
4137,Robingoose #4137,Honk honk,goose_4137.png,Goose,Yellow,Blue,Open,Pink,Two Tone,No,No,None,No,None,No
4138,Robingoose #4138,Honk honk,goose_4138.png,Goose,White,Black,Open,Purple,Solid,No,Yes,White,No,None,No
4139,Robingoose #4139,Honk honk,goose_4139.png,Goose,White,Green,Open,Black,Solid,Yes,Yes,Pink,No,None,No
4140,Robingoose #4140,Honk honk,goose_4140.png,Goose,Black,Purple,Closed,White,Solid,No,Yes,Blue,No,None,No
4141,Robingoose #4141,Honk honk,goose_4141.png,Goose,White,Turquoise,Closed,Sky Blue,Two Tone,No,No,None,No,None,Yes
4142,Robingoose #4142,Honk honk,goose_4142.png,Goose,White,Pink,Closed,Purple,Two Tone,No,Yes,White,No,None,Yes
4143,Robingoose #4143,Honk honk,goose_4143.png,Goose,Pink,Yellow,Open,Black,Solid,No,Yes,Blue,No,None,No
4144,Robingoose #4144,Honk honk,goose_4144.png,Goose,Coral,Black,Open,Salmon,Solid,No,No,None,No,None,No
4145,Robingoose #4145,Honk honk,goose_4145.png,Goose,Purple,White,Open,Black,Solid,No,No,None,No,None,No
4146,Robingoose #4146,Honk honk,goose_4146.png,Goose,White,Salmon,Open,Turquoise,Two Tone,Yes,No,None,No,None,Yes
4147,Robingoose #4147,Honk honk,goose_4147.png,Goose,Black,Yellow,Open,Orange,Two Tone,Yes,Yes,Black,No,None,No
4148,Robingoose #4148,Honk honk,goose_4148.png,Goose,White,Yellow,Closed,Coral,Two Tone,No,No,None,No,None,Yes
4149,Robingoose #4149,Honk honk,goose_4149.png,Goose,Salmon,Lime,Open,Black,Solid,Yes,Yes,Salmon,No,None,No
4150,Robingoose #4150,Honk honk,goose_4150.png,Goose,Salmon,Yellow,Closed,Red,Two Tone,No,Yes,Salmon,No,None,Yes
4151,Robingoose #4151,Honk honk,goose_4151.png,Goose,Black,Orange,Open,Salmon,Two Tone,Yes,No,None,Yes,Yellow,No
4152,Robingoose #4152,Honk honk,goose_4152.png,Goose,Pink,Yellow,Open,Coral,Two Tone,Yes,Yes,Pink,No,None,Yes
4153,Robingoose #4153,Honk honk,goose_4153.png,Goose,Green,Orange,Open,Salmon,Two Tone,No,No,None,No,None,No
4154,Robingoose #4154,Honk honk,goose_4154.png,Goose,Red,Yellow,Closed,White,Two Tone,No,No,None,Yes,Black,No
4155,Robingoose #4155,Honk honk,goose_4155.png,Goose,Yellow,Pink,Closed,Turquoise,Two Tone,No,No,None,No,None,Yes
4156,Robingoose #4156,Honk honk,goose_4156.png,Goose,White,Orange,Closed,Lime,Two Tone,No,No,None,Yes,Black,No
4157,Robingoose #4157,Honk honk,goose_4157.png,Goose,Black,Purple,Open,Red,Solid,No,Yes,Salmon,No,None,No
4158,Robingoose #4158,Honk honk,goose_4158.png,Goose,Pink,Coral,Closed,Turquoise,Two Tone,No,No,None,No,None,No
4159,Robingoose #4159,Honk honk,goose_4159.png,Goose,Coral,Orange,Closed,Lime,Two Tone,No,No,None,No,None,No
4160,Robingoose #4160,Honk honk,goose_4160.png,Goose,Yellow,Purple,Open,Black,Solid,Yes,No,None,No,None,No
4161,Robingoose #4161,Honk honk,goose_4161.png,Goose,White,Orange,Open,Turquoise,Two Tone,Yes,No,None,No,None,No
4162,Robingoose #4162,Honk honk,goose_4162.png,Goose,Yellow,Orange,Open,Salmon,Two Tone,No,No,None,No,None,Yes
4163,Robingoose #4163,Honk honk,goose_4163.png,Goose,Black,Yellow,Closed,Coral,Two Tone,No,Yes,White,No,None,Yes
4164,Robingoose #4164,Honk honk,goose_4164.png,Goose,White,Salmon,Open,Sky Blue,Two Tone,Yes,No,None,No,None,No
4165,Robingoose #4165,Honk honk,goose_4165.png,Goose,Pink,Yellow,Closed,White,Two Tone,No,No,None,No,None,No
4166,Robingoose #4166,Honk honk,goose_4166.png,Goose,Orange,Lime,Open,Pink,Two Tone,No,Yes,Orange,No,None,Yes
4167,Robingoose #4167,Honk honk,goose_4167.png,Goose,White,Orange,Open,Blue,Two Tone,Yes,No,None,Yes,Yellow,No
4168,Robingoose #4168,Honk honk,goose_4168.png,Goose,White,Orange,Closed,Green,Two Tone,No,Yes,Turquoise,No,None,Yes
4169,Robingoose #4169,Honk honk,goose_4169.png,Goose,Green,Orange,Closed,Black,Solid,No,Yes,Blue,No,None,No
4170,Robingoose #4170,Honk honk,goose_4170.png,Goose,White,Blue,Open,Black,Solid,Yes,Yes,Red,No,None,No
4171,Robingoose #4171,Honk honk,goose_4171.png,Goose,Black,Orange,Closed,Turquoise,Two Tone,No,Yes,Green,No,None,No
4172,Robingoose #4172,Honk honk,goose_4172.png,Goose,Blue,Yellow,Closed,Purple,Two Tone,No,No,None,No,None,Yes
4173,Robingoose #4173,Honk honk,goose_4173.png,Goose,Salmon,Blue,Open,Orange,Two Tone,No,Yes,Salmon,No,None,No
4174,Robingoose #4174,Honk honk,goose_4174.png,Goose,White,Turquoise,Open,Orange,Two Tone,No,Yes,White,No,None,Yes
4175,Robingoose #4175,Honk honk,goose_4175.png,Goose,Coral,Lime,Closed,Black,Solid,No,No,None,No,None,No
4176,Robingoose #4176,Honk honk,goose_4176.png,Goose,Blue,Purple,Open,Sky Blue,Two Tone,No,Yes,Blue,No,None,No
4177,Robingoose #4177,Honk honk,goose_4177.png,Goose,Turquoise,Sky Blue,Closed,Lime,Two Tone,No,No,None,Yes,Black,No
4178,Robingoose #4178,Honk honk,goose_4178.png,Goose,White,Orange,Open,Purple,Two Tone,Yes,Yes,Lime,No,None,No
4179,Robingoose #4179,Honk honk,goose_4179.png,Goose,Pink,Coral,Closed,White,Two Tone,No,Yes,Pink,No,None,No
4180,Robingoose #4180,Honk honk,goose_4180.png,Goose,White,Green,Open,Turquoise,Two Tone,No,Yes,Orange,No,None,No
4181,Robingoose #4181,Honk honk,goose_4181.png,Goose,White,Sky Blue,Open,Black,Solid,Yes,Yes,White,No,None,No
4182,Robingoose #4182,Honk honk,goose_4182.png,Goose,White,Salmon,Open,Turquoise,Two Tone,No,No,None,No,None,No
4183,Robingoose #4183,Honk honk,goose_4183.png,Goose,Red,Yellow,Closed,Orange,Two Tone,No,No,None,No,None,No
4184,Robingoose #4184,Honk honk,goose_4184.png,Goose,Salmon,Yellow,Open,Coral,Two Tone,No,Yes,Salmon,No,None,Yes
4185,Robingoose #4185,Honk honk,goose_4185.png,Goose,Purple,Salmon,Open,Black,Solid,Yes,Yes,Purple,No,None,No
4186,Robingoose #4186,Honk honk,goose_4186.png,Goose,White,Black,Open,Purple,Solid,No,Yes,White,No,None,No
4187,Robingoose #4187,Honk honk,goose_4187.png,Goose,White,Orange,Open,Purple,Two Tone,No,Yes,Black,No,None,Yes
4188,Robingoose #4188,Honk honk,goose_4188.png,Goose,Red,Yellow,Closed,White,Two Tone,No,Yes,Lime,No,None,Yes
4189,Robingoose #4189,Honk honk,goose_4189.png,Goose,Pink,Orange,Closed,Lime,Two Tone,No,Yes,Pink,No,None,Yes
4190,Robingoose #4190,Honk honk,goose_4190.png,Goose,Turquoise,Orange,Open,Pink,Two Tone,No,Yes,Turquoise,No,None,No
4191,Robingoose #4191,Honk honk,goose_4191.png,Goose,Coral,Green,Closed,Sky Blue,Two Tone,No,No,None,No,None,Yes
4192,Robingoose #4192,Honk honk,goose_4192.png,Goose,Blue,Red,Open,Black,Solid,No,No,None,No,None,No
4193,Robingoose #4193,Honk honk,goose_4193.png,Goose,Green,Sky Blue,Open,Black,Solid,No,No,None,No,None,No
4194,Robingoose #4194,Honk honk,goose_4194.png,Goose,Sky Blue,Orange,Open,Turquoise,Two Tone,No,No,None,Yes,Black,No
4195,Robingoose #4195,Honk honk,goose_4195.png,Goose,White,Salmon,Open,Blue,Two Tone,No,No,None,No,None,No
4196,Robingoose #4196,Honk honk,goose_4196.png,Goose,Coral,Red,Open,Black,Solid,No,No,None,No,None,No
4197,Robingoose #4197,Honk honk,goose_4197.png,Goose,Blue,Yellow,Open,Black,Solid,Yes,Yes,Blue,No,None,No
4198,Robingoose #4198,Honk honk,goose_4198.png,Goose,Turquoise,Lime,Closed,Blue,Two Tone,No,Yes,Turquoise,No,None,Yes
4199,Robingoose #4199,Honk honk,goose_4199.png,Goose,Orange,Yellow,Open,Purple,Two Tone,No,Yes,Pink,No,None,No
4200,Robingoose #4200,Honk honk,goose_4200.png,Goose,Sky Blue,Salmon,Closed,Yellow,Two Tone,No,Yes,Sky Blue,No,None,No
4201,Robingoose #4201,Honk honk,goose_4201.png,Goose,White,Orange,Open,Coral,Two Tone,Yes,Yes,White,No,None,No
4202,Robingoose #4202,Honk honk,goose_4202.png,Goose,Salmon,Yellow,Open,Black,Solid,No,Yes,Yellow,No,None,No
4203,Robingoose #4203,Honk honk,goose_4203.png,Goose,Yellow,Salmon,Open,Black,Solid,No,No,None,No,None,No
4204,Robingoose #4204,Honk honk,goose_4204.png,Goose,Coral,Black,Open,Yellow,Two Tone,Yes,Yes,Orange,No,None,No
4205,Robingoose #4205,Honk honk,goose_4205.png,Goose,Blue,Turquoise,Open,Black,Solid,Yes,Yes,Blue,No,None,No
4206,Robingoose #4206,Honk honk,goose_4206.png,Goose,Salmon,Red,Open,Black,Solid,Yes,No,None,No,None,No
4207,Robingoose #4207,Honk honk,goose_4207.png,Goose,White,Coral,Open,Black,Solid,Yes,Yes,Lime,No,None,No
4208,Robingoose #4208,Honk honk,goose_4208.png,Goose,Salmon,Turquoise,Open,Black,Solid,No,Yes,Salmon,No,None,No
4209,Robingoose #4209,Honk honk,goose_4209.png,Goose,Yellow,Orange,Closed,Red,Two Tone,No,Yes,Orange,No,None,Yes
4210,Robingoose #4210,Honk honk,goose_4210.png,Goose,White,Red,Closed,Salmon,Two Tone,No,No,None,Yes,Black,No
4211,Robingoose #4211,Honk honk,goose_4211.png,Goose,Turquoise,Yellow,Open,Red,Two Tone,No,No,None,Yes,Black,No
4212,Robingoose #4212,Honk honk,goose_4212.png,Goose,Green,Yellow,Closed,Turquoise,Two Tone,No,No,None,Yes,Yellow,No
4213,Robingoose #4213,Honk honk,goose_4213.png,Goose,White,Pink,Open,Black,Solid,Yes,Yes,Purple,No,None,No
4214,Robingoose #4214,Honk honk,goose_4214.png,Goose,Yellow,Orange,Open,Sky Blue,Two Tone,Yes,No,None,No,None,No
4215,Robingoose #4215,Honk honk,goose_4215.png,Goose,Black,Orange,Open,Lime,Two Tone,Yes,No,None,No,None,Yes
4216,Robingoose #4216,Honk honk,goose_4216.png,Goose,Black,Turquoise,Closed,Coral,Two Tone,No,Yes,Black,No,None,Yes
4217,Robingoose #4217,Honk honk,goose_4217.png,Goose,Yellow,Orange,Closed,Sky Blue,Two Tone,No,Yes,Blue,No,None,No
4218,Robingoose #4218,Honk honk,goose_4218.png,Goose,Purple,Blue,Open,Black,Solid,No,Yes,Purple,No,None,No
4219,Robingoose #4219,Honk honk,goose_4219.png,Goose,White,Orange,Closed,Pink,Two Tone,No,No,None,No,None,Yes
4220,Robingoose #4220,Honk honk,goose_4220.png,Goose,Sky Blue,Purple,Closed,White,Two Tone,No,Yes,Sky Blue,No,None,No
4221,Robingoose #4221,Honk honk,goose_4221.png,Goose,Yellow,Sky Blue,Open,Orange,Two Tone,Yes,No,None,No,None,Yes
4222,Robingoose #4222,Honk honk,goose_4222.png,Goose,Pink,Red,Closed,Black,Solid,No,Yes,Sky Blue,No,None,No
4223,Robingoose #4223,Honk honk,goose_4223.png,Goose,Sky Blue,Orange,Open,Turquoise,Two Tone,Yes,Yes,Sky Blue,No,None,No
4224,Robingoose #4224,Honk honk,goose_4224.png,Goose,Yellow,Pink,Open,Black,Solid,Yes,Yes,Yellow,No,None,No
4225,Robingoose #4225,Honk honk,goose_4225.png,Goose,Yellow,Salmon,Closed,Blue,Two Tone,No,Yes,Yellow,No,None,No
4226,Robingoose #4226,Honk honk,goose_4226.png,Goose,Lime,Sky Blue,Open,Black,Solid,No,Yes,Lime,No,None,No
4227,Robingoose #4227,Honk honk,goose_4227.png,Goose,White,Orange,Open,Salmon,Two Tone,Yes,Yes,White,No,None,No
4228,Robingoose #4228,Honk honk,goose_4228.png,Goose,Black,Blue,Closed,White,Solid,No,Yes,Black,No,None,No
4229,Robingoose #4229,Honk honk,goose_4229.png,Goose,Salmon,Orange,Closed,White,Two Tone,No,Yes,Salmon,No,None,No
4230,Robingoose #4230,Honk honk,goose_4230.png,Goose,White,Yellow,Open,Black,Solid,Yes,Yes,Salmon,No,None,No
4231,Robingoose #4231,Honk honk,goose_4231.png,Goose,Lime,Pink,Open,Black,Solid,Yes,Yes,Lime,No,None,No
4232,Robingoose #4232,Honk honk,goose_4232.png,Goose,Orange,Coral,Open,Black,Solid,Yes,No,None,No,None,No
4233,Robingoose #4233,Honk honk,goose_4233.png,Goose,Coral,Blue,Open,Black,Solid,Yes,Yes,Coral,No,None,No
4234,Robingoose #4234,Honk honk,goose_4234.png,Goose,Coral,Blue,Open,Black,Solid,No,No,None,No,None,No
4235,Robingoose #4235,Honk honk,goose_4235.png,Goose,Salmon,Pink,Closed,Orange,Two Tone,No,No,None,Yes,Black,No
4236,Robingoose #4236,Honk honk,goose_4236.png,Goose,Purple,Blue,Closed,Green,Two Tone,No,No,None,Yes,Black,No
4237,Robingoose #4237,Honk honk,goose_4237.png,Goose,Yellow,Pink,Open,Black,Solid,No,No,None,No,None,No
4238,Robingoose #4238,Honk honk,goose_4238.png,Goose,Salmon,Yellow,Open,Black,Solid,No,Yes,Pink,No,None,No
4239,Robingoose #4239,Honk honk,goose_4239.png,Goose,Orange,Yellow,Open,Sky Blue,Two Tone,No,Yes,Orange,No,None,No
4240,Robingoose #4240,Honk honk,goose_4240.png,Goose,Purple,Turquoise,Closed,Salmon,Two Tone,No,Yes,Pink,No,None,No
4241,Robingoose #4241,Honk honk,goose_4241.png,Goose,Blue,White,Open,Black,Solid,Yes,Yes,Blue,No,None,No
4242,Robingoose #4242,Honk honk,goose_4242.png,Goose,Blue,Yellow,Closed,Sky Blue,Two Tone,No,Yes,Blue,No,None,No
4243,Robingoose #4243,Honk honk,goose_4243.png,Goose,Lime,Orange,Closed,White,Two Tone,No,Yes,Orange,No,None,Yes
4244,Robingoose #4244,Honk honk,goose_4244.png,Goose,Red,Blue,Open,Coral,Two Tone,Yes,Yes,Red,No,None,Yes
4245,Robingoose #4245,Honk honk,goose_4245.png,Goose,Purple,Black,Open,Black,Solid,Yes,No,None,No,None,No
4246,Robingoose #4246,Honk honk,goose_4246.png,Goose,White,Orange,Open,Red,Two Tone,No,Yes,White,No,None,Yes
4247,Robingoose #4247,Honk honk,goose_4247.png,Goose,White,Red,Closed,Black,Solid,No,Yes,Green,No,None,No
4248,Robingoose #4248,Honk honk,goose_4248.png,Goose,White,Green,Closed,Purple,Two Tone,No,No,None,No,None,No
4249,Robingoose #4249,Honk honk,goose_4249.png,Goose,White,Orange,Open,Coral,Two Tone,Yes,No,None,No,None,Yes
4250,Robingoose #4250,Honk honk,goose_4250.png,Goose,Turquoise,Green,Closed,Pink,Two Tone,No,No,None,No,None,No
4251,Robingoose #4251,Honk honk,goose_4251.png,Goose,Turquoise,Sky Blue,Open,Black,Solid,Yes,Yes,Turquoise,No,None,No
4252,Robingoose #4252,Honk honk,goose_4252.png,Goose,Green,Turquoise,Closed,Yellow,Two Tone,No,No,None,No,None,Yes
4253,Robingoose #4253,Honk honk,goose_4253.png,Goose,Purple,Yellow,Open,Red,Two Tone,Yes,No,None,Yes,Yellow,No
4254,Robingoose #4254,Honk honk,goose_4254.png,Goose,Lime,Purple,Open,Blue,Two Tone,Yes,Yes,Blue,No,None,Yes
4255,Robingoose #4255,Honk honk,goose_4255.png,Goose,Coral,Yellow,Open,Salmon,Two Tone,Yes,Yes,Coral,No,None,No
4256,Robingoose #4256,Honk honk,goose_4256.png,Goose,Salmon,Sky Blue,Open,Lime,Two Tone,No,No,None,Yes,Yellow,No
4257,Robingoose #4257,Honk honk,goose_4257.png,Goose,Red,Yellow,Closed,Turquoise,Two Tone,No,No,None,No,None,No
4258,Robingoose #4258,Honk honk,goose_4258.png,Goose,Green,Sky Blue,Closed,Pink,Two Tone,No,No,None,Yes,Yellow,No
4259,Robingoose #4259,Honk honk,goose_4259.png,Goose,Purple,Orange,Open,Coral,Two Tone,No,Yes,Purple,No,None,No
4260,Robingoose #4260,Honk honk,goose_4260.png,Goose,Lime,Red,Open,Black,Solid,Yes,Yes,Lime,No,None,No
4261,Robingoose #4261,Honk honk,goose_4261.png,Goose,Coral,Orange,Closed,Red,Two Tone,No,No,None,Yes,Black,No
4262,Robingoose #4262,Honk honk,goose_4262.png,Goose,White,Blue,Closed,Pink,Two Tone,No,No,None,No,None,No
4263,Robingoose #4263,Honk honk,goose_4263.png,Goose,White,Sky Blue,Open,Yellow,Two Tone,No,No,None,Yes,Yellow,No
4264,Robingoose #4264,Honk honk,goose_4264.png,Goose,Black,Lime,Open,Red,Solid,No,Yes,Black,No,None,No
4265,Robingoose #4265,Honk honk,goose_4265.png,Goose,Lime,Turquoise,Closed,Green,Two Tone,No,No,None,No,None,No
4266,Robingoose #4266,Honk honk,goose_4266.png,Goose,Coral,White,Closed,Orange,Two Tone,No,Yes,Coral,No,None,No
4267,Robingoose #4267,Honk honk,goose_4267.png,Goose,Red,Yellow,Closed,Purple,Two Tone,No,No,None,Yes,Yellow,No
4268,Robingoose #4268,Honk honk,goose_4268.png,Goose,Black,Yellow,Closed,Blue,Two Tone,No,No,None,Yes,Yellow,No
4269,Robingoose #4269,Honk honk,goose_4269.png,Goose,White,Sky Blue,Closed,Lime,Two Tone,No,No,None,No,None,No
4270,Robingoose #4270,Honk honk,goose_4270.png,Goose,Blue,Coral,Open,Black,Solid,Yes,No,None,No,None,No
4271,Robingoose #4271,Honk honk,goose_4271.png,Goose,White,Turquoise,Open,Salmon,Two Tone,No,No,None,No,None,Yes
4272,Robingoose #4272,Honk honk,goose_4272.png,Goose,Salmon,Blue,Open,Black,Solid,No,No,None,No,None,No
4273,Robingoose #4273,Honk honk,goose_4273.png,Goose,Purple,Yellow,Open,Black,Solid,Yes,Yes,White,No,None,No
4274,Robingoose #4274,Honk honk,goose_4274.png,Goose,White,Orange,Open,Green,Two Tone,Yes,No,None,Yes,Black,No
4275,Robingoose #4275,Honk honk,goose_4275.png,Goose,Black,Yellow,Open,Red,Solid,Yes,No,None,No,None,No
4276,Robingoose #4276,Honk honk,goose_4276.png,Goose,Blue,Sky Blue,Open,Black,Solid,No,No,None,No,None,No
4277,Robingoose #4277,Honk honk,goose_4277.png,Goose,Turquoise,Yellow,Open,Green,Two Tone,No,No,None,No,None,No
4278,Robingoose #4278,Honk honk,goose_4278.png,Goose,Yellow,Orange,Closed,Black,Solid,No,Yes,Sky Blue,No,None,No
4279,Robingoose #4279,Honk honk,goose_4279.png,Goose,White,Orange,Open,Pink,Two Tone,Yes,Yes,White,No,None,No
4280,Robingoose #4280,Honk honk,goose_4280.png,Goose,Coral,Turquoise,Open,Yellow,Two Tone,No,No,None,No,None,No
4281,Robingoose #4281,Honk honk,goose_4281.png,Goose,White,Yellow,Open,Purple,Two Tone,No,No,None,Yes,Black,No
4282,Robingoose #4282,Honk honk,goose_4282.png,Goose,Blue,White,Open,Orange,Two Tone,No,No,None,No,None,No
4283,Robingoose #4283,Honk honk,goose_4283.png,Goose,Blue,Coral,Open,Turquoise,Two Tone,Yes,No,None,No,None,No
4284,Robingoose #4284,Honk honk,goose_4284.png,Goose,Orange,Black,Open,White,Two Tone,No,No,None,Yes,Black,No
4285,Robingoose #4285,Honk honk,goose_4285.png,Goose,Green,Pink,Open,Black,Solid,No,No,None,No,None,No
4286,Robingoose #4286,Honk honk,goose_4286.png,Goose,Blue,Yellow,Closed,Black,Solid,No,Yes,Black,No,None,No
4287,Robingoose #4287,Honk honk,goose_4287.png,Goose,Red,Pink,Open,Black,Solid,No,No,None,No,None,No
4288,Robingoose #4288,Honk honk,goose_4288.png,Goose,Lime,Orange,Closed,Purple,Two Tone,No,Yes,Lime,No,None,No
4289,Robingoose #4289,Honk honk,goose_4289.png,Goose,White,Lime,Closed,Black,Solid,No,Yes,Black,No,None,No
4290,Robingoose #4290,Honk honk,goose_4290.png,Goose,Sky Blue,Red,Open,Black,Solid,Yes,Yes,Sky Blue,No,None,No
4291,Robingoose #4291,Honk honk,goose_4291.png,Goose,White,Red,Open,Salmon,Two Tone,Yes,Yes,White,No,None,No
4292,Robingoose #4292,Honk honk,goose_4292.png,Goose,Black,Orange,Closed,Turquoise,Two Tone,No,No,None,Yes,Yellow,No
4293,Robingoose #4293,Honk honk,goose_4293.png,Goose,Coral,White,Open,Blue,Two Tone,Yes,Yes,Coral,No,None,No
4294,Robingoose #4294,Honk honk,goose_4294.png,Goose,Pink,Orange,Closed,Turquoise,Two Tone,No,No,None,No,None,Yes
4295,Robingoose #4295,Honk honk,goose_4295.png,Goose,Pink,Red,Open,Black,Solid,Yes,No,None,No,None,No
4296,Robingoose #4296,Honk honk,goose_4296.png,Goose,Blue,Turquoise,Open,Purple,Two Tone,No,No,None,Yes,Yellow,No
4297,Robingoose #4297,Honk honk,goose_4297.png,Goose,Blue,Orange,Open,Black,Solid,Yes,Yes,Blue,No,None,No
4298,Robingoose #4298,Honk honk,goose_4298.png,Goose,White,Yellow,Open,Turquoise,Two Tone,Yes,Yes,White,No,None,No
4299,Robingoose #4299,Honk honk,goose_4299.png,Goose,Salmon,Orange,Closed,Pink,Two Tone,No,No,None,No,None,Yes
4300,Robingoose #4300,Honk honk,goose_4300.png,Goose,Purple,Pink,Open,Salmon,Two Tone,Yes,No,None,No,None,No
4301,Robingoose #4301,Honk honk,goose_4301.png,Goose,Sky Blue,Red,Closed,Black,Solid,No,Yes,Sky Blue,No,None,No
4302,Robingoose #4302,Honk honk,goose_4302.png,Goose,Orange,Purple,Open,Black,Solid,Yes,Yes,Orange,No,None,No
4303,Robingoose #4303,Honk honk,goose_4303.png,Goose,White,Salmon,Open,Turquoise,Two Tone,No,No,None,No,None,No
4304,Robingoose #4304,Honk honk,goose_4304.png,Goose,Purple,Orange,Closed,Turquoise,Two Tone,No,No,None,No,None,No
4305,Robingoose #4305,Honk honk,goose_4305.png,Goose,Salmon,Turquoise,Open,Black,Solid,No,No,None,No,None,No
4306,Robingoose #4306,Honk honk,goose_4306.png,Goose,White,Yellow,Closed,Blue,Two Tone,No,No,None,Yes,Black,No
4307,Robingoose #4307,Honk honk,goose_4307.png,Goose,White,Coral,Open,Green,Two Tone,No,No,None,No,None,No
4308,Robingoose #4308,Honk honk,goose_4308.png,Goose,Turquoise,Coral,Closed,Black,Solid,No,Yes,Salmon,No,None,No
4309,Robingoose #4309,Honk honk,goose_4309.png,Goose,Red,Yellow,Closed,Orange,Two Tone,No,Yes,Red,No,None,Yes
4310,Robingoose #4310,Honk honk,goose_4310.png,Goose,Sky Blue,Pink,Open,Black,Solid,No,No,None,No,None,No
4311,Robingoose #4311,Honk honk,goose_4311.png,Goose,Turquoise,Black,Closed,Purple,Solid,No,Yes,Red,No,None,No
4312,Robingoose #4312,Honk honk,goose_4312.png,Goose,White,Orange,Open,Lime,Two Tone,No,No,None,No,None,No
4313,Robingoose #4313,Honk honk,goose_4313.png,Goose,Lime,Pink,Open,Red,Two Tone,Yes,Yes,Lime,No,None,No
4314,Robingoose #4314,Honk honk,goose_4314.png,Goose,Red,Green,Open,Black,Solid,Yes,Yes,Black,No,None,No
4315,Robingoose #4315,Honk honk,goose_4315.png,Goose,Yellow,Red,Open,Black,Solid,Yes,Yes,Yellow,No,None,No
4316,Robingoose #4316,Honk honk,goose_4316.png,Goose,Lime,Orange,Open,White,Two Tone,Yes,No,None,No,None,Yes
4317,Robingoose #4317,Honk honk,goose_4317.png,Goose,Coral,Black,Open,Sky Blue,Solid,Yes,Yes,Coral,No,None,No
4318,Robingoose #4318,Honk honk,goose_4318.png,Goose,Pink,Yellow,Open,Black,Solid,Yes,Yes,Green,No,None,No
4319,Robingoose #4319,Honk honk,goose_4319.png,Goose,Purple,Lime,Closed,Coral,Two Tone,No,Yes,Green,No,None,No
4320,Robingoose #4320,Honk honk,goose_4320.png,Goose,Pink,Lime,Open,Orange,Two Tone,Yes,No,None,No,None,No
4321,Robingoose #4321,Honk honk,goose_4321.png,Goose,Coral,Lime,Closed,Purple,Two Tone,No,Yes,Green,No,None,No
4322,Robingoose #4322,Honk honk,goose_4322.png,Goose,White,Orange,Closed,Blue,Two Tone,No,No,None,Yes,Yellow,No
4323,Robingoose #4323,Honk honk,goose_4323.png,Goose,Salmon,Turquoise,Open,Yellow,Two Tone,No,No,None,No,None,Yes
4324,Robingoose #4324,Honk honk,goose_4324.png,Goose,White,Salmon,Open,Green,Two Tone,Yes,Yes,Yellow,No,None,No
4325,Robingoose #4325,Honk honk,goose_4325.png,Goose,White,Orange,Closed,Green,Two Tone,No,No,None,Yes,Black,No
4326,Robingoose #4326,Honk honk,goose_4326.png,Goose,White,Green,Open,Salmon,Two Tone,Yes,Yes,White,No,None,No
4327,Robingoose #4327,Honk honk,goose_4327.png,Goose,Turquoise,Pink,Open,White,Two Tone,No,No,None,Yes,Black,No
4328,Robingoose #4328,Honk honk,goose_4328.png,Goose,Coral,Pink,Closed,Sky Blue,Two Tone,No,No,None,No,None,No
4329,Robingoose #4329,Honk honk,goose_4329.png,Goose,Salmon,Sky Blue,Open,Black,Solid,Yes,No,None,No,None,No
4330,Robingoose #4330,Honk honk,goose_4330.png,Goose,Black,Pink,Closed,White,Solid,No,Yes,Green,No,None,No
4331,Robingoose #4331,Honk honk,goose_4331.png,Goose,Yellow,Turquoise,Open,Coral,Two Tone,Yes,No,None,No,None,No
4332,Robingoose #4332,Honk honk,goose_4332.png,Goose,Green,Black,Closed,Purple,Solid,No,No,None,No,None,No
4333,Robingoose #4333,Honk honk,goose_4333.png,Goose,White,Purple,Open,Red,Two Tone,No,No,None,Yes,Black,No
4334,Robingoose #4334,Honk honk,goose_4334.png,Goose,Blue,Coral,Open,Black,Solid,No,No,None,No,None,No
4335,Robingoose #4335,Honk honk,goose_4335.png,Goose,White,Black,Open,Yellow,Solid,No,Yes,White,No,None,No
4336,Robingoose #4336,Honk honk,goose_4336.png,Goose,Pink,Orange,Closed,Turquoise,Two Tone,No,Yes,Pink,No,None,No
4337,Robingoose #4337,Honk honk,goose_4337.png,Goose,White,Orange,Open,Black,Solid,No,Yes,Orange,No,None,No
4338,Robingoose #4338,Honk honk,goose_4338.png,Goose,Orange,Yellow,Closed,Pink,Two Tone,No,No,None,Yes,Yellow,No
4339,Robingoose #4339,Honk honk,goose_4339.png,Goose,White,Yellow,Open,Turquoise,Two Tone,Yes,Yes,Pink,No,None,No
4340,Robingoose #4340,Honk honk,goose_4340.png,Goose,Black,Pink,Open,Blue,Two Tone,Yes,No,None,Yes,Yellow,No
4341,Robingoose #4341,Honk honk,goose_4341.png,Goose,Orange,Coral,Open,Pink,Two Tone,Yes,Yes,Orange,No,None,No
4342,Robingoose #4342,Honk honk,goose_4342.png,Goose,Orange,Black,Closed,Coral,Solid,No,No,None,No,None,No
4343,Robingoose #4343,Honk honk,goose_4343.png,Goose,Sky Blue,Red,Open,Orange,Two Tone,Yes,No,None,Yes,Black,No
4344,Robingoose #4344,Honk honk,goose_4344.png,Goose,Lime,Red,Open,Coral,Two Tone,No,Yes,Lime,No,None,No
4345,Robingoose #4345,Honk honk,goose_4345.png,Goose,Green,Orange,Open,Lime,Two Tone,No,No,None,No,None,Yes
4346,Robingoose #4346,Honk honk,goose_4346.png,Goose,White,Yellow,Open,Purple,Two Tone,No,No,None,No,None,Yes
4347,Robingoose #4347,Honk honk,goose_4347.png,Goose,White,Yellow,Open,Pink,Two Tone,Yes,No,None,Yes,Black,No
4348,Robingoose #4348,Honk honk,goose_4348.png,Goose,White,Orange,Open,Black,Solid,No,Yes,Sky Blue,No,None,No
4349,Robingoose #4349,Honk honk,goose_4349.png,Goose,Yellow,Orange,Open,Pink,Two Tone,No,No,None,No,None,Yes
4350,Robingoose #4350,Honk honk,goose_4350.png,Goose,Purple,Orange,Open,Red,Two Tone,Yes,No,None,No,None,Yes
4351,Robingoose #4351,Honk honk,goose_4351.png,Goose,Sky Blue,Lime,Open,Black,Solid,No,No,None,No,None,No
4352,Robingoose #4352,Honk honk,goose_4352.png,Goose,Green,Pink,Closed,Blue,Two Tone,No,Yes,Green,No,None,Yes
4353,Robingoose #4353,Honk honk,goose_4353.png,Goose,Turquoise,White,Open,Black,Solid,No,No,None,No,None,No
4354,Robingoose #4354,Honk honk,goose_4354.png,Goose,Green,White,Open,Black,Solid,No,No,None,No,None,No
4355,Robingoose #4355,Honk honk,goose_4355.png,Goose,Green,Coral,Open,Red,Two Tone,No,No,None,Yes,Yellow,No
4356,Robingoose #4356,Honk honk,goose_4356.png,Goose,Red,Black,Closed,Sky Blue,Two Tone,No,Yes,Red,No,None,No
4357,Robingoose #4357,Honk honk,goose_4357.png,Goose,Turquoise,Yellow,Closed,Black,Solid,No,Yes,Blue,No,None,No
4358,Robingoose #4358,Honk honk,goose_4358.png,Goose,Blue,Yellow,Open,Sky Blue,Two Tone,Yes,No,None,No,None,No
4359,Robingoose #4359,Honk honk,goose_4359.png,Goose,Green,Black,Closed,Salmon,Solid,No,No,None,No,None,No
4360,Robingoose #4360,Honk honk,goose_4360.png,Goose,Coral,Green,Open,Black,Solid,Yes,No,None,No,None,No
4361,Robingoose #4361,Honk honk,goose_4361.png,Goose,Sky Blue,Red,Open,White,Two Tone,No,No,None,No,None,Yes
4362,Robingoose #4362,Honk honk,goose_4362.png,Goose,Purple,Yellow,Open,Green,Two Tone,Yes,Yes,Orange,No,None,Yes
4363,Robingoose #4363,Honk honk,goose_4363.png,Goose,White,Orange,Open,Pink,Two Tone,No,Yes,White,No,None,No
4364,Robingoose #4364,Honk honk,goose_4364.png,Goose,Salmon,Orange,Closed,Red,Two Tone,No,No,None,Yes,Yellow,No
4365,Robingoose #4365,Honk honk,goose_4365.png,Goose,Turquoise,Pink,Open,Salmon,Two Tone,No,Yes,Turquoise,No,None,Yes
4366,Robingoose #4366,Honk honk,goose_4366.png,Goose,Yellow,Orange,Closed,Purple,Two Tone,No,Yes,Yellow,No,None,Yes
4367,Robingoose #4367,Honk honk,goose_4367.png,Goose,White,Yellow,Open,Black,Solid,Yes,Yes,Blue,No,None,No
4368,Robingoose #4368,Honk honk,goose_4368.png,Goose,Purple,Coral,Open,Black,Solid,No,Yes,Purple,No,None,No
4369,Robingoose #4369,Honk honk,goose_4369.png,Goose,Sky Blue,Orange,Closed,Salmon,Two Tone,No,No,None,Yes,Black,No
4370,Robingoose #4370,Honk honk,goose_4370.png,Goose,Black,Yellow,Closed,Coral,Two Tone,No,No,None,Yes,Yellow,No
4371,Robingoose #4371,Honk honk,goose_4371.png,Goose,Purple,Salmon,Open,Black,Solid,No,No,None,No,None,No
4372,Robingoose #4372,Honk honk,goose_4372.png,Goose,Black,Yellow,Closed,Sky Blue,Two Tone,No,No,None,No,None,Yes
4373,Robingoose #4373,Honk honk,goose_4373.png,Goose,White,Sky Blue,Closed,Pink,Two Tone,No,No,None,No,None,No
4374,Robingoose #4374,Honk honk,goose_4374.png,Goose,Sky Blue,Yellow,Open,Turquoise,Two Tone,No,No,None,No,None,Yes
4375,Robingoose #4375,Honk honk,goose_4375.png,Goose,Sky Blue,Pink,Closed,Turquoise,Two Tone,No,Yes,Sky Blue,No,None,No
4376,Robingoose #4376,Honk honk,goose_4376.png,Goose,Turquoise,Green,Closed,Coral,Two Tone,No,No,None,Yes,Yellow,No
4377,Robingoose #4377,Honk honk,goose_4377.png,Goose,White,Orange,Open,Lime,Two Tone,No,No,None,Yes,Black,No
4378,Robingoose #4378,Honk honk,goose_4378.png,Goose,Turquoise,Orange,Open,Yellow,Two Tone,No,Yes,Turquoise,No,None,No
4379,Robingoose #4379,Honk honk,goose_4379.png,Goose,Black,Yellow,Open,Orange,Two Tone,Yes,Yes,Green,No,None,No
4380,Robingoose #4380,Honk honk,goose_4380.png,Goose,Sky Blue,Orange,Open,Pink,Two Tone,Yes,No,None,No,None,No
4381,Robingoose #4381,Honk honk,goose_4381.png,Goose,White,Orange,Open,Black,Solid,Yes,Yes,Pink,No,None,No
4382,Robingoose #4382,Honk honk,goose_4382.png,Goose,White,Orange,Closed,Blue,Two Tone,No,No,None,Yes,Black,No
4383,Robingoose #4383,Honk honk,goose_4383.png,Goose,Yellow,Orange,Open,Black,Solid,No,Yes,Salmon,No,None,No
4384,Robingoose #4384,Honk honk,goose_4384.png,Goose,Coral,Yellow,Open,Black,Solid,Yes,Yes,Orange,No,None,No
4385,Robingoose #4385,Honk honk,goose_4385.png,Goose,Yellow,Turquoise,Closed,Red,Two Tone,No,Yes,Yellow,No,None,Yes
4386,Robingoose #4386,Honk honk,goose_4386.png,Goose,Orange,Yellow,Closed,Coral,Two Tone,No,No,None,No,None,No
4387,Robingoose #4387,Honk honk,goose_4387.png,Goose,Salmon,Orange,Open,Green,Two Tone,No,No,None,No,None,No
4388,Robingoose #4388,Honk honk,goose_4388.png,Goose,Red,Salmon,Open,Purple,Two Tone,Yes,Yes,Red,No,None,No
4389,Robingoose #4389,Honk honk,goose_4389.png,Goose,Orange,Blue,Closed,Salmon,Two Tone,No,No,None,No,None,No
4390,Robingoose #4390,Honk honk,goose_4390.png,Goose,Turquoise,Yellow,Open,Pink,Two Tone,No,No,None,Yes,Black,No
4391,Robingoose #4391,Honk honk,goose_4391.png,Goose,Pink,Salmon,Open,Black,Solid,No,Yes,Red,No,None,No
4392,Robingoose #4392,Honk honk,goose_4392.png,Goose,Pink,Yellow,Open,Black,Solid,No,Yes,Salmon,No,None,No
4393,Robingoose #4393,Honk honk,goose_4393.png,Goose,Salmon,White,Open,Black,Solid,Yes,Yes,Salmon,No,None,No
4394,Robingoose #4394,Honk honk,goose_4394.png,Goose,Orange,Blue,Open,Black,Solid,Yes,Yes,Orange,No,None,No
4395,Robingoose #4395,Honk honk,goose_4395.png,Goose,Sky Blue,Yellow,Open,Green,Two Tone,No,Yes,Sky Blue,No,None,Yes
4396,Robingoose #4396,Honk honk,goose_4396.png,Goose,White,Orange,Closed,Lime,Two Tone,No,No,None,No,None,Yes
4397,Robingoose #4397,Honk honk,goose_4397.png,Goose,Pink,Orange,Closed,Black,Solid,No,Yes,Purple,No,None,No
4398,Robingoose #4398,Honk honk,goose_4398.png,Goose,Green,Black,Closed,White,Solid,No,No,None,No,None,No
4399,Robingoose #4399,Honk honk,goose_4399.png,Goose,White,Orange,Open,Purple,Two Tone,No,No,None,Yes,Black,No
4400,Robingoose #4400,Honk honk,goose_4400.png,Goose,Black,Sky Blue,Closed,White,Solid,No,No,None,No,None,No
4401,Robingoose #4401,Honk honk,goose_4401.png,Goose,Orange,Red,Open,Black,Solid,Yes,Yes,Orange,No,None,No
4402,Robingoose #4402,Honk honk,goose_4402.png,Goose,Pink,Black,Open,White,Solid,Yes,Yes,Pink,No,None,No
4403,Robingoose #4403,Honk honk,goose_4403.png,Goose,Turquoise,Orange,Open,Black,Solid,No,Yes,Pink,No,None,No
4404,Robingoose #4404,Honk honk,goose_4404.png,Goose,Orange,Yellow,Closed,Salmon,Two Tone,No,Yes,Red,No,None,No
4405,Robingoose #4405,Honk honk,goose_4405.png,Goose,Lime,White,Closed,Black,Solid,No,Yes,Lime,No,None,No
4406,Robingoose #4406,Honk honk,goose_4406.png,Goose,White,Yellow,Open,Black,Solid,Yes,Yes,Lime,No,None,No
4407,Robingoose #4407,Honk honk,goose_4407.png,Goose,Pink,White,Closed,Turquoise,Two Tone,No,Yes,Pink,No,None,No
4408,Robingoose #4408,Honk honk,goose_4408.png,Goose,Coral,Yellow,Closed,Pink,Two Tone,No,No,None,No,None,Yes
4409,Robingoose #4409,Honk honk,goose_4409.png,Goose,Sky Blue,Orange,Open,Black,Solid,No,Yes,Sky Blue,No,None,No
4410,Robingoose #4410,Honk honk,goose_4410.png,Goose,Yellow,Red,Open,Black,Solid,Yes,No,None,No,None,No
4411,Robingoose #4411,Honk honk,goose_4411.png,Goose,Sky Blue,Lime,Open,Green,Two Tone,No,Yes,Sky Blue,No,None,No
4412,Robingoose #4412,Honk honk,goose_4412.png,Goose,Yellow,Green,Open,Black,Solid,Yes,Yes,Yellow,No,None,No
4413,Robingoose #4413,Honk honk,goose_4413.png,Goose,Salmon,Black,Open,Green,Two Tone,No,Yes,Salmon,No,None,No
4414,Robingoose #4414,Honk honk,goose_4414.png,Goose,Coral,Yellow,Closed,White,Two Tone,No,No,None,No,None,No
4415,Robingoose #4415,Honk honk,goose_4415.png,Goose,White,Blue,Closed,Coral,Two Tone,No,Yes,White,No,None,Yes
4416,Robingoose #4416,Honk honk,goose_4416.png,Goose,Green,Orange,Closed,Turquoise,Two Tone,No,No,None,Yes,Yellow,No
4417,Robingoose #4417,Honk honk,goose_4417.png,Goose,Orange,Sky Blue,Open,Black,Solid,Yes,No,None,No,None,No
4418,Robingoose #4418,Honk honk,goose_4418.png,Goose,Pink,Sky Blue,Open,Coral,Two Tone,No,Yes,Pink,No,None,Yes
4419,Robingoose #4419,Honk honk,goose_4419.png,Goose,Lime,Coral,Closed,Turquoise,Two Tone,No,No,None,No,None,No
4420,Robingoose #4420,Honk honk,goose_4420.png,Goose,Orange,Coral,Open,Sky Blue,Two Tone,No,No,None,No,None,Yes
4421,Robingoose #4421,Honk honk,goose_4421.png,Goose,Sky Blue,Orange,Open,Black,Solid,No,Yes,Black,No,None,No
4422,Robingoose #4422,Honk honk,goose_4422.png,Goose,Coral,Orange,Closed,Green,Two Tone,No,Yes,Pink,No,None,No
4423,Robingoose #4423,Honk honk,goose_4423.png,Goose,Coral,Orange,Closed,Salmon,Two Tone,No,Yes,Coral,No,None,No
4424,Robingoose #4424,Honk honk,goose_4424.png,Goose,Orange,Yellow,Open,Salmon,Two Tone,Yes,No,None,No,None,No
4425,Robingoose #4425,Honk honk,goose_4425.png,Goose,Red,Blue,Open,Black,Solid,No,Yes,Red,No,None,No
4426,Robingoose #4426,Honk honk,goose_4426.png,Goose,Turquoise,Salmon,Closed,Black,Solid,No,No,None,No,None,No
4427,Robingoose #4427,Honk honk,goose_4427.png,Goose,Orange,White,Open,Pink,Two Tone,No,No,None,Yes,Yellow,No
4428,Robingoose #4428,Honk honk,goose_4428.png,Goose,Lime,Black,Open,Coral,Solid,Yes,No,None,No,None,No
4429,Robingoose #4429,Honk honk,goose_4429.png,Goose,Sky Blue,Red,Closed,Coral,Two Tone,No,Yes,Red,No,None,No
4430,Robingoose #4430,Honk honk,goose_4430.png,Goose,Blue,Yellow,Open,Purple,Two Tone,Yes,No,None,Yes,Yellow,No
4431,Robingoose #4431,Honk honk,goose_4431.png,Goose,Turquoise,Pink,Open,Black,Solid,No,No,None,No,None,No
4432,Robingoose #4432,Honk honk,goose_4432.png,Goose,White,Yellow,Closed,Green,Two Tone,No,Yes,White,No,None,Yes
4433,Robingoose #4433,Honk honk,goose_4433.png,Goose,Salmon,Orange,Open,Coral,Two Tone,Yes,Yes,White,No,None,No
4434,Robingoose #4434,Honk honk,goose_4434.png,Goose,White,Orange,Closed,Green,Two Tone,No,Yes,Orange,No,None,No
4435,Robingoose #4435,Honk honk,goose_4435.png,Goose,White,Blue,Open,Salmon,Two Tone,No,No,None,Yes,Yellow,No
4436,Robingoose #4436,Honk honk,goose_4436.png,Goose,Coral,Orange,Open,Black,Solid,No,Yes,Coral,No,None,No
4437,Robingoose #4437,Honk honk,goose_4437.png,Goose,Purple,Turquoise,Open,Salmon,Two Tone,No,Yes,Yellow,No,None,No
4438,Robingoose #4438,Honk honk,goose_4438.png,Goose,Purple,Yellow,Open,Turquoise,Two Tone,No,Yes,Purple,No,None,No
4439,Robingoose #4439,Honk honk,goose_4439.png,Goose,Yellow,Turquoise,Open,Black,Solid,Yes,Yes,Yellow,No,None,No
4440,Robingoose #4440,Honk honk,goose_4440.png,Goose,Black,Pink,Open,Red,Solid,Yes,No,None,No,None,No
4441,Robingoose #4441,Honk honk,goose_4441.png,Goose,Yellow,Red,Open,Black,Solid,No,Yes,Lime,No,None,No
4442,Robingoose #4442,Honk honk,goose_4442.png,Goose,White,Purple,Open,Salmon,Two Tone,No,Yes,White,No,None,No
4443,Robingoose #4443,Honk honk,goose_4443.png,Goose,Red,Sky Blue,Open,Purple,Two Tone,No,No,None,No,None,No
4444,Robingoose #4444,Honk honk,goose_4444.png,Goose,Orange,Yellow,Closed,Purple,Two Tone,No,Yes,Orange,No,None,Yes
4445,Robingoose #4445,Honk honk,goose_4445.png,Goose,Green,Yellow,Open,Blue,Two Tone,Yes,Yes,Green,No,None,Yes
4446,Robingoose #4446,Honk honk,goose_4446.png,Goose,Green,Black,Closed,Sky Blue,Solid,No,Yes,Green,No,None,No
4447,Robingoose #4447,Honk honk,goose_4447.png,Goose,Purple,Green,Open,Salmon,Two Tone,Yes,Yes,Lime,No,None,Yes
4448,Robingoose #4448,Honk honk,goose_4448.png,Goose,Purple,Green,Open,Black,Solid,Yes,No,None,No,None,No
4449,Robingoose #4449,Honk honk,goose_4449.png,Goose,Green,Blue,Closed,Lime,Two Tone,No,No,None,Yes,Black,No
4450,Robingoose #4450,Honk honk,goose_4450.png,Goose,White,Yellow,Closed,Turquoise,Two Tone,No,No,None,Yes,Yellow,No
4451,Robingoose #4451,Honk honk,goose_4451.png,Goose,Black,Yellow,Closed,Sky Blue,Two Tone,No,No,None,No,None,Yes
4452,Robingoose #4452,Honk honk,goose_4452.png,Goose,White,Sky Blue,Closed,Salmon,Two Tone,No,No,None,No,None,Yes
4453,Robingoose #4453,Honk honk,goose_4453.png,Goose,Purple,Green,Open,Black,Solid,Yes,Yes,Purple,No,None,No
4454,Robingoose #4454,Honk honk,goose_4454.png,Goose,White,Yellow,Closed,Green,Two Tone,No,Yes,White,No,None,No
4455,Robingoose #4455,Honk honk,goose_4455.png,Goose,Purple,Pink,Closed,Orange,Two Tone,No,No,None,No,None,No
4456,Robingoose #4456,Honk honk,goose_4456.png,Goose,Coral,Orange,Open,Sky Blue,Two Tone,Yes,Yes,Coral,No,None,No
4457,Robingoose #4457,Honk honk,goose_4457.png,Goose,Turquoise,Orange,Closed,Salmon,Two Tone,No,No,None,Yes,Yellow,No
4458,Robingoose #4458,Honk honk,goose_4458.png,Goose,Orange,Yellow,Closed,Green,Two Tone,No,Yes,Orange,No,None,No
4459,Robingoose #4459,Honk honk,goose_4459.png,Goose,White,Orange,Open,Purple,Two Tone,Yes,Yes,White,No,None,No
4460,Robingoose #4460,Honk honk,goose_4460.png,Goose,Turquoise,Salmon,Closed,Purple,Two Tone,No,No,None,Yes,Black,No
4461,Robingoose #4461,Honk honk,goose_4461.png,Goose,Green,Red,Closed,Pink,Two Tone,No,Yes,Green,No,None,No
4462,Robingoose #4462,Honk honk,goose_4462.png,Goose,Black,Yellow,Open,Red,Solid,Yes,Yes,White,No,None,No
4463,Robingoose #4463,Honk honk,goose_4463.png,Goose,Sky Blue,Blue,Open,Green,Two Tone,No,No,None,Yes,Yellow,No
4464,Robingoose #4464,Honk honk,goose_4464.png,Goose,Yellow,Orange,Closed,Turquoise,Two Tone,No,No,None,No,None,No
4465,Robingoose #4465,Honk honk,goose_4465.png,Goose,Coral,Turquoise,Open,Black,Solid,Yes,No,None,No,None,No
4466,Robingoose #4466,Honk honk,goose_4466.png,Goose,White,Lime,Closed,Green,Two Tone,No,No,None,No,None,No
4467,Robingoose #4467,Honk honk,goose_4467.png,Goose,Green,Yellow,Closed,Red,Two Tone,No,No,None,Yes,Black,No
4468,Robingoose #4468,Honk honk,goose_4468.png,Goose,Red,Turquoise,Open,Black,Solid,No,No,None,No,None,No
4469,Robingoose #4469,Honk honk,goose_4469.png,Goose,Green,Coral,Open,Black,Solid,No,No,None,No,None,No
4470,Robingoose #4470,Honk honk,goose_4470.png,Goose,Black,Lime,Closed,Red,Solid,No,Yes,Black,No,None,No
4471,Robingoose #4471,Honk honk,goose_4471.png,Goose,Lime,Coral,Open,Blue,Two Tone,Yes,Yes,Orange,No,None,No
4472,Robingoose #4472,Honk honk,goose_4472.png,Goose,Pink,Black,Open,Sky Blue,Solid,No,No,None,No,None,No
4473,Robingoose #4473,Honk honk,goose_4473.png,Goose,Turquoise,White,Open,Red,Two Tone,Yes,No,None,No,None,No
4474,Robingoose #4474,Honk honk,goose_4474.png,Goose,Black,Lime,Open,White,Solid,Yes,Yes,Black,No,None,No
4475,Robingoose #4475,Honk honk,goose_4475.png,Goose,White,Black,Open,Salmon,Two Tone,Yes,Yes,Purple,No,None,No
4476,Robingoose #4476,Honk honk,goose_4476.png,Goose,Purple,Orange,Open,Black,Solid,Yes,Yes,Coral,No,None,No
4477,Robingoose #4477,Honk honk,goose_4477.png,Goose,Red,Orange,Closed,Black,Solid,No,Yes,Black,No,None,No
4478,Robingoose #4478,Honk honk,goose_4478.png,Goose,Salmon,Black,Closed,Lime,Two Tone,No,Yes,Salmon,No,None,No
4479,Robingoose #4479,Honk honk,goose_4479.png,Goose,White,Orange,Open,Coral,Two Tone,No,No,None,Yes,Black,No
4480,Robingoose #4480,Honk honk,goose_4480.png,Goose,Sky Blue,Yellow,Closed,Turquoise,Two Tone,No,No,None,No,None,Yes
4481,Robingoose #4481,Honk honk,goose_4481.png,Goose,Blue,Sky Blue,Open,Red,Two Tone,No,No,None,No,None,Yes
4482,Robingoose #4482,Honk honk,goose_4482.png,Goose,Lime,Purple,Open,Pink,Two Tone,Yes,No,None,No,None,No
4483,Robingoose #4483,Honk honk,goose_4483.png,Goose,Red,Salmon,Open,Black,Solid,Yes,Yes,Green,No,None,No
4484,Robingoose #4484,Honk honk,goose_4484.png,Goose,Sky Blue,Salmon,Open,Yellow,Two Tone,No,Yes,Coral,No,None,No
4485,Robingoose #4485,Honk honk,goose_4485.png,Goose,Purple,Orange,Closed,Sky Blue,Two Tone,No,No,None,No,None,No
4486,Robingoose #4486,Honk honk,goose_4486.png,Goose,Coral,Orange,Open,Blue,Two Tone,Yes,No,None,No,None,No
4487,Robingoose #4487,Honk honk,goose_4487.png,Goose,Red,Salmon,Open,Black,Solid,Yes,Yes,Red,No,None,No
4488,Robingoose #4488,Honk honk,goose_4488.png,Goose,Lime,Red,Open,Blue,Two Tone,Yes,No,None,No,None,No
4489,Robingoose #4489,Honk honk,goose_4489.png,Goose,Coral,Yellow,Closed,White,Two Tone,No,Yes,Coral,No,None,No
4490,Robingoose #4490,Honk honk,goose_4490.png,Goose,Lime,Salmon,Open,Red,Two Tone,No,No,None,No,None,Yes
4491,Robingoose #4491,Honk honk,goose_4491.png,Goose,Turquoise,Yellow,Closed,White,Two Tone,No,No,None,No,None,Yes
4492,Robingoose #4492,Honk honk,goose_4492.png,Goose,Purple,Yellow,Open,Black,Solid,No,Yes,Blue,No,None,No
4493,Robingoose #4493,Honk honk,goose_4493.png,Goose,Blue,Yellow,Open,Salmon,Two Tone,Yes,Yes,Blue,No,None,Yes
4494,Robingoose #4494,Honk honk,goose_4494.png,Goose,Black,Orange,Closed,Blue,Two Tone,No,Yes,Black,No,None,Yes
4495,Robingoose #4495,Honk honk,goose_4495.png,Goose,White,Yellow,Closed,Green,Two Tone,No,No,None,No,None,Yes
4496,Robingoose #4496,Honk honk,goose_4496.png,Goose,Yellow,Salmon,Closed,Pink,Two Tone,No,No,None,No,None,Yes
4497,Robingoose #4497,Honk honk,goose_4497.png,Goose,Green,Yellow,Open,Black,Solid,Yes,Yes,Orange,No,None,No
4498,Robingoose #4498,Honk honk,goose_4498.png,Goose,Red,Sky Blue,Closed,Black,Solid,No,Yes,Purple,No,None,No
4499,Robingoose #4499,Honk honk,goose_4499.png,Goose,Salmon,Yellow,Open,Turquoise,Two Tone,Yes,No,None,Yes,Black,No
4500,Robingoose #4500,Honk honk,goose_4500.png,Goose,Red,Green,Open,Black,Solid,No,Yes,Red,No,None,No
4501,Robingoose #4501,Honk honk,goose_4501.png,Goose,Orange,Lime,Open,Black,Solid,Yes,No,None,No,None,No
4502,Robingoose #4502,Honk honk,goose_4502.png,Goose,Pink,Coral,Open,Yellow,Two Tone,Yes,Yes,Pink,No,None,No
4503,Robingoose #4503,Honk honk,goose_4503.png,Goose,Blue,Orange,Closed,Pink,Two Tone,No,No,None,No,None,No
4504,Robingoose #4504,Honk honk,goose_4504.png,Goose,Black,Orange,Open,Lime,Two Tone,Yes,No,None,No,None,No
4505,Robingoose #4505,Honk honk,goose_4505.png,Goose,Orange,Black,Open,Purple,Solid,Yes,No,None,No,None,No
4506,Robingoose #4506,Honk honk,goose_4506.png,Goose,Turquoise,Red,Open,Pink,Two Tone,Yes,No,None,Yes,Black,No
4507,Robingoose #4507,Honk honk,goose_4507.png,Goose,Lime,Coral,Open,Turquoise,Two Tone,Yes,No,None,No,None,No
4508,Robingoose #4508,Honk honk,goose_4508.png,Goose,Turquoise,Sky Blue,Open,Black,Solid,Yes,Yes,Turquoise,No,None,No
4509,Robingoose #4509,Honk honk,goose_4509.png,Goose,Yellow,Sky Blue,Open,Black,Solid,Yes,No,None,No,None,No
4510,Robingoose #4510,Honk honk,goose_4510.png,Goose,Green,Turquoise,Closed,Black,Solid,No,Yes,Green,No,None,No
4511,Robingoose #4511,Honk honk,goose_4511.png,Goose,Sky Blue,Blue,Closed,White,Two Tone,No,No,None,No,None,No
4512,Robingoose #4512,Honk honk,goose_4512.png,Goose,Coral,Yellow,Open,Purple,Two Tone,Yes,No,None,No,None,No
4513,Robingoose #4513,Honk honk,goose_4513.png,Goose,Coral,Yellow,Closed,Green,Two Tone,No,No,None,Yes,Black,No
4514,Robingoose #4514,Honk honk,goose_4514.png,Goose,Lime,White,Open,Black,Solid,Yes,No,None,No,None,No
4515,Robingoose #4515,Honk honk,goose_4515.png,Goose,White,Yellow,Open,Pink,Two Tone,Yes,No,None,No,None,Yes
4516,Robingoose #4516,Honk honk,goose_4516.png,Goose,Red,Turquoise,Closed,Coral,Two Tone,No,Yes,Red,No,None,No
4517,Robingoose #4517,Honk honk,goose_4517.png,Goose,Lime,Purple,Open,Red,Two Tone,No,Yes,Lime,No,None,No
4518,Robingoose #4518,Honk honk,goose_4518.png,Goose,Orange,Coral,Closed,Black,Solid,No,Yes,Purple,No,None,No
4519,Robingoose #4519,Honk honk,goose_4519.png,Goose,Pink,Purple,Open,Black,Solid,Yes,No,None,No,None,No
4520,Robingoose #4520,Honk honk,goose_4520.png,Goose,Black,Blue,Open,White,Solid,Yes,No,None,No,None,No
4521,Robingoose #4521,Honk honk,goose_4521.png,Goose,Blue,Orange,Open,Black,Solid,Yes,Yes,Lime,No,None,No
4522,Robingoose #4522,Honk honk,goose_4522.png,Goose,Black,Pink,Open,Turquoise,Two Tone,No,No,None,No,None,No
4523,Robingoose #4523,Honk honk,goose_4523.png,Goose,Black,Turquoise,Open,White,Two Tone,No,Yes,Black,No,None,Yes
4524,Robingoose #4524,Honk honk,goose_4524.png,Goose,Lime,Salmon,Closed,Green,Two Tone,No,No,None,No,None,Yes
4525,Robingoose #4525,Honk honk,goose_4525.png,Goose,Yellow,Pink,Closed,Green,Two Tone,No,Yes,Yellow,No,None,No
4526,Robingoose #4526,Honk honk,goose_4526.png,Goose,Pink,Orange,Closed,White,Two Tone,No,No,None,No,None,Yes
4527,Robingoose #4527,Honk honk,goose_4527.png,Goose,Lime,Black,Open,Green,Solid,No,No,None,No,None,No
4528,Robingoose #4528,Honk honk,goose_4528.png,Goose,Black,Green,Open,White,Solid,No,Yes,Sky Blue,No,None,No
4529,Robingoose #4529,Honk honk,goose_4529.png,Goose,White,Purple,Closed,Lime,Two Tone,No,No,None,No,None,Yes
4530,Robingoose #4530,Honk honk,goose_4530.png,Goose,Pink,Coral,Closed,Black,Solid,No,Yes,Coral,No,None,No
4531,Robingoose #4531,Honk honk,goose_4531.png,Goose,Turquoise,Green,Open,Orange,Two Tone,Yes,No,None,No,None,Yes
4532,Robingoose #4532,Honk honk,goose_4532.png,Goose,Orange,White,Closed,Purple,Two Tone,No,Yes,Orange,No,None,No
4533,Robingoose #4533,Honk honk,goose_4533.png,Goose,Yellow,Orange,Closed,Black,Solid,No,Yes,Black,No,None,No
4534,Robingoose #4534,Honk honk,goose_4534.png,Goose,White,Yellow,Closed,Purple,Two Tone,No,Yes,Yellow,No,None,No
4535,Robingoose #4535,Honk honk,goose_4535.png,Goose,White,Lime,Open,Black,Solid,No,Yes,Green,No,None,No
4536,Robingoose #4536,Honk honk,goose_4536.png,Goose,White,Salmon,Closed,Purple,Two Tone,No,Yes,White,No,None,No
4537,Robingoose #4537,Honk honk,goose_4537.png,Goose,Yellow,Green,Open,Black,Solid,Yes,No,None,No,None,No
4538,Robingoose #4538,Honk honk,goose_4538.png,Goose,Coral,Yellow,Open,Sky Blue,Two Tone,Yes,Yes,Orange,No,None,No
4539,Robingoose #4539,Honk honk,goose_4539.png,Goose,Orange,Green,Open,Black,Solid,No,No,None,No,None,No
4540,Robingoose #4540,Honk honk,goose_4540.png,Goose,Turquoise,Orange,Open,Pink,Two Tone,Yes,Yes,Pink,No,None,No
4541,Robingoose #4541,Honk honk,goose_4541.png,Goose,Blue,Purple,Open,Black,Solid,No,Yes,Blue,No,None,No
4542,Robingoose #4542,Honk honk,goose_4542.png,Goose,Purple,Salmon,Open,Black,Solid,Yes,Yes,Lime,No,None,No
4543,Robingoose #4543,Honk honk,goose_4543.png,Goose,Purple,White,Closed,Green,Two Tone,No,Yes,Purple,No,None,No
4544,Robingoose #4544,Honk honk,goose_4544.png,Goose,Pink,Black,Open,Turquoise,Solid,Yes,Yes,Pink,No,None,No
4545,Robingoose #4545,Honk honk,goose_4545.png,Goose,Yellow,Coral,Open,Pink,Two Tone,Yes,No,None,No,None,Yes
4546,Robingoose #4546,Honk honk,goose_4546.png,Goose,Salmon,Red,Closed,Coral,Two Tone,No,No,None,No,None,No
4547,Robingoose #4547,Honk honk,goose_4547.png,Goose,Turquoise,Salmon,Open,Black,Solid,Yes,No,None,No,None,No
4548,Robingoose #4548,Honk honk,goose_4548.png,Goose,Yellow,Orange,Open,Pink,Two Tone,No,Yes,Yellow,No,None,Yes
4549,Robingoose #4549,Honk honk,goose_4549.png,Goose,Blue,White,Open,Black,Solid,Yes,No,None,No,None,No
4550,Robingoose #4550,Honk honk,goose_4550.png,Goose,Yellow,Orange,Closed,Turquoise,Two Tone,No,No,None,No,None,Yes
4551,Robingoose #4551,Honk honk,goose_4551.png,Goose,Orange,Coral,Open,Black,Solid,Yes,Yes,Orange,No,None,No
4552,Robingoose #4552,Honk honk,goose_4552.png,Goose,Turquoise,Black,Closed,Orange,Solid,No,No,None,No,None,No
4553,Robingoose #4553,Honk honk,goose_4553.png,Goose,Black,Blue,Open,Red,Solid,Yes,No,None,No,None,No
4554,Robingoose #4554,Honk honk,goose_4554.png,Goose,Red,Yellow,Closed,Black,Solid,No,Yes,Orange,No,None,No
4555,Robingoose #4555,Honk honk,goose_4555.png,Goose,Yellow,Coral,Open,Blue,Two Tone,Yes,No,None,No,None,Yes
4556,Robingoose #4556,Honk honk,goose_4556.png,Goose,White,Green,Open,Lime,Two Tone,No,No,None,No,None,No
4557,Robingoose #4557,Honk honk,goose_4557.png,Goose,Green,White,Closed,Salmon,Two Tone,No,No,None,No,None,Yes
4558,Robingoose #4558,Honk honk,goose_4558.png,Goose,Purple,Black,Closed,Sky Blue,Two Tone,No,Yes,Purple,No,None,No
4559,Robingoose #4559,Honk honk,goose_4559.png,Goose,Black,White,Closed,Coral,Two Tone,No,No,None,Yes,Yellow,No
4560,Robingoose #4560,Honk honk,goose_4560.png,Goose,White,Yellow,Open,Turquoise,Two Tone,Yes,No,None,Yes,Yellow,No
4561,Robingoose #4561,Honk honk,goose_4561.png,Goose,Orange,Pink,Closed,Red,Two Tone,No,Yes,Orange,No,None,Yes
4562,Robingoose #4562,Honk honk,goose_4562.png,Goose,White,Purple,Closed,Pink,Two Tone,No,No,None,Yes,Black,No
4563,Robingoose #4563,Honk honk,goose_4563.png,Goose,White,Pink,Open,Orange,Two Tone,No,No,None,No,None,No
4564,Robingoose #4564,Honk honk,goose_4564.png,Goose,Salmon,Black,Open,Orange,Solid,Yes,Yes,Yellow,No,None,No
4565,Robingoose #4565,Honk honk,goose_4565.png,Goose,Orange,Coral,Open,Yellow,Two Tone,No,No,None,Yes,Black,No
4566,Robingoose #4566,Honk honk,goose_4566.png,Goose,Orange,Black,Open,Turquoise,Solid,Yes,Yes,Orange,No,None,No
4567,Robingoose #4567,Honk honk,goose_4567.png,Goose,Black,Turquoise,Open,Green,Two Tone,Yes,Yes,White,No,None,Yes
4568,Robingoose #4568,Honk honk,goose_4568.png,Goose,Coral,Red,Closed,Black,Solid,No,Yes,Yellow,No,None,No
4569,Robingoose #4569,Honk honk,goose_4569.png,Goose,White,Pink,Open,Black,Solid,Yes,Yes,Pink,No,None,No
4570,Robingoose #4570,Honk honk,goose_4570.png,Goose,Orange,Yellow,Open,White,Two Tone,Yes,Yes,Orange,No,None,No
4571,Robingoose #4571,Honk honk,goose_4571.png,Goose,White,Blue,Open,Coral,Two Tone,Yes,Yes,White,No,None,No
4572,Robingoose #4572,Honk honk,goose_4572.png,Goose,Green,Salmon,Open,Black,Solid,No,No,None,No,None,No
4573,Robingoose #4573,Honk honk,goose_4573.png,Goose,Orange,Yellow,Open,Purple,Two Tone,No,Yes,Orange,No,None,No
4574,Robingoose #4574,Honk honk,goose_4574.png,Goose,Purple,Sky Blue,Closed,Yellow,Two Tone,No,Yes,Purple,No,None,Yes
4575,Robingoose #4575,Honk honk,goose_4575.png,Goose,Lime,Orange,Open,Black,Solid,No,Yes,Yellow,No,None,No
4576,Robingoose #4576,Honk honk,goose_4576.png,Goose,White,Sky Blue,Open,Green,Two Tone,Yes,No,None,Yes,Yellow,No
4577,Robingoose #4577,Honk honk,goose_4577.png,Goose,White,Yellow,Open,Red,Two Tone,No,No,None,No,None,Yes
4578,Robingoose #4578,Honk honk,goose_4578.png,Goose,White,Yellow,Closed,Orange,Two Tone,No,No,None,No,None,Yes
4579,Robingoose #4579,Honk honk,goose_4579.png,Goose,Turquoise,Red,Closed,Blue,Two Tone,No,No,None,No,None,Yes
4580,Robingoose #4580,Honk honk,goose_4580.png,Goose,Yellow,Salmon,Open,Blue,Two Tone,Yes,Yes,Yellow,No,None,Yes
4581,Robingoose #4581,Honk honk,goose_4581.png,Goose,Salmon,Yellow,Closed,Green,Two Tone,No,No,None,No,None,Yes
4582,Robingoose #4582,Honk honk,goose_4582.png,Goose,Blue,Orange,Closed,Salmon,Two Tone,No,No,None,Yes,Yellow,No
4583,Robingoose #4583,Honk honk,goose_4583.png,Goose,Blue,Orange,Closed,Salmon,Two Tone,No,No,None,Yes,Black,No
4584,Robingoose #4584,Honk honk,goose_4584.png,Goose,Salmon,Yellow,Open,Green,Two Tone,Yes,Yes,Salmon,No,None,No
4585,Robingoose #4585,Honk honk,goose_4585.png,Goose,White,Yellow,Open,Blue,Two Tone,No,No,None,No,None,No
4586,Robingoose #4586,Honk honk,goose_4586.png,Goose,Yellow,Turquoise,Open,Sky Blue,Two Tone,No,Yes,Yellow,No,None,No
4587,Robingoose #4587,Honk honk,goose_4587.png,Goose,White,Orange,Closed,Yellow,Two Tone,No,No,None,Yes,Yellow,No
4588,Robingoose #4588,Honk honk,goose_4588.png,Goose,Salmon,Orange,Closed,Blue,Two Tone,No,Yes,Salmon,No,None,Yes
4589,Robingoose #4589,Honk honk,goose_4589.png,Goose,Red,Yellow,Open,Coral,Two Tone,Yes,No,None,No,None,No
4590,Robingoose #4590,Honk honk,goose_4590.png,Goose,Pink,Salmon,Open,Black,Solid,No,No,None,No,None,No
4591,Robingoose #4591,Honk honk,goose_4591.png,Goose,Orange,Yellow,Open,Sky Blue,Two Tone,No,No,None,No,None,No
4592,Robingoose #4592,Honk honk,goose_4592.png,Goose,White,Yellow,Closed,Salmon,Two Tone,No,Yes,White,No,None,Yes
4593,Robingoose #4593,Honk honk,goose_4593.png,Goose,Black,Lime,Open,Green,Two Tone,No,Yes,Purple,No,None,No
4594,Robingoose #4594,Honk honk,goose_4594.png,Goose,Orange,Black,Open,Turquoise,Two Tone,No,No,None,No,None,No
4595,Robingoose #4595,Honk honk,goose_4595.png,Goose,White,Salmon,Closed,Yellow,Two Tone,No,No,None,No,None,Yes
4596,Robingoose #4596,Honk honk,goose_4596.png,Goose,Yellow,Orange,Open,Salmon,Two Tone,No,No,None,No,None,No
4597,Robingoose #4597,Honk honk,goose_4597.png,Goose,Coral,White,Open,Black,Solid,No,Yes,Salmon,No,None,No
4598,Robingoose #4598,Honk honk,goose_4598.png,Goose,Sky Blue,Orange,Closed,White,Two Tone,No,No,None,Yes,Black,No
4599,Robingoose #4599,Honk honk,goose_4599.png,Goose,White,Yellow,Open,Sky Blue,Two Tone,Yes,No,None,No,None,No
4600,Robingoose #4600,Honk honk,goose_4600.png,Goose,Yellow,Orange,Open,Salmon,Two Tone,Yes,Yes,Yellow,No,None,Yes
4601,Robingoose #4601,Honk honk,goose_4601.png,Goose,Coral,Pink,Open,Yellow,Two Tone,Yes,Yes,Purple,No,None,No
4602,Robingoose #4602,Honk honk,goose_4602.png,Goose,White,Orange,Open,Sky Blue,Two Tone,Yes,No,None,Yes,Black,No
4603,Robingoose #4603,Honk honk,goose_4603.png,Goose,White,Turquoise,Closed,Coral,Two Tone,No,No,None,No,None,No
4604,Robingoose #4604,Honk honk,goose_4604.png,Goose,Green,Yellow,Closed,Coral,Two Tone,No,No,None,Yes,Black,No
4605,Robingoose #4605,Honk honk,goose_4605.png,Goose,Coral,Yellow,Open,Salmon,Two Tone,No,No,None,No,None,No
4606,Robingoose #4606,Honk honk,goose_4606.png,Goose,Yellow,Green,Closed,Black,Solid,No,No,None,No,None,No
4607,Robingoose #4607,Honk honk,goose_4607.png,Goose,Yellow,Pink,Closed,Coral,Two Tone,No,No,None,No,None,No
4608,Robingoose #4608,Honk honk,goose_4608.png,Goose,Yellow,Black,Open,Salmon,Solid,Yes,Yes,Yellow,No,None,No
4609,Robingoose #4609,Honk honk,goose_4609.png,Goose,Lime,Black,Closed,White,Two Tone,No,Yes,Red,No,None,No
4610,Robingoose #4610,Honk honk,goose_4610.png,Goose,White,Pink,Open,Red,Two Tone,No,Yes,White,No,None,No
4611,Robingoose #4611,Honk honk,goose_4611.png,Goose,Lime,Orange,Open,White,Two Tone,No,No,None,No,None,No
4612,Robingoose #4612,Honk honk,goose_4612.png,Goose,White,Lime,Open,Purple,Two Tone,Yes,No,None,No,None,No
4613,Robingoose #4613,Honk honk,goose_4613.png,Goose,Salmon,Orange,Closed,Coral,Two Tone,No,No,None,No,None,No
4614,Robingoose #4614,Honk honk,goose_4614.png,Goose,Black,Orange,Open,Blue,Two Tone,Yes,Yes,Black,No,None,Yes
4615,Robingoose #4615,Honk honk,goose_4615.png,Goose,Pink,Yellow,Closed,Red,Two Tone,No,No,None,Yes,Yellow,No
4616,Robingoose #4616,Honk honk,goose_4616.png,Goose,White,Red,Open,Black,Solid,No,Yes,Turquoise,No,None,No
4617,Robingoose #4617,Honk honk,goose_4617.png,Goose,Salmon,Coral,Open,Black,Solid,No,No,None,No,None,No
4618,Robingoose #4618,Honk honk,goose_4618.png,Goose,Yellow,Turquoise,Open,Black,Solid,No,Yes,Yellow,No,None,No
4619,Robingoose #4619,Honk honk,goose_4619.png,Goose,Red,Sky Blue,Open,Green,Two Tone,No,Yes,Red,No,None,No
4620,Robingoose #4620,Honk honk,goose_4620.png,Goose,Red,Blue,Open,Black,Solid,No,Yes,Red,No,None,No
4621,Robingoose #4621,Honk honk,goose_4621.png,Goose,Coral,Turquoise,Closed,Black,Solid,No,No,None,No,None,No
4622,Robingoose #4622,Honk honk,goose_4622.png,Goose,Black,Purple,Open,White,Solid,No,No,None,No,None,No
4623,Robingoose #4623,Honk honk,goose_4623.png,Goose,Blue,Green,Closed,Black,Solid,No,Yes,Salmon,No,None,No
4624,Robingoose #4624,Honk honk,goose_4624.png,Goose,Sky Blue,Orange,Open,Red,Two Tone,Yes,No,None,No,None,Yes
4625,Robingoose #4625,Honk honk,goose_4625.png,Goose,Red,Turquoise,Closed,Black,Solid,No,Yes,Red,No,None,No
4626,Robingoose #4626,Honk honk,goose_4626.png,Goose,Purple,White,Closed,Pink,Two Tone,No,No,None,Yes,Yellow,No
4627,Robingoose #4627,Honk honk,goose_4627.png,Goose,White,Red,Open,Orange,Two Tone,Yes,Yes,White,No,None,Yes
4628,Robingoose #4628,Honk honk,goose_4628.png,Goose,Yellow,Sky Blue,Closed,Black,Solid,No,Yes,Coral,No,None,No
4629,Robingoose #4629,Honk honk,goose_4629.png,Goose,Orange,Yellow,Open,Turquoise,Two Tone,Yes,No,None,No,None,No
4630,Robingoose #4630,Honk honk,goose_4630.png,Goose,Green,Orange,Closed,Turquoise,Two Tone,No,Yes,Green,No,None,Yes
4631,Robingoose #4631,Honk honk,goose_4631.png,Goose,Red,Orange,Open,Yellow,Two Tone,Yes,No,None,No,None,Yes
4632,Robingoose #4632,Honk honk,goose_4632.png,Goose,Sky Blue,Orange,Open,Purple,Two Tone,Yes,Yes,Turquoise,No,None,Yes
4633,Robingoose #4633,Honk honk,goose_4633.png,Goose,Black,Orange,Open,Pink,Two Tone,No,Yes,Black,No,None,No
4634,Robingoose #4634,Honk honk,goose_4634.png,Goose,Orange,Pink,Closed,Coral,Two Tone,No,No,None,No,None,No
4635,Robingoose #4635,Honk honk,goose_4635.png,Goose,Pink,Orange,Open,White,Two Tone,Yes,No,None,Yes,Yellow,No
4636,Robingoose #4636,Honk honk,goose_4636.png,Goose,Salmon,Orange,Open,Sky Blue,Two Tone,No,No,None,No,None,No
4637,Robingoose #4637,Honk honk,goose_4637.png,Goose,Coral,Orange,Closed,Blue,Two Tone,No,Yes,Red,No,None,Yes
4638,Robingoose #4638,Honk honk,goose_4638.png,Goose,Purple,Yellow,Open,Green,Two Tone,Yes,No,None,No,None,Yes
4639,Robingoose #4639,Honk honk,goose_4639.png,Goose,Salmon,Sky Blue,Open,Coral,Two Tone,Yes,No,None,Yes,Black,No
4640,Robingoose #4640,Honk honk,goose_4640.png,Goose,Salmon,Orange,Closed,Sky Blue,Two Tone,No,No,None,No,None,Yes
4641,Robingoose #4641,Honk honk,goose_4641.png,Goose,Sky Blue,Black,Closed,Green,Solid,No,Yes,Sky Blue,No,None,No
4642,Robingoose #4642,Honk honk,goose_4642.png,Goose,Pink,White,Open,Orange,Two Tone,Yes,No,None,Yes,Black,No
4643,Robingoose #4643,Honk honk,goose_4643.png,Goose,Pink,Green,Closed,Black,Solid,No,Yes,Yellow,No,None,No
4644,Robingoose #4644,Honk honk,goose_4644.png,Goose,Salmon,Yellow,Closed,White,Two Tone,No,No,None,Yes,Yellow,No
4645,Robingoose #4645,Honk honk,goose_4645.png,Goose,White,Salmon,Closed,Red,Two Tone,No,Yes,Blue,No,None,No
4646,Robingoose #4646,Honk honk,goose_4646.png,Goose,White,Orange,Open,Blue,Two Tone,No,No,None,No,None,No
4647,Robingoose #4647,Honk honk,goose_4647.png,Goose,Turquoise,Blue,Open,Black,Solid,Yes,Yes,Turquoise,No,None,No
4648,Robingoose #4648,Honk honk,goose_4648.png,Goose,Orange,Green,Open,Black,Solid,Yes,No,None,No,None,No
4649,Robingoose #4649,Honk honk,goose_4649.png,Goose,Purple,Lime,Open,Black,Solid,Yes,No,None,No,None,No
4650,Robingoose #4650,Honk honk,goose_4650.png,Goose,Black,Green,Open,Coral,Two Tone,Yes,Yes,Black,No,None,No
4651,Robingoose #4651,Honk honk,goose_4651.png,Goose,White,Purple,Open,Coral,Two Tone,No,Yes,White,No,None,Yes
4652,Robingoose #4652,Honk honk,goose_4652.png,Goose,White,Blue,Closed,Purple,Two Tone,No,No,None,Yes,Yellow,No
4653,Robingoose #4653,Honk honk,goose_4653.png,Goose,Orange,Black,Open,Green,Two Tone,No,Yes,Orange,No,None,Yes
4654,Robingoose #4654,Honk honk,goose_4654.png,Goose,Blue,Black,Open,Purple,Two Tone,No,Yes,Blue,No,None,No
4655,Robingoose #4655,Honk honk,goose_4655.png,Goose,Lime,Pink,Open,Black,Solid,Yes,No,None,No,None,No
4656,Robingoose #4656,Honk honk,goose_4656.png,Goose,Turquoise,Orange,Open,Black,Solid,No,Yes,Yellow,No,None,No
4657,Robingoose #4657,Honk honk,goose_4657.png,Goose,Coral,Orange,Open,Sky Blue,Two Tone,Yes,No,None,No,None,No
4658,Robingoose #4658,Honk honk,goose_4658.png,Goose,White,Black,Open,Green,Solid,No,No,None,No,None,No
4659,Robingoose #4659,Honk honk,goose_4659.png,Goose,Lime,Pink,Open,Sky Blue,Two Tone,No,Yes,Lime,No,None,No
4660,Robingoose #4660,Honk honk,goose_4660.png,Goose,Blue,Black,Open,White,Two Tone,No,No,None,Yes,Black,No
4661,Robingoose #4661,Honk honk,goose_4661.png,Goose,Purple,Red,Open,Black,Solid,Yes,Yes,Purple,No,None,No
4662,Robingoose #4662,Honk honk,goose_4662.png,Goose,White,Turquoise,Open,Black,Solid,No,No,None,No,None,No
4663,Robingoose #4663,Honk honk,goose_4663.png,Goose,White,Yellow,Open,Black,Solid,No,Yes,Orange,No,None,No
4664,Robingoose #4664,Honk honk,goose_4664.png,Goose,Black,Coral,Open,Red,Solid,No,No,None,No,None,No
4665,Robingoose #4665,Honk honk,goose_4665.png,Goose,Yellow,Black,Closed,Orange,Solid,No,Yes,Yellow,No,None,No
4666,Robingoose #4666,Honk honk,goose_4666.png,Goose,Red,Yellow,Open,Sky Blue,Two Tone,No,Yes,Red,No,None,No
4667,Robingoose #4667,Honk honk,goose_4667.png,Goose,White,Yellow,Open,Pink,Two Tone,Yes,No,None,Yes,Black,No
4668,Robingoose #4668,Honk honk,goose_4668.png,Goose,Yellow,Green,Open,Turquoise,Two Tone,No,No,None,No,None,No
4669,Robingoose #4669,Honk honk,goose_4669.png,Goose,Pink,Lime,Open,Black,Solid,No,No,None,No,None,No
4670,Robingoose #4670,Honk honk,goose_4670.png,Goose,White,Blue,Open,Purple,Two Tone,No,Yes,White,No,None,No
4671,Robingoose #4671,Honk honk,goose_4671.png,Goose,Turquoise,Yellow,Open,Orange,Two Tone,Yes,Yes,Turquoise,No,None,No
4672,Robingoose #4672,Honk honk,goose_4672.png,Goose,Black,Sky Blue,Open,Red,Solid,Yes,No,None,No,None,No
4673,Robingoose #4673,Honk honk,goose_4673.png,Goose,Salmon,White,Open,Blue,Two Tone,No,Yes,Salmon,No,None,No
4674,Robingoose #4674,Honk honk,goose_4674.png,Goose,White,Coral,Open,Orange,Two Tone,No,Yes,Blue,No,None,No
4675,Robingoose #4675,Honk honk,goose_4675.png,Goose,Sky Blue,Yellow,Open,Black,Solid,Yes,Yes,Green,No,None,No
4676,Robingoose #4676,Honk honk,goose_4676.png,Goose,Sky Blue,Orange,Closed,Pink,Two Tone,No,No,None,Yes,Black,No
4677,Robingoose #4677,Honk honk,goose_4677.png,Goose,Red,Orange,Open,Black,Solid,Yes,Yes,Salmon,No,None,No
4678,Robingoose #4678,Honk honk,goose_4678.png,Goose,Green,Yellow,Closed,Blue,Two Tone,No,No,None,No,None,Yes
4679,Robingoose #4679,Honk honk,goose_4679.png,Goose,Red,Orange,Closed,Yellow,Two Tone,No,Yes,Red,No,None,Yes
4680,Robingoose #4680,Honk honk,goose_4680.png,Goose,Sky Blue,Black,Closed,Turquoise,Two Tone,No,No,None,No,None,No
4681,Robingoose #4681,Honk honk,goose_4681.png,Goose,Salmon,Yellow,Closed,Orange,Two Tone,No,No,None,Yes,Yellow,No
4682,Robingoose #4682,Honk honk,goose_4682.png,Goose,Green,Turquoise,Open,Sky Blue,Two Tone,Yes,No,None,Yes,Black,No
4683,Robingoose #4683,Honk honk,goose_4683.png,Goose,White,Turquoise,Open,Red,Two Tone,Yes,No,None,Yes,Black,No
4684,Robingoose #4684,Honk honk,goose_4684.png,Goose,Orange,Black,Open,White,Solid,No,No,None,No,None,No
4685,Robingoose #4685,Honk honk,goose_4685.png,Goose,Salmon,Yellow,Open,White,Two Tone,Yes,No,None,Yes,Black,No
4686,Robingoose #4686,Honk honk,goose_4686.png,Goose,White,Blue,Open,Salmon,Two Tone,No,No,None,Yes,Black,No
4687,Robingoose #4687,Honk honk,goose_4687.png,Goose,Coral,Orange,Closed,Blue,Two Tone,No,Yes,Coral,No,None,No
4688,Robingoose #4688,Honk honk,goose_4688.png,Goose,Sky Blue,Orange,Open,Salmon,Two Tone,Yes,Yes,Salmon,No,None,No
4689,Robingoose #4689,Honk honk,goose_4689.png,Goose,Purple,Yellow,Open,Pink,Two Tone,No,Yes,Purple,No,None,No
4690,Robingoose #4690,Honk honk,goose_4690.png,Goose,White,Orange,Open,Purple,Two Tone,Yes,No,None,Yes,Black,No
4691,Robingoose #4691,Honk honk,goose_4691.png,Goose,White,Coral,Closed,Turquoise,Two Tone,No,Yes,White,No,None,Yes
4692,Robingoose #4692,Honk honk,goose_4692.png,Goose,Purple,White,Open,Blue,Two Tone,No,Yes,Purple,No,None,Yes
4693,Robingoose #4693,Honk honk,goose_4693.png,Goose,Yellow,Turquoise,Open,Black,Solid,Yes,Yes,Yellow,No,None,No
4694,Robingoose #4694,Honk honk,goose_4694.png,Goose,Pink,Salmon,Closed,Lime,Two Tone,No,No,None,No,None,Yes
4695,Robingoose #4695,Honk honk,goose_4695.png,Goose,White,Sky Blue,Open,Red,Two Tone,No,No,None,Yes,Black,No
4696,Robingoose #4696,Honk honk,goose_4696.png,Goose,Pink,Yellow,Closed,Green,Two Tone,No,No,None,Yes,Yellow,No
4697,Robingoose #4697,Honk honk,goose_4697.png,Goose,Sky Blue,Blue,Closed,Coral,Two Tone,No,Yes,Sky Blue,No,None,No
4698,Robingoose #4698,Honk honk,goose_4698.png,Goose,Purple,Coral,Open,White,Two Tone,Yes,No,None,No,None,No
4699,Robingoose #4699,Honk honk,goose_4699.png,Goose,White,Yellow,Open,Green,Two Tone,No,No,None,Yes,Black,No
4700,Robingoose #4700,Honk honk,goose_4700.png,Goose,Purple,Yellow,Open,Black,Solid,No,Yes,Red,No,None,No
4701,Robingoose #4701,Honk honk,goose_4701.png,Goose,White,Blue,Open,Black,Solid,Yes,Yes,Coral,No,None,No
4702,Robingoose #4702,Honk honk,goose_4702.png,Goose,White,Orange,Open,Salmon,Two Tone,No,No,None,No,None,Yes
4703,Robingoose #4703,Honk honk,goose_4703.png,Goose,White,Turquoise,Open,Sky Blue,Two Tone,Yes,Yes,Salmon,No,None,Yes
4704,Robingoose #4704,Honk honk,goose_4704.png,Goose,Black,Orange,Closed,Sky Blue,Two Tone,No,No,None,No,None,Yes
4705,Robingoose #4705,Honk honk,goose_4705.png,Goose,Blue,Yellow,Closed,Black,Solid,No,Yes,Turquoise,No,None,No
4706,Robingoose #4706,Honk honk,goose_4706.png,Goose,Green,Orange,Open,Black,Solid,Yes,Yes,Salmon,No,None,No
4707,Robingoose #4707,Honk honk,goose_4707.png,Goose,Purple,Yellow,Closed,Salmon,Two Tone,No,Yes,Purple,No,None,Yes
4708,Robingoose #4708,Honk honk,goose_4708.png,Goose,Black,Green,Open,White,Solid,Yes,No,None,No,None,No
4709,Robingoose #4709,Honk honk,goose_4709.png,Goose,Red,Orange,Open,Black,Solid,No,Yes,Blue,No,None,No
4710,Robingoose #4710,Honk honk,goose_4710.png,Goose,Sky Blue,Yellow,Open,Purple,Two Tone,No,No,None,Yes,Yellow,No
4711,Robingoose #4711,Honk honk,goose_4711.png,Goose,Coral,Yellow,Closed,Black,Solid,No,Yes,Purple,No,None,No
4712,Robingoose #4712,Honk honk,goose_4712.png,Goose,White,Lime,Closed,Turquoise,Two Tone,No,Yes,White,No,None,Yes
4713,Robingoose #4713,Honk honk,goose_4713.png,Goose,Yellow,Pink,Closed,Turquoise,Two Tone,No,Yes,Yellow,No,None,Yes
4714,Robingoose #4714,Honk honk,goose_4714.png,Goose,Yellow,Orange,Closed,Black,Solid,No,Yes,Green,No,None,No
4715,Robingoose #4715,Honk honk,goose_4715.png,Goose,White,Yellow,Closed,Blue,Two Tone,No,Yes,Red,No,None,Yes
4716,Robingoose #4716,Honk honk,goose_4716.png,Goose,White,Coral,Open,Black,Solid,Yes,No,None,No,None,No
4717,Robingoose #4717,Honk honk,goose_4717.png,Goose,Blue,Pink,Closed,Coral,Two Tone,No,Yes,Blue,No,None,No
4718,Robingoose #4718,Honk honk,goose_4718.png,Goose,Coral,Blue,Open,Black,Solid,Yes,Yes,Black,No,None,No
4719,Robingoose #4719,Honk honk,goose_4719.png,Goose,Sky Blue,Pink,Closed,Red,Two Tone,No,No,None,No,None,No
4720,Robingoose #4720,Honk honk,goose_4720.png,Goose,White,Turquoise,Closed,Lime,Two Tone,No,No,None,Yes,Black,No
4721,Robingoose #4721,Honk honk,goose_4721.png,Goose,Orange,Yellow,Closed,Salmon,Two Tone,No,Yes,Orange,No,None,No
4722,Robingoose #4722,Honk honk,goose_4722.png,Goose,Lime,White,Open,Coral,Two Tone,Yes,No,None,No,None,Yes
4723,Robingoose #4723,Honk honk,goose_4723.png,Goose,White,Green,Open,Black,Solid,Yes,Yes,Blue,No,None,No
4724,Robingoose #4724,Honk honk,goose_4724.png,Goose,White,Orange,Open,Sky Blue,Two Tone,No,Yes,White,No,None,Yes
4725,Robingoose #4725,Honk honk,goose_4725.png,Goose,Turquoise,Yellow,Closed,Purple,Two Tone,No,Yes,Turquoise,No,None,No
4726,Robingoose #4726,Honk honk,goose_4726.png,Goose,Salmon,Green,Open,Black,Solid,No,No,None,No,None,No
4727,Robingoose #4727,Honk honk,goose_4727.png,Goose,Turquoise,Blue,Closed,Salmon,Two Tone,No,No,None,No,None,Yes
4728,Robingoose #4728,Honk honk,goose_4728.png,Goose,Red,Pink,Closed,Turquoise,Two Tone,No,Yes,Red,No,None,No
4729,Robingoose #4729,Honk honk,goose_4729.png,Goose,White,Turquoise,Open,Black,Solid,No,Yes,Sky Blue,No,None,No
4730,Robingoose #4730,Honk honk,goose_4730.png,Goose,Sky Blue,Blue,Open,Black,Solid,Yes,Yes,Sky Blue,No,None,No
4731,Robingoose #4731,Honk honk,goose_4731.png,Goose,Sky Blue,White,Closed,Orange,Two Tone,No,No,None,Yes,Yellow,No
4732,Robingoose #4732,Honk honk,goose_4732.png,Goose,Black,Orange,Open,Pink,Two Tone,Yes,Yes,Black,No,None,No
4733,Robingoose #4733,Honk honk,goose_4733.png,Goose,Coral,Green,Open,White,Two Tone,Yes,No,None,Yes,Black,No
4734,Robingoose #4734,Honk honk,goose_4734.png,Goose,Turquoise,Lime,Closed,Red,Two Tone,No,Yes,Turquoise,No,None,No
4735,Robingoose #4735,Honk honk,goose_4735.png,Goose,Lime,Orange,Closed,Purple,Two Tone,No,Yes,Lime,No,None,Yes
4736,Robingoose #4736,Honk honk,goose_4736.png,Goose,Sky Blue,Orange,Open,Blue,Two Tone,No,No,None,Yes,Black,No
4737,Robingoose #4737,Honk honk,goose_4737.png,Goose,Lime,Pink,Closed,Black,Solid,No,Yes,Lime,No,None,No
4738,Robingoose #4738,Honk honk,goose_4738.png,Goose,Purple,Orange,Open,White,Two Tone,Yes,Yes,Sky Blue,No,None,Yes
4739,Robingoose #4739,Honk honk,goose_4739.png,Goose,Salmon,Yellow,Open,Pink,Two Tone,Yes,No,None,No,None,No
4740,Robingoose #4740,Honk honk,goose_4740.png,Goose,White,Orange,Open,Purple,Two Tone,No,No,None,No,None,No
4741,Robingoose #4741,Honk honk,goose_4741.png,Goose,Black,Yellow,Open,White,Solid,No,Yes,Sky Blue,No,None,No
4742,Robingoose #4742,Honk honk,goose_4742.png,Goose,White,Yellow,Closed,Orange,Two Tone,No,Yes,White,No,None,Yes
4743,Robingoose #4743,Honk honk,goose_4743.png,Goose,Turquoise,Yellow,Closed,Black,Solid,No,Yes,Lime,No,None,No
4744,Robingoose #4744,Honk honk,goose_4744.png,Goose,Black,Orange,Closed,Yellow,Two Tone,No,No,None,No,None,No
4745,Robingoose #4745,Honk honk,goose_4745.png,Goose,Orange,Yellow,Closed,Black,Solid,No,Yes,Sky Blue,No,None,No
4746,Robingoose #4746,Honk honk,goose_4746.png,Goose,Turquoise,Yellow,Closed,Black,Solid,No,Yes,Pink,No,None,No
4747,Robingoose #4747,Honk honk,goose_4747.png,Goose,White,Yellow,Open,Blue,Two Tone,Yes,No,None,Yes,Yellow,No
4748,Robingoose #4748,Honk honk,goose_4748.png,Goose,Yellow,Orange,Closed,Black,Solid,No,Yes,Salmon,No,None,No
4749,Robingoose #4749,Honk honk,goose_4749.png,Goose,White,Black,Open,Salmon,Solid,Yes,Yes,Blue,No,None,No
4750,Robingoose #4750,Honk honk,goose_4750.png,Goose,Salmon,Purple,Open,Black,Solid,No,Yes,Salmon,No,None,No
4751,Robingoose #4751,Honk honk,goose_4751.png,Goose,Turquoise,Coral,Open,Lime,Two Tone,No,No,None,No,None,No
4752,Robingoose #4752,Honk honk,goose_4752.png,Goose,White,Orange,Closed,Coral,Two Tone,No,Yes,White,No,None,Yes
4753,Robingoose #4753,Honk honk,goose_4753.png,Goose,Purple,Orange,Closed,Red,Two Tone,No,Yes,Purple,No,None,No
4754,Robingoose #4754,Honk honk,goose_4754.png,Goose,Sky Blue,Orange,Closed,Pink,Two Tone,No,Yes,Sky Blue,No,None,Yes
4755,Robingoose #4755,Honk honk,goose_4755.png,Goose,Salmon,White,Open,Pink,Two Tone,No,Yes,Salmon,No,None,No
4756,Robingoose #4756,Honk honk,goose_4756.png,Goose,Salmon,Lime,Closed,White,Two Tone,No,No,None,Yes,Black,No
4757,Robingoose #4757,Honk honk,goose_4757.png,Goose,Orange,White,Open,Yellow,Two Tone,Yes,No,None,Yes,Black,No
4758,Robingoose #4758,Honk honk,goose_4758.png,Goose,Green,Salmon,Closed,Black,Solid,No,Yes,Salmon,No,None,No
4759,Robingoose #4759,Honk honk,goose_4759.png,Goose,Red,Turquoise,Open,Orange,Two Tone,Yes,No,None,No,None,Yes
4760,Robingoose #4760,Honk honk,goose_4760.png,Goose,Blue,Orange,Closed,Green,Two Tone,No,Yes,Pink,No,None,No
4761,Robingoose #4761,Honk honk,goose_4761.png,Goose,Green,Lime,Open,Black,Solid,No,No,None,No,None,No
4762,Robingoose #4762,Honk honk,goose_4762.png,Goose,White,Yellow,Closed,Green,Two Tone,No,Yes,Purple,No,None,Yes
4763,Robingoose #4763,Honk honk,goose_4763.png,Goose,Blue,Lime,Open,Black,Solid,Yes,No,None,No,None,No
4764,Robingoose #4764,Honk honk,goose_4764.png,Goose,Salmon,Orange,Open,Black,Solid,No,Yes,Red,No,None,No
4765,Robingoose #4765,Honk honk,goose_4765.png,Goose,Coral,Black,Closed,Yellow,Solid,No,No,None,No,None,No
4766,Robingoose #4766,Honk honk,goose_4766.png,Goose,White,Purple,Open,Green,Two Tone,Yes,Yes,White,No,None,Yes
4767,Robingoose #4767,Honk honk,goose_4767.png,Goose,Purple,Pink,Open,Black,Solid,Yes,No,None,No,None,No
4768,Robingoose #4768,Honk honk,goose_4768.png,Goose,Yellow,Black,Closed,Blue,Two Tone,No,No,None,No,None,Yes
4769,Robingoose #4769,Honk honk,goose_4769.png,Goose,Green,Yellow,Open,Black,Solid,No,Yes,Coral,No,None,No
4770,Robingoose #4770,Honk honk,goose_4770.png,Goose,Pink,White,Open,Coral,Two Tone,Yes,No,None,No,None,No
4771,Robingoose #4771,Honk honk,goose_4771.png,Goose,Black,Orange,Open,White,Solid,No,Yes,Orange,No,None,No
4772,Robingoose #4772,Honk honk,goose_4772.png,Goose,Lime,Turquoise,Open,Black,Solid,No,Yes,Lime,No,None,No
4773,Robingoose #4773,Honk honk,goose_4773.png,Goose,Lime,Red,Closed,Green,Two Tone,No,No,None,No,None,No
4774,Robingoose #4774,Honk honk,goose_4774.png,Goose,Blue,Lime,Open,Black,Solid,No,No,None,No,None,No
4775,Robingoose #4775,Honk honk,goose_4775.png,Goose,Red,Yellow,Closed,Green,Two Tone,No,No,None,Yes,Yellow,No
4776,Robingoose #4776,Honk honk,goose_4776.png,Goose,Lime,Orange,Open,Salmon,Two Tone,No,No,None,No,None,Yes
4777,Robingoose #4777,Honk honk,goose_4777.png,Goose,Blue,Orange,Open,White,Two Tone,Yes,Yes,Blue,No,None,Yes
4778,Robingoose #4778,Honk honk,goose_4778.png,Goose,Turquoise,Yellow,Open,Coral,Two Tone,Yes,No,None,No,None,Yes
4779,Robingoose #4779,Honk honk,goose_4779.png,Goose,White,Orange,Open,Black,Solid,Yes,Yes,Orange,No,None,No
4780,Robingoose #4780,Honk honk,goose_4780.png,Goose,Red,Blue,Open,Lime,Two Tone,Yes,Yes,Red,No,None,Yes
4781,Robingoose #4781,Honk honk,goose_4781.png,Goose,Red,Yellow,Closed,Black,Solid,No,Yes,Lime,No,None,No
4782,Robingoose #4782,Honk honk,goose_4782.png,Goose,Purple,Orange,Open,Coral,Two Tone,No,Yes,Purple,No,None,Yes
4783,Robingoose #4783,Honk honk,goose_4783.png,Goose,Sky Blue,Yellow,Open,Purple,Two Tone,No,No,None,Yes,Black,No
4784,Robingoose #4784,Honk honk,goose_4784.png,Goose,White,Blue,Open,Black,Solid,No,Yes,Coral,No,None,No
4785,Robingoose #4785,Honk honk,goose_4785.png,Goose,Yellow,Red,Open,Salmon,Two Tone,No,Yes,Yellow,No,None,No
4786,Robingoose #4786,Honk honk,goose_4786.png,Goose,White,Orange,Open,Blue,Two Tone,No,Yes,White,No,None,No
4787,Robingoose #4787,Honk honk,goose_4787.png,Goose,Red,Yellow,Closed,Black,Solid,No,Yes,Salmon,No,None,No
4788,Robingoose #4788,Honk honk,goose_4788.png,Goose,Orange,Red,Open,Pink,Two Tone,Yes,No,None,No,None,No
4789,Robingoose #4789,Honk honk,goose_4789.png,Goose,Pink,White,Open,Black,Solid,No,Yes,Yellow,No,None,No
4790,Robingoose #4790,Honk honk,goose_4790.png,Goose,Blue,Yellow,Open,Turquoise,Two Tone,Yes,Yes,Blue,No,None,No
4791,Robingoose #4791,Honk honk,goose_4791.png,Goose,White,Green,Closed,Lime,Two Tone,No,Yes,Pink,No,None,No
4792,Robingoose #4792,Honk honk,goose_4792.png,Goose,Lime,Orange,Open,Salmon,Two Tone,No,No,None,No,None,No
4793,Robingoose #4793,Honk honk,goose_4793.png,Goose,White,Blue,Open,Black,Solid,No,Yes,Sky Blue,No,None,No
4794,Robingoose #4794,Honk honk,goose_4794.png,Goose,White,Orange,Open,Green,Two Tone,No,No,None,Yes,Black,No
4795,Robingoose #4795,Honk honk,goose_4795.png,Goose,Purple,Lime,Open,Black,Solid,Yes,Yes,Purple,No,None,No
4796,Robingoose #4796,Honk honk,goose_4796.png,Goose,Yellow,Black,Closed,White,Solid,No,No,None,No,None,No
4797,Robingoose #4797,Honk honk,goose_4797.png,Goose,Orange,Coral,Open,Purple,Two Tone,No,Yes,Orange,No,None,No
4798,Robingoose #4798,Honk honk,goose_4798.png,Goose,White,Green,Closed,Red,Two Tone,No,Yes,White,No,None,No
4799,Robingoose #4799,Honk honk,goose_4799.png,Goose,Black,Red,Closed,White,Solid,No,Yes,Pink,No,None,No
4800,Robingoose #4800,Honk honk,goose_4800.png,Goose,Purple,Orange,Closed,Blue,Two Tone,No,No,None,No,None,No
4801,Robingoose #4801,Honk honk,goose_4801.png,Goose,White,Yellow,Closed,Coral,Two Tone,No,Yes,Salmon,No,None,Yes
4802,Robingoose #4802,Honk honk,goose_4802.png,Goose,White,Salmon,Open,Black,Solid,No,Yes,Red,No,None,No
4803,Robingoose #4803,Honk honk,goose_4803.png,Goose,Purple,Yellow,Open,Blue,Two Tone,No,No,None,Yes,Black,No
4804,Robingoose #4804,Honk honk,goose_4804.png,Goose,Purple,Salmon,Closed,Green,Two Tone,No,No,None,No,None,No
4805,Robingoose #4805,Honk honk,goose_4805.png,Goose,Coral,Pink,Open,Black,Solid,No,Yes,Coral,No,None,No
4806,Robingoose #4806,Honk honk,goose_4806.png,Goose,White,Yellow,Open,Blue,Two Tone,Yes,Yes,White,No,None,Yes
4807,Robingoose #4807,Honk honk,goose_4807.png,Goose,Salmon,Orange,Closed,Coral,Two Tone,No,No,None,No,None,Yes
4808,Robingoose #4808,Honk honk,goose_4808.png,Goose,Turquoise,Orange,Open,Red,Two Tone,Yes,Yes,Turquoise,No,None,Yes
4809,Robingoose #4809,Honk honk,goose_4809.png,Goose,Coral,Yellow,Open,Green,Two Tone,Yes,Yes,Coral,No,None,No
4810,Robingoose #4810,Honk honk,goose_4810.png,Goose,White,Orange,Open,Red,Two Tone,No,No,None,Yes,Yellow,No
4811,Robingoose #4811,Honk honk,goose_4811.png,Goose,Sky Blue,Green,Closed,Black,Solid,No,Yes,Orange,No,None,No
4812,Robingoose #4812,Honk honk,goose_4812.png,Goose,Purple,Orange,Closed,Black,Solid,No,Yes,Black,No,None,No
4813,Robingoose #4813,Honk honk,goose_4813.png,Goose,White,Black,Closed,Green,Two Tone,No,No,None,No,None,Yes
4814,Robingoose #4814,Honk honk,goose_4814.png,Goose,Lime,Red,Open,White,Two Tone,No,No,None,No,None,No
4815,Robingoose #4815,Honk honk,goose_4815.png,Goose,Pink,Black,Closed,Black,Solid,No,Yes,Pink,No,None,No
4816,Robingoose #4816,Honk honk,goose_4816.png,Goose,Black,Orange,Closed,Blue,Two Tone,No,Yes,Black,No,None,No
4817,Robingoose #4817,Honk honk,goose_4817.png,Goose,Salmon,Orange,Open,Lime,Two Tone,Yes,No,None,Yes,Yellow,No
4818,Robingoose #4818,Honk honk,goose_4818.png,Goose,White,Coral,Open,Purple,Two Tone,Yes,Yes,White,No,None,No
4819,Robingoose #4819,Honk honk,goose_4819.png,Goose,Salmon,Pink,Open,Black,Solid,No,Yes,Salmon,No,None,No
4820,Robingoose #4820,Honk honk,goose_4820.png,Goose,Purple,Orange,Closed,Turquoise,Two Tone,No,Yes,Purple,No,None,No
4821,Robingoose #4821,Honk honk,goose_4821.png,Goose,Salmon,Coral,Closed,Red,Two Tone,No,No,None,No,None,Yes
4822,Robingoose #4822,Honk honk,goose_4822.png,Goose,Yellow,Blue,Closed,Turquoise,Two Tone,No,Yes,Pink,No,None,No
4823,Robingoose #4823,Honk honk,goose_4823.png,Goose,Red,Orange,Open,Black,Solid,Yes,Yes,Blue,No,None,No
4824,Robingoose #4824,Honk honk,goose_4824.png,Goose,Purple,Sky Blue,Open,Black,Solid,Yes,Yes,Purple,No,None,No
4825,Robingoose #4825,Honk honk,goose_4825.png,Goose,Coral,Turquoise,Closed,Black,Solid,No,Yes,White,No,None,No
4826,Robingoose #4826,Honk honk,goose_4826.png,Goose,Salmon,Yellow,Open,Sky Blue,Two Tone,Yes,Yes,Salmon,No,None,No
4827,Robingoose #4827,Honk honk,goose_4827.png,Goose,White,Orange,Closed,Salmon,Two Tone,No,Yes,Coral,No,None,No
4828,Robingoose #4828,Honk honk,goose_4828.png,Goose,Blue,Turquoise,Open,Black,Solid,Yes,No,None,No,None,No
4829,Robingoose #4829,Honk honk,goose_4829.png,Goose,Pink,Yellow,Open,Green,Two Tone,Yes,No,None,No,None,Yes
4830,Robingoose #4830,Honk honk,goose_4830.png,Goose,White,Orange,Open,Sky Blue,Two Tone,No,Yes,Black,No,None,No
4831,Robingoose #4831,Honk honk,goose_4831.png,Goose,Orange,Yellow,Closed,Black,Solid,No,Yes,Coral,No,None,No
4832,Robingoose #4832,Honk honk,goose_4832.png,Goose,Green,Turquoise,Open,Black,Solid,Yes,No,None,No,None,No
4833,Robingoose #4833,Honk honk,goose_4833.png,Goose,White,Black,Closed,Blue,Two Tone,No,No,None,No,None,No
4834,Robingoose #4834,Honk honk,goose_4834.png,Goose,White,Salmon,Open,Black,Solid,Yes,Yes,Yellow,No,None,No
4835,Robingoose #4835,Honk honk,goose_4835.png,Goose,Coral,Orange,Open,Black,Solid,Yes,Yes,Red,No,None,No
4836,Robingoose #4836,Honk honk,goose_4836.png,Goose,Orange,Salmon,Open,Coral,Two Tone,No,No,None,No,None,Yes
4837,Robingoose #4837,Honk honk,goose_4837.png,Goose,Lime,Coral,Open,Black,Solid,No,No,None,No,None,No
4838,Robingoose #4838,Honk honk,goose_4838.png,Goose,White,Yellow,Open,Purple,Two Tone,No,No,None,No,None,No
4839,Robingoose #4839,Honk honk,goose_4839.png,Goose,Yellow,Green,Open,Pink,Two Tone,Yes,Yes,Orange,No,None,No
4840,Robingoose #4840,Honk honk,goose_4840.png,Goose,Orange,Black,Closed,Turquoise,Solid,No,Yes,Orange,No,None,No
4841,Robingoose #4841,Honk honk,goose_4841.png,Goose,White,Orange,Open,Pink,Two Tone,Yes,No,None,No,None,Yes
4842,Robingoose #4842,Honk honk,goose_4842.png,Goose,Blue,Lime,Open,Black,Solid,No,Yes,Blue,No,None,No
4843,Robingoose #4843,Honk honk,goose_4843.png,Goose,Sky Blue,Orange,Closed,Blue,Two Tone,No,No,None,Yes,Yellow,No
4844,Robingoose #4844,Honk honk,goose_4844.png,Goose,Blue,Orange,Closed,Green,Two Tone,No,No,None,Yes,Yellow,No
4845,Robingoose #4845,Honk honk,goose_4845.png,Goose,Lime,Blue,Closed,Green,Two Tone,No,Yes,Lime,No,None,No
4846,Robingoose #4846,Honk honk,goose_4846.png,Goose,White,Yellow,Closed,Purple,Two Tone,No,No,None,Yes,Yellow,No
4847,Robingoose #4847,Honk honk,goose_4847.png,Goose,Orange,Yellow,Open,Black,Solid,No,Yes,Coral,No,None,No
4848,Robingoose #4848,Honk honk,goose_4848.png,Goose,Orange,Yellow,Closed,Turquoise,Two Tone,No,No,None,Yes,Black,No
4849,Robingoose #4849,Honk honk,goose_4849.png,Goose,White,Orange,Closed,Coral,Two Tone,No,Yes,White,No,None,No
4850,Robingoose #4850,Honk honk,goose_4850.png,Goose,White,Orange,Open,Green,Two Tone,No,Yes,White,No,None,No
4851,Robingoose #4851,Honk honk,goose_4851.png,Goose,Turquoise,Red,Closed,Lime,Two Tone,No,No,None,No,None,No
4852,Robingoose #4852,Honk honk,goose_4852.png,Goose,Salmon,Orange,Open,Yellow,Two Tone,No,Yes,Pink,No,None,Yes
4853,Robingoose #4853,Honk honk,goose_4853.png,Goose,White,Orange,Open,Salmon,Two Tone,No,Yes,White,No,None,Yes
4854,Robingoose #4854,Honk honk,goose_4854.png,Goose,White,Yellow,Closed,Salmon,Two Tone,No,No,None,Yes,Black,No
4855,Robingoose #4855,Honk honk,goose_4855.png,Goose,Yellow,Orange,Closed,Coral,Two Tone,No,Yes,Blue,No,None,No
4856,Robingoose #4856,Honk honk,goose_4856.png,Goose,Coral,White,Closed,Lime,Two Tone,No,No,None,No,None,No
4857,Robingoose #4857,Honk honk,goose_4857.png,Goose,Black,Yellow,Open,Red,Solid,No,No,None,No,None,No
4858,Robingoose #4858,Honk honk,goose_4858.png,Goose,Salmon,Purple,Closed,Black,Solid,No,Yes,Orange,No,None,No
4859,Robingoose #4859,Honk honk,goose_4859.png,Goose,Yellow,Orange,Open,Salmon,Two Tone,No,Yes,Yellow,No,None,Yes
4860,Robingoose #4860,Honk honk,goose_4860.png,Goose,Green,Purple,Closed,Black,Solid,No,Yes,Pink,No,None,No
4861,Robingoose #4861,Honk honk,goose_4861.png,Goose,Pink,Yellow,Closed,Black,Solid,No,Yes,Lime,No,None,No
4862,Robingoose #4862,Honk honk,goose_4862.png,Goose,Coral,Salmon,Closed,Black,Solid,No,Yes,Sky Blue,No,None,No
4863,Robingoose #4863,Honk honk,goose_4863.png,Goose,Sky Blue,Black,Open,Blue,Two Tone,No,Yes,Sky Blue,No,None,No
4864,Robingoose #4864,Honk honk,goose_4864.png,Goose,Red,Orange,Closed,Blue,Two Tone,No,No,None,No,None,No
4865,Robingoose #4865,Honk honk,goose_4865.png,Goose,Yellow,Orange,Open,White,Two Tone,Yes,No,None,No,None,Yes
4866,Robingoose #4866,Honk honk,goose_4866.png,Goose,White,Orange,Open,Red,Two Tone,No,No,None,No,None,No
4867,Robingoose #4867,Honk honk,goose_4867.png,Goose,Coral,Salmon,Open,Black,Solid,No,No,None,No,None,No
4868,Robingoose #4868,Honk honk,goose_4868.png,Goose,Blue,Orange,Closed,Red,Two Tone,No,No,None,Yes,Black,No
4869,Robingoose #4869,Honk honk,goose_4869.png,Goose,Black,Yellow,Open,Red,Solid,No,No,None,No,None,No
4870,Robingoose #4870,Honk honk,goose_4870.png,Goose,Pink,Black,Closed,Red,Solid,No,Yes,Yellow,No,None,No
4871,Robingoose #4871,Honk honk,goose_4871.png,Goose,White,Orange,Closed,Purple,Two Tone,No,No,None,Yes,Yellow,No
4872,Robingoose #4872,Honk honk,goose_4872.png,Goose,Sky Blue,Orange,Open,Pink,Two Tone,Yes,Yes,Sky Blue,No,None,No
4873,Robingoose #4873,Honk honk,goose_4873.png,Goose,Green,Coral,Open,Black,Solid,No,No,None,No,None,No
4874,Robingoose #4874,Honk honk,goose_4874.png,Goose,Pink,Black,Closed,Sky Blue,Solid,No,No,None,No,None,No
4875,Robingoose #4875,Honk honk,goose_4875.png,Goose,Red,Blue,Open,Green,Two Tone,No,No,None,No,None,No
4876,Robingoose #4876,Honk honk,goose_4876.png,Goose,Lime,Orange,Open,Purple,Two Tone,No,No,None,No,None,No
4877,Robingoose #4877,Honk honk,goose_4877.png,Goose,Blue,Sky Blue,Open,Black,Solid,Yes,No,None,No,None,No
4878,Robingoose #4878,Honk honk,goose_4878.png,Goose,Turquoise,Lime,Open,Black,Solid,No,Yes,Turquoise,No,None,No
4879,Robingoose #4879,Honk honk,goose_4879.png,Goose,Sky Blue,Lime,Open,Pink,Two Tone,No,Yes,Purple,No,None,No
4880,Robingoose #4880,Honk honk,goose_4880.png,Goose,Yellow,Orange,Open,Black,Solid,Yes,Yes,Green,No,None,No
4881,Robingoose #4881,Honk honk,goose_4881.png,Goose,Turquoise,Yellow,Closed,White,Two Tone,No,No,None,Yes,Yellow,No
4882,Robingoose #4882,Honk honk,goose_4882.png,Goose,White,Yellow,Closed,Purple,Two Tone,No,No,None,No,None,Yes
4883,Robingoose #4883,Honk honk,goose_4883.png,Goose,White,Yellow,Open,Sky Blue,Two Tone,Yes,Yes,White,No,None,Yes
4884,Robingoose #4884,Honk honk,goose_4884.png,Goose,Pink,Black,Open,Green,Solid,Yes,Yes,Pink,No,None,No
4885,Robingoose #4885,Honk honk,goose_4885.png,Goose,White,Sky Blue,Open,Black,Solid,Yes,No,None,No,None,No
4886,Robingoose #4886,Honk honk,goose_4886.png,Goose,Lime,Turquoise,Open,Red,Two Tone,Yes,No,None,No,None,Yes
4887,Robingoose #4887,Honk honk,goose_4887.png,Goose,Lime,Purple,Open,Black,Solid,No,No,None,No,None,No
4888,Robingoose #4888,Honk honk,goose_4888.png,Goose,Turquoise,Yellow,Closed,Blue,Two Tone,No,Yes,Turquoise,No,None,No
4889,Robingoose #4889,Honk honk,goose_4889.png,Goose,Yellow,Salmon,Closed,Orange,Two Tone,No,Yes,Yellow,No,None,No
4890,Robingoose #4890,Honk honk,goose_4890.png,Goose,Lime,Purple,Closed,Green,Two Tone,No,No,None,No,None,No
4891,Robingoose #4891,Honk honk,goose_4891.png,Goose,Orange,Yellow,Open,Pink,Two Tone,No,No,None,Yes,Yellow,No
4892,Robingoose #4892,Honk honk,goose_4892.png,Goose,Red,Blue,Open,Green,Two Tone,Yes,No,None,Yes,Yellow,No
4893,Robingoose #4893,Honk honk,goose_4893.png,Goose,Salmon,Yellow,Closed,Orange,Two Tone,No,Yes,Salmon,No,None,Yes
4894,Robingoose #4894,Honk honk,goose_4894.png,Goose,Coral,Green,Open,Black,Solid,No,No,None,No,None,No
4895,Robingoose #4895,Honk honk,goose_4895.png,Goose,Coral,Red,Open,Black,Solid,Yes,No,None,No,None,No
4896,Robingoose #4896,Honk honk,goose_4896.png,Goose,Purple,Yellow,Open,Red,Two Tone,No,Yes,Purple,No,None,No
4897,Robingoose #4897,Honk honk,goose_4897.png,Goose,Lime,Sky Blue,Open,Black,Solid,Yes,No,None,No,None,No
4898,Robingoose #4898,Honk honk,goose_4898.png,Goose,White,Pink,Closed,Green,Two Tone,No,Yes,White,No,None,No
4899,Robingoose #4899,Honk honk,goose_4899.png,Goose,Black,Yellow,Open,Blue,Two Tone,No,No,None,No,None,No
4900,Robingoose #4900,Honk honk,goose_4900.png,Goose,Orange,Red,Open,Blue,Two Tone,No,Yes,Orange,No,None,No
4901,Robingoose #4901,Honk honk,goose_4901.png,Goose,Pink,Yellow,Closed,Sky Blue,Two Tone,No,Yes,Pink,No,None,No
4902,Robingoose #4902,Honk honk,goose_4902.png,Goose,Lime,Pink,Closed,Black,Solid,No,Yes,Purple,No,None,No
4903,Robingoose #4903,Honk honk,goose_4903.png,Goose,Orange,Black,Closed,Red,Solid,No,No,None,No,None,No
4904,Robingoose #4904,Honk honk,goose_4904.png,Goose,White,Orange,Open,Red,Two Tone,No,No,None,No,None,No
4905,Robingoose #4905,Honk honk,goose_4905.png,Goose,White,Purple,Open,Orange,Two Tone,Yes,No,None,No,None,Yes
4906,Robingoose #4906,Honk honk,goose_4906.png,Goose,Yellow,Black,Closed,Purple,Solid,No,Yes,Yellow,No,None,No
4907,Robingoose #4907,Honk honk,goose_4907.png,Goose,Blue,Black,Closed,Red,Two Tone,No,No,None,Yes,Black,No
4908,Robingoose #4908,Honk honk,goose_4908.png,Goose,White,Red,Closed,Blue,Two Tone,No,Yes,White,No,None,Yes
4909,Robingoose #4909,Honk honk,goose_4909.png,Goose,Lime,Orange,Open,Green,Two Tone,No,Yes,Lime,No,None,No
4910,Robingoose #4910,Honk honk,goose_4910.png,Goose,Green,Black,Closed,Black,Solid,No,No,None,No,None,No
4911,Robingoose #4911,Honk honk,goose_4911.png,Goose,Red,Orange,Open,Blue,Two Tone,Yes,No,None,No,None,No
4912,Robingoose #4912,Honk honk,goose_4912.png,Goose,Turquoise,Yellow,Open,Black,Solid,No,Yes,Salmon,No,None,No
4913,Robingoose #4913,Honk honk,goose_4913.png,Goose,Pink,Green,Open,Purple,Two Tone,No,No,None,Yes,Yellow,No
4914,Robingoose #4914,Honk honk,goose_4914.png,Goose,Yellow,Black,Open,Green,Two Tone,Yes,Yes,Salmon,No,None,No
4915,Robingoose #4915,Honk honk,goose_4915.png,Goose,White,Blue,Closed,Red,Two Tone,No,Yes,White,No,None,No
4916,Robingoose #4916,Honk honk,goose_4916.png,Goose,White,Yellow,Closed,Pink,Two Tone,No,No,None,Yes,Black,No
4917,Robingoose #4917,Honk honk,goose_4917.png,Goose,Yellow,Blue,Closed,Orange,Two Tone,No,Yes,Pink,No,None,Yes
4918,Robingoose #4918,Honk honk,goose_4918.png,Goose,Sky Blue,White,Open,Orange,Two Tone,Yes,Yes,Green,No,None,No
4919,Robingoose #4919,Honk honk,goose_4919.png,Goose,Green,Sky Blue,Open,Black,Solid,No,Yes,Green,No,None,No
4920,Robingoose #4920,Honk honk,goose_4920.png,Goose,Sky Blue,Orange,Open,Black,Solid,No,Yes,Orange,No,None,No
4921,Robingoose #4921,Honk honk,goose_4921.png,Goose,Turquoise,Black,Closed,Yellow,Solid,No,No,None,No,None,No
4922,Robingoose #4922,Honk honk,goose_4922.png,Goose,Coral,Orange,Open,Turquoise,Two Tone,Yes,Yes,Coral,No,None,Yes
4923,Robingoose #4923,Honk honk,goose_4923.png,Goose,Coral,Yellow,Open,Turquoise,Two Tone,Yes,No,None,No,None,No
4924,Robingoose #4924,Honk honk,goose_4924.png,Goose,White,Green,Closed,Sky Blue,Two Tone,No,Yes,Orange,No,None,Yes
4925,Robingoose #4925,Honk honk,goose_4925.png,Goose,Yellow,Red,Open,Blue,Two Tone,No,No,None,No,None,No
4926,Robingoose #4926,Honk honk,goose_4926.png,Goose,Pink,Turquoise,Open,Green,Two Tone,No,No,None,No,None,Yes
4927,Robingoose #4927,Honk honk,goose_4927.png,Goose,Coral,Orange,Closed,White,Two Tone,No,Yes,Coral,No,None,No
4928,Robingoose #4928,Honk honk,goose_4928.png,Goose,White,Yellow,Open,Coral,Two Tone,No,No,None,Yes,Black,No
4929,Robingoose #4929,Honk honk,goose_4929.png,Goose,White,Yellow,Open,Black,Solid,Yes,Yes,Salmon,No,None,No
4930,Robingoose #4930,Honk honk,goose_4930.png,Goose,Coral,White,Closed,Purple,Two Tone,No,Yes,Coral,No,None,No
4931,Robingoose #4931,Honk honk,goose_4931.png,Goose,White,Orange,Open,Blue,Two Tone,No,No,None,No,None,No
4932,Robingoose #4932,Honk honk,goose_4932.png,Goose,Sky Blue,Coral,Closed,Orange,Two Tone,No,Yes,Sky Blue,No,None,Yes
4933,Robingoose #4933,Honk honk,goose_4933.png,Goose,Black,Red,Open,White,Solid,No,Yes,Sky Blue,No,None,No
4934,Robingoose #4934,Honk honk,goose_4934.png,Goose,Black,Salmon,Open,White,Solid,Yes,No,None,No,None,No
4935,Robingoose #4935,Honk honk,goose_4935.png,Goose,Red,Orange,Open,Coral,Two Tone,No,Yes,Red,No,None,No
4936,Robingoose #4936,Honk honk,goose_4936.png,Goose,Lime,Green,Closed,Pink,Two Tone,No,Yes,Lime,No,None,Yes
4937,Robingoose #4937,Honk honk,goose_4937.png,Goose,Green,Coral,Open,Black,Solid,Yes,No,None,No,None,No
4938,Robingoose #4938,Honk honk,goose_4938.png,Goose,Blue,Orange,Closed,Turquoise,Two Tone,No,No,None,No,None,Yes
4939,Robingoose #4939,Honk honk,goose_4939.png,Goose,Purple,Orange,Open,Salmon,Two Tone,No,No,None,Yes,Black,No
4940,Robingoose #4940,Honk honk,goose_4940.png,Goose,Black,Orange,Open,Salmon,Two Tone,Yes,Yes,Black,No,None,No
4941,Robingoose #4941,Honk honk,goose_4941.png,Goose,Lime,White,Open,Green,Two Tone,Yes,No,None,No,None,No
4942,Robingoose #4942,Honk honk,goose_4942.png,Goose,Blue,Purple,Closed,Lime,Two Tone,No,No,None,Yes,Black,No
4943,Robingoose #4943,Honk honk,goose_4943.png,Goose,Pink,Sky Blue,Open,Black,Solid,Yes,No,None,No,None,No
4944,Robingoose #4944,Honk honk,goose_4944.png,Goose,White,Turquoise,Open,Blue,Two Tone,No,Yes,White,No,None,Yes
4945,Robingoose #4945,Honk honk,goose_4945.png,Goose,Turquoise,Orange,Open,Sky Blue,Two Tone,No,Yes,Turquoise,No,None,No
4946,Robingoose #4946,Honk honk,goose_4946.png,Goose,Sky Blue,Yellow,Closed,Green,Two Tone,No,No,None,No,None,No
4947,Robingoose #4947,Honk honk,goose_4947.png,Goose,Black,Yellow,Closed,Turquoise,Two Tone,No,Yes,Black,No,None,No
4948,Robingoose #4948,Honk honk,goose_4948.png,Goose,Black,Lime,Closed,White,Solid,No,Yes,Black,No,None,No
4949,Robingoose #4949,Honk honk,goose_4949.png,Goose,Purple,Orange,Closed,Salmon,Two Tone,No,Yes,Purple,No,None,No
4950,Robingoose #4950,Honk honk,goose_4950.png,Goose,Salmon,Orange,Closed,Pink,Two Tone,No,Yes,Lime,No,None,Yes
4951,Robingoose #4951,Honk honk,goose_4951.png,Goose,Sky Blue,Orange,Open,Salmon,Two Tone,No,No,None,No,None,No
4952,Robingoose #4952,Honk honk,goose_4952.png,Goose,Lime,Pink,Open,Black,Solid,Yes,No,None,No,None,No
4953,Robingoose #4953,Honk honk,goose_4953.png,Goose,White,Yellow,Closed,Orange,Two Tone,No,No,None,No,None,Yes
4954,Robingoose #4954,Honk honk,goose_4954.png,Goose,Orange,Pink,Closed,Blue,Two Tone,No,No,None,No,None,No
4955,Robingoose #4955,Honk honk,goose_4955.png,Goose,Salmon,Turquoise,Closed,White,Two Tone,No,No,None,No,None,Yes
4956,Robingoose #4956,Honk honk,goose_4956.png,Goose,Purple,Red,Open,Black,Solid,Yes,No,None,No,None,No
4957,Robingoose #4957,Honk honk,goose_4957.png,Goose,Sky Blue,Pink,Closed,Red,Two Tone,No,Yes,Sky Blue,No,None,No
4958,Robingoose #4958,Honk honk,goose_4958.png,Goose,Lime,Salmon,Open,Black,Solid,No,No,None,No,None,No
4959,Robingoose #4959,Honk honk,goose_4959.png,Goose,Salmon,Yellow,Closed,White,Two Tone,No,No,None,No,None,No
4960,Robingoose #4960,Honk honk,goose_4960.png,Goose,White,Purple,Open,Yellow,Two Tone,No,Yes,White,No,None,No
4961,Robingoose #4961,Honk honk,goose_4961.png,Goose,Black,Yellow,Closed,Pink,Two Tone,No,No,None,No,None,No
4962,Robingoose #4962,Honk honk,goose_4962.png,Goose,Purple,Salmon,Open,Black,Solid,No,Yes,Pink,No,None,No
4963,Robingoose #4963,Honk honk,goose_4963.png,Goose,Red,Black,Closed,Lime,Solid,No,No,None,No,None,No
4964,Robingoose #4964,Honk honk,goose_4964.png,Goose,Blue,Yellow,Open,White,Two Tone,No,No,None,Yes,Black,No
4965,Robingoose #4965,Honk honk,goose_4965.png,Goose,White,Yellow,Open,Blue,Two Tone,Yes,Yes,White,No,None,No
4966,Robingoose #4966,Honk honk,goose_4966.png,Goose,Sky Blue,Coral,Open,Black,Solid,No,Yes,Sky Blue,No,None,No
4967,Robingoose #4967,Honk honk,goose_4967.png,Goose,White,Yellow,Open,Black,Solid,No,Yes,Orange,No,None,No
4968,Robingoose #4968,Honk honk,goose_4968.png,Goose,Lime,Sky Blue,Open,Red,Two Tone,No,Yes,Purple,No,None,No
4969,Robingoose #4969,Honk honk,goose_4969.png,Goose,Orange,Lime,Closed,Sky Blue,Two Tone,No,No,None,No,None,Yes
4970,Robingoose #4970,Honk honk,goose_4970.png,Goose,Yellow,Black,Closed,Black,Solid,No,Yes,Coral,No,None,No
4971,Robingoose #4971,Honk honk,goose_4971.png,Goose,Orange,Turquoise,Open,Blue,Two Tone,No,No,None,No,None,No
4972,Robingoose #4972,Honk honk,goose_4972.png,Goose,Sky Blue,Orange,Closed,Salmon,Two Tone,No,No,None,No,None,Yes
4973,Robingoose #4973,Honk honk,goose_4973.png,Goose,Green,Black,Closed,Lime,Solid,No,Yes,Green,No,None,No
4974,Robingoose #4974,Honk honk,goose_4974.png,Goose,Lime,Coral,Open,Black,Solid,No,Yes,Lime,No,None,No
4975,Robingoose #4975,Honk honk,goose_4975.png,Goose,Turquoise,Yellow,Open,Blue,Two Tone,Yes,No,None,Yes,Black,No
4976,Robingoose #4976,Honk honk,goose_4976.png,Goose,Pink,Black,Open,Coral,Solid,Yes,Yes,Pink,No,None,No
4977,Robingoose #4977,Honk honk,goose_4977.png,Goose,White,Yellow,Open,Turquoise,Two Tone,No,No,None,Yes,Black,No
4978,Robingoose #4978,Honk honk,goose_4978.png,Goose,Turquoise,White,Open,Black,Solid,Yes,No,None,No,None,No
4979,Robingoose #4979,Honk honk,goose_4979.png,Goose,White,Sky Blue,Open,Red,Two Tone,Yes,Yes,White,No,None,No
4980,Robingoose #4980,Honk honk,goose_4980.png,Goose,Black,Pink,Open,Coral,Two Tone,Yes,No,None,Yes,Yellow,No
4981,Robingoose #4981,Honk honk,goose_4981.png,Pig,,,,,,,,,,,
4982,Robingoose #4982,Honk honk,goose_4982.png,Goose,Sky Blue,Black,Closed,Yellow,Solid,No,No,None,No,None,No
4983,Robingoose #4983,Honk honk,goose_4983.png,Goose,White,Lime,Closed,Green,Two Tone,No,Yes,White,No,None,No
4984,Robingoose #4984,Honk honk,goose_4984.png,Goose,White,Orange,Closed,Green,Two Tone,No,No,None,Yes,Black,No
4985,Robingoose #4985,Honk honk,goose_4985.png,Goose,White,Lime,Open,Black,Solid,No,Yes,Lime,No,None,No
4986,Robingoose #4986,Honk honk,goose_4986.png,Goose,Pink,Orange,Open,Black,Solid,No,Yes,Salmon,No,None,No
4987,Robingoose #4987,Honk honk,goose_4987.png,Goose,Purple,Yellow,Open,White,Two Tone,No,No,None,No,None,Yes
4988,Robingoose #4988,Honk honk,goose_4988.png,Goose,Sky Blue,Orange,Closed,Black,Solid,No,Yes,Lime,No,None,No
4989,Robingoose #4989,Honk honk,goose_4989.png,Goose,White,Orange,Open,Blue,Two Tone,Yes,Yes,White,No,None,Yes
4990,Robingoose #4990,Honk honk,goose_4990.png,Goose,Turquoise,Yellow,Closed,White,Two Tone,No,No,None,Yes,Black,No
4991,Robingoose #4991,Honk honk,goose_4991.png,Goose,Pink,Coral,Open,Black,Solid,Yes,No,None,No,None,No
4992,Robingoose #4992,Honk honk,goose_4992.png,Goose,White,Yellow,Open,Coral,Two Tone,Yes,No,None,No,None,No
4993,Robingoose #4993,Honk honk,goose_4993.png,Goose,Coral,Black,Closed,Blue,Two Tone,No,No,None,Yes,Black,No
4994,Robingoose #4994,Honk honk,goose_4994.png,Goose,Pink,Black,Open,Orange,Solid,No,Yes,Pink,No,None,No
4995,Robingoose #4995,Honk honk,goose_4995.png,Goose,White,Yellow,Open,Purple,Two Tone,Yes,No,None,No,None,Yes
4996,Robingoose #4996,Honk honk,goose_4996.png,Goose,Orange,Yellow,Open,Purple,Two Tone,No,No,None,Yes,Black,No
4997,Robingoose #4997,Honk honk,goose_4997.png,Goose,Orange,Purple,Closed,White,Two Tone,No,No,None,No,None,No
4998,Robingoose #4998,Honk honk,goose_4998.png,Goose,Yellow,Coral,Closed,Black,Solid,No,Yes,Purple,No,None,No
4999,Robingoose #4999,Honk honk,goose_4999.png,Goose,Turquoise,Salmon,Open,Black,Solid,No,Yes,Turquoise,No,None,No
5000,Robingoose #5000,Honk honk,goose_5000.png,Goose,Black,Red,Open,Orange,Two Tone,Yes,Yes,Black,No,None,No
5001,Robingoose #5001,Honk honk,goose_5001.png,Goose,White,Salmon,Closed,Yellow,Two Tone,No,Yes,Green,No,None,Yes
5002,Robingoose #5002,Honk honk,goose_5002.png,Goose,White,Black,Open,Blue,Two Tone,No,Yes,Coral,No,None,No
5003,Robingoose #5003,Honk honk,goose_5003.png,Goose,Green,Turquoise,Closed,Black,Solid,No,Yes,Pink,No,None,No
5004,Robingoose #5004,Honk honk,goose_5004.png,Goose,Turquoise,Purple,Closed,Black,Solid,No,No,None,No,None,No
5005,Robingoose #5005,Honk honk,goose_5005.png,Goose,Salmon,Yellow,Open,Red,Two Tone,No,No,None,No,None,Yes
5006,Robingoose #5006,Honk honk,goose_5006.png,Goose,Coral,Yellow,Closed,Sky Blue,Two Tone,No,Yes,Yellow,No,None,No
5007,Robingoose #5007,Honk honk,goose_5007.png,Goose,Pink,Black,Closed,Purple,Solid,No,No,None,No,None,No
5008,Robingoose #5008,Honk honk,goose_5008.png,Goose,Blue,Turquoise,Closed,Black,Solid,No,Yes,Blue,No,None,No
5009,Robingoose #5009,Honk honk,goose_5009.png,Goose,Pink,Orange,Open,Turquoise,Two Tone,No,No,None,No,None,Yes
5010,Robingoose #5010,Honk honk,goose_5010.png,Goose,Salmon,Orange,Open,White,Two Tone,Yes,No,None,Yes,Black,No
5011,Robingoose #5011,Honk honk,goose_5011.png,Goose,Yellow,Orange,Closed,Green,Two Tone,No,No,None,No,None,No
5012,Robingoose #5012,Honk honk,goose_5012.png,Goose,Black,White,Open,White,Solid,Yes,No,None,No,None,No
5013,Robingoose #5013,Honk honk,goose_5013.png,Goose,Purple,Black,Closed,Orange,Solid,No,Yes,Purple,No,None,No
5014,Robingoose #5014,Honk honk,goose_5014.png,Goose,Turquoise,Orange,Open,Salmon,Two Tone,No,No,None,No,None,No
5015,Robingoose #5015,Honk honk,goose_5015.png,Goose,Yellow,Pink,Open,Black,Solid,No,Yes,Yellow,No,None,No
5016,Robingoose #5016,Honk honk,goose_5016.png,Goose,White,Orange,Closed,Yellow,Two Tone,No,No,None,Yes,Yellow,No
5017,Robingoose #5017,Honk honk,goose_5017.png,Goose,Sky Blue,Black,Open,Salmon,Solid,Yes,No,None,No,None,No
5018,Robingoose #5018,Honk honk,goose_5018.png,Goose,Purple,Red,Open,Salmon,Two Tone,No,Yes,Purple,No,None,Yes
5019,Robingoose #5019,Honk honk,goose_5019.png,Goose,Red,Yellow,Open,Turquoise,Two Tone,Yes,Yes,Purple,No,None,Yes
5020,Robingoose #5020,Honk honk,goose_5020.png,Goose,Green,Purple,Closed,Black,Solid,No,No,None,No,None,No
5021,Robingoose #5021,Honk honk,goose_5021.png,Goose,Lime,Green,Open,Black,Solid,No,Yes,Lime,No,None,No
5022,Robingoose #5022,Honk honk,goose_5022.png,Goose,Black,Yellow,Open,Pink,Two Tone,Yes,No,None,Yes,Yellow,No
5023,Robingoose #5023,Honk honk,goose_5023.png,Goose,Salmon,Purple,Open,Black,Solid,No,No,None,No,None,No
5024,Robingoose #5024,Honk honk,goose_5024.png,Goose,Orange,Pink,Open,Black,Solid,Yes,Yes,Orange,No,None,No
5025,Robingoose #5025,Honk honk,goose_5025.png,Goose,Lime,Black,Closed,Pink,Solid,No,Yes,Lime,No,None,No
5026,Robingoose #5026,Honk honk,goose_5026.png,Goose,Blue,Yellow,Closed,Turquoise,Two Tone,No,No,None,Yes,Yellow,No
5027,Robingoose #5027,Honk honk,goose_5027.png,Goose,Red,White,Open,Black,Solid,Yes,No,None,No,None,No
5028,Robingoose #5028,Honk honk,goose_5028.png,Goose,Blue,Black,Open,Purple,Solid,No,No,None,No,None,No
5029,Robingoose #5029,Honk honk,goose_5029.png,Goose,White,Orange,Open,Pink,Two Tone,No,No,None,No,None,No
5030,Robingoose #5030,Honk honk,goose_5030.png,Goose,Pink,Yellow,Open,White,Two Tone,No,No,None,No,None,Yes
5031,Robingoose #5031,Honk honk,goose_5031.png,Goose,Turquoise,Yellow,Open,Pink,Two Tone,No,No,None,Yes,Yellow,No
5032,Robingoose #5032,Honk honk,goose_5032.png,Goose,Salmon,Orange,Open,Blue,Two Tone,No,Yes,Salmon,No,None,Yes
5033,Robingoose #5033,Honk honk,goose_5033.png,Goose,Lime,Salmon,Open,Black,Solid,Yes,No,None,No,None,No
5034,Robingoose #5034,Honk honk,goose_5034.png,Goose,Pink,Orange,Closed,Lime,Two Tone,No,No,None,Yes,Yellow,No
5035,Robingoose #5035,Honk honk,goose_5035.png,Goose,Red,Orange,Closed,Black,Solid,No,Yes,Yellow,No,None,No
5036,Robingoose #5036,Honk honk,goose_5036.png,Goose,White,Orange,Closed,Green,Two Tone,No,No,None,Yes,Yellow,No
5037,Robingoose #5037,Honk honk,goose_5037.png,Goose,Red,Blue,Closed,Black,Solid,No,Yes,Orange,No,None,No
5038,Robingoose #5038,Honk honk,goose_5038.png,Goose,Sky Blue,Turquoise,Open,Yellow,Two Tone,Yes,No,None,Yes,Yellow,No
5039,Robingoose #5039,Honk honk,goose_5039.png,Goose,White,Yellow,Open,Red,Two Tone,No,Yes,White,No,None,Yes
5040,Robingoose #5040,Honk honk,goose_5040.png,Goose,Coral,Yellow,Open,White,Two Tone,Yes,No,None,Yes,Black,No
5041,Robingoose #5041,Honk honk,goose_5041.png,Goose,Sky Blue,Orange,Open,Pink,Two Tone,No,No,None,No,None,No
5042,Robingoose #5042,Honk honk,goose_5042.png,Goose,Yellow,Green,Open,White,Two Tone,Yes,No,None,No,None,No
5043,Robingoose #5043,Honk honk,goose_5043.png,Goose,Purple,Black,Closed,Green,Solid,No,No,None,No,None,No
5044,Robingoose #5044,Honk honk,goose_5044.png,Goose,Lime,Black,Open,Blue,Solid,Yes,No,None,No,None,No
5045,Robingoose #5045,Honk honk,goose_5045.png,Goose,Yellow,White,Open,Black,Solid,No,Yes,Yellow,No,None,No
5046,Robingoose #5046,Honk honk,goose_5046.png,Goose,White,Yellow,Open,Red,Two Tone,No,Yes,Green,No,None,Yes
5047,Robingoose #5047,Honk honk,goose_5047.png,Goose,Blue,Orange,Open,Sky Blue,Two Tone,No,No,None,No,None,No
5048,Robingoose #5048,Honk honk,goose_5048.png,Goose,Coral,Salmon,Closed,Black,Solid,No,Yes,Pink,No,None,No
5049,Robingoose #5049,Honk honk,goose_5049.png,Goose,Yellow,Coral,Closed,Red,Two Tone,No,No,None,No,None,No
5050,Robingoose #5050,Honk honk,goose_5050.png,Goose,Lime,Orange,Closed,Coral,Two Tone,No,No,None,No,None,No
5051,Robingoose #5051,Honk honk,goose_5051.png,Goose,White,Red,Open,Pink,Two Tone,No,No,None,Yes,Black,No
5052,Robingoose #5052,Honk honk,goose_5052.png,Goose,Purple,Black,Closed,Lime,Solid,No,No,None,No,None,No
5053,Robingoose #5053,Honk honk,goose_5053.png,Goose,Yellow,Orange,Open,Black,Solid,Yes,Yes,Lime,No,None,No
5054,Robingoose #5054,Honk honk,goose_5054.png,Goose,Red,Lime,Closed,Black,Solid,No,Yes,White,No,None,No
5055,Robingoose #5055,Honk honk,goose_5055.png,Goose,Coral,Red,Open,Black,Solid,No,No,None,No,None,No
5056,Robingoose #5056,Honk honk,goose_5056.png,Goose,Sky Blue,Orange,Closed,Pink,Two Tone,No,No,None,No,None,Yes
5057,Robingoose #5057,Honk honk,goose_5057.png,Goose,Blue,Yellow,Open,Black,Solid,No,Yes,Red,No,None,No
5058,Robingoose #5058,Honk honk,goose_5058.png,Goose,Purple,Coral,Closed,Pink,Two Tone,No,No,None,No,None,No
5059,Robingoose #5059,Honk honk,goose_5059.png,Goose,Purple,Salmon,Closed,Orange,Two Tone,No,No,None,Yes,Black,No
5060,Robingoose #5060,Honk honk,goose_5060.png,Goose,Turquoise,Red,Closed,Pink,Two Tone,No,Yes,Turquoise,No,None,No
5061,Robingoose #5061,Honk honk,goose_5061.png,Goose,Purple,Orange,Closed,Salmon,Two Tone,No,Yes,Red,No,None,Yes
5062,Robingoose #5062,Honk honk,goose_5062.png,Goose,Black,Red,Closed,White,Solid,No,Yes,Blue,No,None,No
5063,Robingoose #5063,Honk honk,goose_5063.png,Goose,White,Black,Open,Turquoise,Two Tone,No,No,None,No,None,Yes
5064,Robingoose #5064,Honk honk,goose_5064.png,Goose,Lime,Orange,Closed,Pink,Two Tone,No,Yes,Lime,No,None,Yes
5065,Robingoose #5065,Honk honk,goose_5065.png,Goose,Black,Pink,Open,White,Solid,Yes,Yes,Black,No,None,No
5066,Robingoose #5066,Honk honk,goose_5066.png,Goose,Black,Green,Open,Blue,Two Tone,No,No,None,Yes,Yellow,No
5067,Robingoose #5067,Honk honk,goose_5067.png,Goose,Coral,Sky Blue,Closed,Lime,Two Tone,No,No,None,Yes,Yellow,No
5068,Robingoose #5068,Honk honk,goose_5068.png,Goose,Purple,Blue,Closed,Red,Two Tone,No,Yes,Purple,No,None,Yes
5069,Robingoose #5069,Honk honk,goose_5069.png,Goose,Yellow,Orange,Closed,Pink,Two Tone,No,No,None,No,None,No
5070,Robingoose #5070,Honk honk,goose_5070.png,Goose,Red,Purple,Open,White,Two Tone,No,No,None,Yes,Black,No
5071,Robingoose #5071,Honk honk,goose_5071.png,Goose,Black,Orange,Open,White,Solid,No,No,None,No,None,No
5072,Robingoose #5072,Honk honk,goose_5072.png,Goose,Turquoise,Orange,Open,Black,Solid,No,Yes,Coral,No,None,No
5073,Robingoose #5073,Honk honk,goose_5073.png,Goose,White,Green,Open,Black,Solid,Yes,Yes,Salmon,No,None,No
5074,Robingoose #5074,Honk honk,goose_5074.png,Goose,Yellow,Pink,Open,Black,Solid,No,Yes,Yellow,No,None,No
5075,Robingoose #5075,Honk honk,goose_5075.png,Goose,Coral,Purple,Open,Turquoise,Two Tone,No,Yes,Coral,No,None,No
5076,Robingoose #5076,Honk honk,goose_5076.png,Goose,Yellow,Orange,Open,Sky Blue,Two Tone,No,No,None,No,None,Yes
5077,Robingoose #5077,Honk honk,goose_5077.png,Goose,Salmon,Yellow,Open,White,Two Tone,No,No,None,No,None,Yes
5078,Robingoose #5078,Honk honk,goose_5078.png,Goose,Purple,Blue,Open,Pink,Two Tone,No,No,None,No,None,No
5079,Robingoose #5079,Honk honk,goose_5079.png,Goose,White,Yellow,Open,Purple,Two Tone,No,Yes,White,No,None,Yes
5080,Robingoose #5080,Honk honk,goose_5080.png,Goose,Pink,Lime,Open,White,Two Tone,No,No,None,No,None,No
5081,Robingoose #5081,Honk honk,goose_5081.png,Goose,Salmon,Green,Open,Pink,Two Tone,Yes,No,None,No,None,Yes
5082,Robingoose #5082,Honk honk,goose_5082.png,Goose,Green,Black,Open,Coral,Solid,No,No,None,No,None,No
5083,Robingoose #5083,Honk honk,goose_5083.png,Goose,White,Red,Open,Lime,Two Tone,No,No,None,Yes,Black,No
5084,Robingoose #5084,Honk honk,goose_5084.png,Goose,Turquoise,Coral,Closed,Lime,Two Tone,No,Yes,Turquoise,No,None,Yes
5085,Robingoose #5085,Honk honk,goose_5085.png,Goose,White,Green,Open,Sky Blue,Two Tone,Yes,No,None,No,None,No
5086,Robingoose #5086,Honk honk,goose_5086.png,Goose,Coral,Red,Open,Black,Solid,Yes,Yes,Red,No,None,No
5087,Robingoose #5087,Honk honk,goose_5087.png,Goose,Coral,Red,Open,Black,Solid,No,Yes,Blue,No,None,No
5088,Robingoose #5088,Honk honk,goose_5088.png,Goose,Turquoise,Yellow,Open,Pink,Two Tone,No,Yes,Turquoise,No,None,No
5089,Robingoose #5089,Honk honk,goose_5089.png,Goose,White,Orange,Open,Green,Two Tone,Yes,No,None,No,None,No
5090,Robingoose #5090,Honk honk,goose_5090.png,Goose,Orange,Lime,Open,Black,Solid,No,Yes,Orange,No,None,No
5091,Robingoose #5091,Honk honk,goose_5091.png,Goose,Blue,White,Open,Yellow,Two Tone,Yes,No,None,No,None,Yes
5092,Robingoose #5092,Honk honk,goose_5092.png,Goose,Orange,White,Open,Turquoise,Two Tone,Yes,No,None,No,None,No
5093,Robingoose #5093,Honk honk,goose_5093.png,Goose,White,Turquoise,Open,Orange,Two Tone,Yes,Yes,White,No,None,Yes
5094,Robingoose #5094,Honk honk,goose_5094.png,Goose,Lime,Black,Closed,Turquoise,Solid,No,Yes,Red,No,None,No
5095,Robingoose #5095,Honk honk,goose_5095.png,Goose,Black,Red,Closed,Red,Solid,No,Yes,Black,No,None,No
5096,Robingoose #5096,Honk honk,goose_5096.png,Goose,Salmon,Red,Open,Orange,Two Tone,Yes,No,None,No,None,No
5097,Robingoose #5097,Honk honk,goose_5097.png,Goose,Salmon,Orange,Open,Black,Solid,Yes,Yes,Lime,No,None,No
5098,Robingoose #5098,Honk honk,goose_5098.png,Goose,Blue,Red,Open,Black,Solid,Yes,No,None,No,None,No
5099,Robingoose #5099,Honk honk,goose_5099.png,Goose,White,Yellow,Closed,Sky Blue,Two Tone,No,No,None,Yes,Black,No
5100,Robingoose #5100,Honk honk,goose_5100.png,Goose,Orange,Yellow,Open,Turquoise,Two Tone,No,Yes,Orange,No,None,No
5101,Robingoose #5101,Honk honk,goose_5101.png,Goose,White,Sky Blue,Open,Black,Solid,Yes,Yes,Green,No,None,No
5102,Robingoose #5102,Honk honk,goose_5102.png,Goose,Sky Blue,Coral,Closed,Orange,Two Tone,No,No,None,Yes,Black,No
5103,Robingoose #5103,Honk honk,goose_5103.png,Goose,White,Coral,Open,Green,Two Tone,No,Yes,Blue,No,None,Yes
5104,Robingoose #5104,Honk honk,goose_5104.png,Goose,Purple,Red,Closed,Orange,Two Tone,No,Yes,Black,No,None,Yes
5105,Robingoose #5105,Honk honk,goose_5105.png,Goose,Yellow,Salmon,Closed,Green,Two Tone,No,Yes,Yellow,No,None,No
5106,Robingoose #5106,Honk honk,goose_5106.png,Goose,Black,Orange,Open,Coral,Two Tone,Yes,No,None,Yes,Yellow,No
5107,Robingoose #5107,Honk honk,goose_5107.png,Goose,White,Sky Blue,Open,Pink,Two Tone,No,No,None,No,None,Yes
5108,Robingoose #5108,Honk honk,goose_5108.png,Goose,Orange,Black,Closed,Sky Blue,Two Tone,No,No,None,Yes,Black,No
5109,Robingoose #5109,Honk honk,goose_5109.png,Goose,Red,Turquoise,Closed,Black,Solid,No,Yes,Lime,No,None,No
5110,Robingoose #5110,Honk honk,goose_5110.png,Goose,Coral,Yellow,Closed,Green,Two Tone,No,No,None,No,None,No
5111,Robingoose #5111,Honk honk,goose_5111.png,Goose,Black,Orange,Open,White,Solid,No,Yes,Coral,No,None,No
5112,Robingoose #5112,Honk honk,goose_5112.png,Goose,Orange,Blue,Closed,Green,Two Tone,No,No,None,No,None,No
5113,Robingoose #5113,Honk honk,goose_5113.png,Goose,Turquoise,Orange,Open,Blue,Two Tone,No,No,None,No,None,Yes
5114,Robingoose #5114,Honk honk,goose_5114.png,Goose,Black,Purple,Closed,Pink,Two Tone,No,Yes,Black,No,None,No
5115,Robingoose #5115,Honk honk,goose_5115.png,Goose,Salmon,Orange,Open,Green,Two Tone,Yes,Yes,White,No,None,No
5116,Robingoose #5116,Honk honk,goose_5116.png,Goose,Black,Yellow,Closed,Red,Solid,No,Yes,Turquoise,No,None,No
5117,Robingoose #5117,Honk honk,goose_5117.png,Goose,Black,White,Open,Red,Solid,No,No,None,No,None,No
5118,Robingoose #5118,Honk honk,goose_5118.png,Goose,Yellow,Purple,Open,Black,Solid,No,Yes,Orange,No,None,No
5119,Robingoose #5119,Honk honk,goose_5119.png,Goose,White,Purple,Closed,Black,Solid,No,Yes,Yellow,No,None,No
5120,Robingoose #5120,Honk honk,goose_5120.png,Goose,White,Orange,Closed,Purple,Two Tone,No,Yes,White,No,None,Yes
5121,Robingoose #5121,Honk honk,goose_5121.png,Goose,Black,White,Open,Turquoise,Two Tone,Yes,Yes,Black,No,None,No
5122,Robingoose #5122,Honk honk,goose_5122.png,Goose,Green,Orange,Closed,Red,Two Tone,No,No,None,No,None,Yes
5123,Robingoose #5123,Honk honk,goose_5123.png,Goose,Orange,Purple,Open,Black,Solid,No,Yes,Orange,No,None,No
5124,Robingoose #5124,Honk honk,goose_5124.png,Goose,Blue,Orange,Open,Red,Two Tone,No,No,None,No,None,No
5125,Robingoose #5125,Honk honk,goose_5125.png,Goose,White,Orange,Open,Turquoise,Two Tone,Yes,Yes,Purple,No,None,No
5126,Robingoose #5126,Honk honk,goose_5126.png,Goose,White,Yellow,Open,Sky Blue,Two Tone,No,No,None,Yes,Yellow,No
5127,Robingoose #5127,Honk honk,goose_5127.png,Goose,Green,Yellow,Open,Turquoise,Two Tone,Yes,No,None,No,None,No
5128,Robingoose #5128,Honk honk,goose_5128.png,Goose,Yellow,Purple,Closed,Coral,Two Tone,No,No,None,No,None,No
5129,Robingoose #5129,Honk honk,goose_5129.png,Goose,Red,Orange,Closed,Black,Solid,No,Yes,Sky Blue,No,None,No
5130,Robingoose #5130,Honk honk,goose_5130.png,Goose,White,Yellow,Closed,Salmon,Two Tone,No,No,None,No,None,Yes
5131,Robingoose #5131,Honk honk,goose_5131.png,Goose,Blue,Lime,Open,Black,Solid,No,No,None,No,None,No
5132,Robingoose #5132,Honk honk,goose_5132.png,Goose,White,Pink,Open,Yellow,Two Tone,No,Yes,White,No,None,No
5133,Robingoose #5133,Honk honk,goose_5133.png,Goose,Green,Yellow,Open,White,Two Tone,No,Yes,Green,No,None,Yes
5134,Robingoose #5134,Honk honk,goose_5134.png,Goose,Blue,Black,Closed,Red,Solid,No,No,None,No,None,No
5135,Robingoose #5135,Honk honk,goose_5135.png,Goose,Pink,Orange,Open,Black,Solid,Yes,Yes,Yellow,No,None,No
5136,Robingoose #5136,Honk honk,goose_5136.png,Goose,Turquoise,Orange,Open,Black,Solid,No,Yes,Black,No,None,No
5137,Robingoose #5137,Honk honk,goose_5137.png,Goose,Turquoise,Orange,Open,Sky Blue,Two Tone,No,No,None,Yes,Yellow,No
5138,Robingoose #5138,Honk honk,goose_5138.png,Goose,Turquoise,Yellow,Closed,Orange,Two Tone,No,No,None,Yes,Yellow,No
5139,Robingoose #5139,Honk honk,goose_5139.png,Goose,Black,Yellow,Closed,Red,Two Tone,No,No,None,No,None,No
5140,Robingoose #5140,Honk honk,goose_5140.png,Goose,Lime,Orange,Closed,Coral,Two Tone,No,Yes,Lime,No,None,No
5141,Robingoose #5141,Honk honk,goose_5141.png,Goose,Yellow,Orange,Open,Black,Solid,Yes,Yes,Lime,No,None,No
5142,Robingoose #5142,Honk honk,goose_5142.png,Goose,Blue,Turquoise,Closed,Pink,Two Tone,No,Yes,Blue,No,None,No
5143,Robingoose #5143,Honk honk,goose_5143.png,Goose,Pink,Orange,Open,Sky Blue,Two Tone,No,No,None,Yes,Black,No
5144,Robingoose #5144,Honk honk,goose_5144.png,Goose,Salmon,Purple,Closed,Red,Two Tone,No,No,None,No,None,No
5145,Robingoose #5145,Honk honk,goose_5145.png,Goose,Turquoise,Lime,Open,White,Two Tone,No,No,None,Yes,Yellow,No
5146,Robingoose #5146,Honk honk,goose_5146.png,Goose,Coral,Red,Closed,Black,Solid,No,Yes,Coral,No,None,No
5147,Robingoose #5147,Honk honk,goose_5147.png,Goose,White,Orange,Open,Coral,Two Tone,Yes,Yes,Lime,No,None,No
5148,Robingoose #5148,Honk honk,goose_5148.png,Goose,Lime,Orange,Closed,Black,Solid,No,Yes,Orange,No,None,No
5149,Robingoose #5149,Honk honk,goose_5149.png,Goose,Salmon,Lime,Open,Turquoise,Two Tone,No,No,None,No,None,No
5150,Robingoose #5150,Honk honk,goose_5150.png,Goose,Sky Blue,Orange,Closed,White,Two Tone,No,No,None,Yes,Black,No
5151,Robingoose #5151,Honk honk,goose_5151.png,Goose,Coral,Yellow,Open,Black,Solid,Yes,Yes,Salmon,No,None,No
5152,Robingoose #5152,Honk honk,goose_5152.png,Goose,Green,Blue,Open,Pink,Two Tone,No,No,None,No,None,No
5153,Robingoose #5153,Honk honk,goose_5153.png,Goose,White,Yellow,Open,Pink,Two Tone,Yes,No,None,Yes,Yellow,No
5154,Robingoose #5154,Honk honk,goose_5154.png,Goose,Green,Orange,Closed,Blue,Two Tone,No,No,None,No,None,Yes
5155,Robingoose #5155,Honk honk,goose_5155.png,Goose,Yellow,Orange,Open,Black,Solid,Yes,Yes,Sky Blue,No,None,No
5156,Robingoose #5156,Honk honk,goose_5156.png,Goose,Turquoise,Purple,Open,Black,Solid,Yes,No,None,No,None,No
5157,Robingoose #5157,Honk honk,goose_5157.png,Goose,White,Yellow,Open,Turquoise,Two Tone,Yes,Yes,Salmon,No,None,No
5158,Robingoose #5158,Honk honk,goose_5158.png,Goose,White,Orange,Open,Coral,Two Tone,Yes,Yes,Yellow,No,None,No
5159,Robingoose #5159,Honk honk,goose_5159.png,Goose,White,Blue,Open,Coral,Two Tone,Yes,No,None,No,None,Yes
5160,Robingoose #5160,Honk honk,goose_5160.png,Goose,Green,Orange,Closed,Lime,Two Tone,No,Yes,Green,No,None,Yes
5161,Robingoose #5161,Honk honk,goose_5161.png,Goose,Yellow,Turquoise,Open,White,Two Tone,No,Yes,Yellow,No,None,No
5162,Robingoose #5162,Honk honk,goose_5162.png,Goose,Sky Blue,Black,Open,Blue,Solid,Yes,No,None,No,None,No
5163,Robingoose #5163,Honk honk,goose_5163.png,Goose,Sky Blue,Yellow,Open,Coral,Two Tone,No,No,None,Yes,Black,No
5164,Robingoose #5164,Honk honk,goose_5164.png,Goose,Yellow,Orange,Closed,Coral,Two Tone,No,Yes,Yellow,No,None,Yes
5165,Robingoose #5165,Honk honk,goose_5165.png,Goose,Green,Orange,Open,Yellow,Two Tone,No,No,None,No,None,Yes
5166,Robingoose #5166,Honk honk,goose_5166.png,Goose,White,Yellow,Closed,Coral,Two Tone,No,Yes,Orange,No,None,Yes
5167,Robingoose #5167,Honk honk,goose_5167.png,Goose,Red,Turquoise,Open,Purple,Two Tone,Yes,Yes,Red,No,None,Yes
5168,Robingoose #5168,Honk honk,goose_5168.png,Goose,Yellow,Black,Closed,Sky Blue,Solid,No,No,None,No,None,No
5169,Robingoose #5169,Honk honk,goose_5169.png,Goose,Coral,Orange,Closed,Lime,Two Tone,No,Yes,Coral,No,None,No
5170,Robingoose #5170,Honk honk,goose_5170.png,Goose,Lime,Orange,Open,Sky Blue,Two Tone,No,Yes,Lime,No,None,Yes
5171,Robingoose #5171,Honk honk,goose_5171.png,Goose,Coral,Red,Closed,Salmon,Two Tone,No,Yes,Coral,No,None,No
5172,Robingoose #5172,Honk honk,goose_5172.png,Goose,Salmon,White,Open,Black,Solid,Yes,No,None,No,None,No
5173,Robingoose #5173,Honk honk,goose_5173.png,Goose,Purple,Turquoise,Open,Black,Solid,No,Yes,Yellow,No,None,No
5174,Robingoose #5174,Honk honk,goose_5174.png,Goose,Pink,Coral,Open,Black,Solid,No,Yes,Purple,No,None,No
5175,Robingoose #5175,Honk honk,goose_5175.png,Goose,Black,Green,Open,Blue,Two Tone,No,No,None,No,None,Yes
5176,Robingoose #5176,Honk honk,goose_5176.png,Goose,Coral,Yellow,Closed,Black,Solid,No,Yes,Black,No,None,No
5177,Robingoose #5177,Honk honk,goose_5177.png,Goose,Purple,Yellow,Open,Black,Solid,Yes,Yes,Orange,No,None,No
5178,Robingoose #5178,Honk honk,goose_5178.png,Goose,White,Purple,Open,Black,Solid,No,Yes,Salmon,No,None,No
5179,Robingoose #5179,Honk honk,goose_5179.png,Goose,Salmon,Turquoise,Closed,Sky Blue,Two Tone,No,No,None,Yes,Black,No
5180,Robingoose #5180,Honk honk,goose_5180.png,Goose,Yellow,Green,Open,Sky Blue,Two Tone,Yes,Yes,Turquoise,No,None,Yes
5181,Robingoose #5181,Honk honk,goose_5181.png,Goose,Red,Yellow,Open,Pink,Two Tone,Yes,Yes,Orange,No,None,Yes
5182,Robingoose #5182,Honk honk,goose_5182.png,Goose,Turquoise,Orange,Open,Black,Solid,Yes,Yes,Red,No,None,No
5183,Robingoose #5183,Honk honk,goose_5183.png,Goose,Green,Coral,Open,Blue,Two Tone,No,Yes,Lime,No,None,No
5184,Robingoose #5184,Honk honk,goose_5184.png,Goose,Black,Coral,Open,White,Solid,No,No,None,No,None,No
5185,Robingoose #5185,Honk honk,goose_5185.png,Goose,Purple,Pink,Open,Black,Solid,Yes,Yes,Purple,No,None,No
5186,Robingoose #5186,Honk honk,goose_5186.png,Goose,Coral,Yellow,Open,Black,Solid,No,Yes,Blue,No,None,No
5187,Robingoose #5187,Honk honk,goose_5187.png,Goose,Coral,Salmon,Closed,Blue,Two Tone,No,No,None,No,None,Yes
5188,Robingoose #5188,Honk honk,goose_5188.png,Goose,Salmon,Black,Open,Sky Blue,Solid,No,No,None,No,None,No
5189,Robingoose #5189,Honk honk,goose_5189.png,Goose,Green,Pink,Closed,Red,Two Tone,No,No,None,No,None,Yes
5190,Robingoose #5190,Honk honk,goose_5190.png,Goose,Yellow,Red,Open,Black,Solid,Yes,Yes,Yellow,No,None,No
5191,Robingoose #5191,Honk honk,goose_5191.png,Goose,Black,Lime,Closed,White,Solid,No,No,None,No,None,No
5192,Robingoose #5192,Honk honk,goose_5192.png,Goose,Sky Blue,Lime,Open,Black,Solid,No,Yes,Sky Blue,No,None,No
5193,Robingoose #5193,Honk honk,goose_5193.png,Goose,White,Lime,Open,Turquoise,Two Tone,No,Yes,White,No,None,No
5194,Robingoose #5194,Honk honk,goose_5194.png,Goose,Coral,Black,Closed,White,Solid,No,No,None,No,None,No
5195,Robingoose #5195,Honk honk,goose_5195.png,Goose,Purple,Salmon,Closed,Orange,Two Tone,No,No,None,No,None,No
5196,Robingoose #5196,Honk honk,goose_5196.png,Goose,Sky Blue,Yellow,Open,Red,Two Tone,Yes,No,None,No,None,Yes
5197,Robingoose #5197,Honk honk,goose_5197.png,Goose,Red,Salmon,Open,Yellow,Two Tone,Yes,Yes,Blue,No,None,No
5198,Robingoose #5198,Honk honk,goose_5198.png,Goose,White,Orange,Open,Salmon,Two Tone,Yes,No,None,Yes,Black,No
5199,Robingoose #5199,Honk honk,goose_5199.png,Goose,Sky Blue,Pink,Open,Black,Solid,No,Yes,Sky Blue,No,None,No
5200,Robingoose #5200,Honk honk,goose_5200.png,Goose,Purple,Turquoise,Open,Pink,Two Tone,No,No,None,Yes,Yellow,No
5201,Robingoose #5201,Honk honk,goose_5201.png,Goose,Salmon,Pink,Open,Black,Solid,Yes,No,None,No,None,No
5202,Robingoose #5202,Honk honk,goose_5202.png,Goose,Blue,Yellow,Closed,Salmon,Two Tone,No,No,None,Yes,Black,No
5203,Robingoose #5203,Honk honk,goose_5203.png,Goose,Salmon,Turquoise,Open,Black,Solid,Yes,Yes,Orange,No,None,No
5204,Robingoose #5204,Honk honk,goose_5204.png,Goose,Pink,Sky Blue,Open,Black,Solid,Yes,Yes,Pink,No,None,No
5205,Robingoose #5205,Honk honk,goose_5205.png,Goose,Turquoise,Yellow,Closed,White,Two Tone,No,No,None,No,None,No
5206,Robingoose #5206,Honk honk,goose_5206.png,Goose,Yellow,Red,Closed,White,Two Tone,No,No,None,No,None,No
5207,Robingoose #5207,Honk honk,goose_5207.png,Goose,Orange,Green,Open,Coral,Two Tone,No,No,None,No,None,Yes
5208,Robingoose #5208,Honk honk,goose_5208.png,Goose,White,Black,Closed,Red,Two Tone,No,No,None,No,None,Yes
5209,Robingoose #5209,Honk honk,goose_5209.png,Goose,Lime,Orange,Open,Pink,Two Tone,Yes,No,None,No,None,Yes
5210,Robingoose #5210,Honk honk,goose_5210.png,Goose,Green,Yellow,Closed,Purple,Two Tone,No,Yes,Coral,No,None,No
5211,Robingoose #5211,Honk honk,goose_5211.png,Goose,Orange,Pink,Closed,Purple,Two Tone,No,No,None,Yes,Black,No
5212,Robingoose #5212,Honk honk,goose_5212.png,Goose,White,Orange,Closed,Turquoise,Two Tone,No,Yes,White,No,None,Yes
5213,Robingoose #5213,Honk honk,goose_5213.png,Goose,White,Yellow,Closed,Salmon,Two Tone,No,Yes,Yellow,No,None,No
5214,Robingoose #5214,Honk honk,goose_5214.png,Goose,Blue,Black,Open,Green,Two Tone,Yes,No,None,No,None,No
5215,Robingoose #5215,Honk honk,goose_5215.png,Goose,Turquoise,Orange,Open,Sky Blue,Two Tone,No,No,None,Yes,Yellow,No
5216,Robingoose #5216,Honk honk,goose_5216.png,Goose,Red,Salmon,Closed,Black,Solid,No,Yes,Red,No,None,No
5217,Robingoose #5217,Honk honk,goose_5217.png,Goose,Salmon,Yellow,Closed,Turquoise,Two Tone,No,Yes,Salmon,No,None,Yes
5218,Robingoose #5218,Honk honk,goose_5218.png,Goose,Coral,Yellow,Open,White,Two Tone,No,No,None,No,None,Yes
5219,Robingoose #5219,Honk honk,goose_5219.png,Goose,White,Black,Closed,Yellow,Two Tone,No,No,None,No,None,Yes
5220,Robingoose #5220,Honk honk,goose_5220.png,Goose,Yellow,Sky Blue,Open,Blue,Two Tone,Yes,No,None,No,None,No
5221,Robingoose #5221,Honk honk,goose_5221.png,Goose,White,Orange,Open,Sky Blue,Two Tone,No,No,None,No,None,No
5222,Robingoose #5222,Honk honk,goose_5222.png,Goose,Purple,Lime,Closed,Red,Two Tone,No,No,None,No,None,No
5223,Robingoose #5223,Honk honk,goose_5223.png,Goose,Red,Coral,Closed,Orange,Two Tone,No,Yes,Lime,No,None,Yes
5224,Robingoose #5224,Honk honk,goose_5224.png,Goose,Salmon,Blue,Open,Green,Two Tone,No,Yes,Salmon,No,None,No
5225,Robingoose #5225,Honk honk,goose_5225.png,Goose,White,Green,Open,Black,Solid,Yes,Yes,Red,No,None,No
5226,Robingoose #5226,Honk honk,goose_5226.png,Goose,Green,Black,Open,Lime,Solid,No,No,None,No,None,No
5227,Robingoose #5227,Honk honk,goose_5227.png,Goose,Coral,Blue,Open,Green,Two Tone,No,Yes,Coral,No,None,Yes
5228,Robingoose #5228,Honk honk,goose_5228.png,Goose,Orange,White,Closed,Yellow,Two Tone,No,No,None,No,None,Yes
5229,Robingoose #5229,Honk honk,goose_5229.png,Goose,Lime,Sky Blue,Closed,Purple,Two Tone,No,No,None,No,None,Yes
5230,Robingoose #5230,Honk honk,goose_5230.png,Goose,White,Yellow,Open,Turquoise,Two Tone,Yes,No,None,Yes,Black,No
5231,Robingoose #5231,Honk honk,goose_5231.png,Goose,Coral,Salmon,Open,Black,Solid,No,Yes,Coral,No,None,No
5232,Robingoose #5232,Honk honk,goose_5232.png,Goose,Yellow,Turquoise,Closed,Pink,Two Tone,No,Yes,Yellow,No,None,No
5233,Robingoose #5233,Honk honk,goose_5233.png,Goose,Purple,Yellow,Open,Black,Solid,No,Yes,Salmon,No,None,No
5234,Robingoose #5234,Honk honk,goose_5234.png,Goose,Sky Blue,Turquoise,Closed,Orange,Two Tone,No,Yes,Sky Blue,No,None,Yes
5235,Robingoose #5235,Honk honk,goose_5235.png,Goose,Yellow,Turquoise,Open,Black,Solid,No,No,None,No,None,No
5236,Robingoose #5236,Honk honk,goose_5236.png,Goose,Turquoise,Orange,Closed,Purple,Two Tone,No,No,None,Yes,Yellow,No
5237,Robingoose #5237,Honk honk,goose_5237.png,Goose,Sky Blue,Yellow,Closed,Purple,Two Tone,No,Yes,Sky Blue,No,None,Yes
5238,Robingoose #5238,Honk honk,goose_5238.png,Goose,Pink,Salmon,Open,Turquoise,Two Tone,Yes,No,None,Yes,Yellow,No
5239,Robingoose #5239,Honk honk,goose_5239.png,Goose,Salmon,Purple,Closed,Black,Solid,No,Yes,Green,No,None,No
5240,Robingoose #5240,Honk honk,goose_5240.png,Goose,Purple,Yellow,Closed,Black,Solid,No,Yes,Green,No,None,No
5241,Robingoose #5241,Honk honk,goose_5241.png,Goose,Green,Lime,Open,Black,Solid,No,Yes,Green,No,None,No
5242,Robingoose #5242,Honk honk,goose_5242.png,Goose,Red,Sky Blue,Open,Black,Solid,Yes,Yes,Coral,No,None,No
5243,Robingoose #5243,Honk honk,goose_5243.png,Goose,Yellow,Pink,Closed,Orange,Two Tone,No,No,None,No,None,No
5244,Robingoose #5244,Honk honk,goose_5244.png,Goose,Blue,Purple,Open,Black,Solid,Yes,Yes,Blue,No,None,No
5245,Robingoose #5245,Honk honk,goose_5245.png,Goose,Yellow,Orange,Open,Blue,Two Tone,No,No,None,No,None,Yes
5246,Robingoose #5246,Honk honk,goose_5246.png,Goose,Blue,Orange,Closed,Black,Solid,No,Yes,Turquoise,No,None,No
5247,Robingoose #5247,Honk honk,goose_5247.png,Goose,Turquoise,Lime,Open,Purple,Two Tone,No,No,None,Yes,Black,No
5248,Robingoose #5248,Honk honk,goose_5248.png,Goose,Pink,Black,Open,Yellow,Solid,No,No,None,No,None,No
5249,Robingoose #5249,Honk honk,goose_5249.png,Goose,Turquoise,Coral,Closed,Salmon,Two Tone,No,No,None,Yes,Yellow,No
5250,Robingoose #5250,Honk honk,goose_5250.png,Goose,Salmon,Turquoise,Open,Yellow,Two Tone,No,No,None,Yes,Black,No
5251,Robingoose #5251,Honk honk,goose_5251.png,Goose,Pink,Green,Closed,Coral,Two Tone,No,No,None,No,None,Yes
5252,Robingoose #5252,Honk honk,goose_5252.png,Goose,Blue,Red,Closed,Black,Solid,No,Yes,Pink,No,None,No
5253,Robingoose #5253,Honk honk,goose_5253.png,Goose,Orange,Blue,Open,Black,Solid,Yes,Yes,Sky Blue,No,None,No
5254,Robingoose #5254,Honk honk,goose_5254.png,Goose,White,Orange,Closed,Pink,Two Tone,No,Yes,White,No,None,Yes
5255,Robingoose #5255,Honk honk,goose_5255.png,Goose,Turquoise,Yellow,Open,Pink,Two Tone,No,No,None,Yes,Black,No
5256,Robingoose #5256,Honk honk,goose_5256.png,Goose,White,Orange,Open,Yellow,Two Tone,Yes,Yes,White,No,None,Yes
5257,Robingoose #5257,Honk honk,goose_5257.png,Goose,Lime,Blue,Open,Coral,Two Tone,No,Yes,Lime,No,None,Yes
5258,Robingoose #5258,Honk honk,goose_5258.png,Goose,Lime,Coral,Open,Black,Solid,Yes,No,None,No,None,No
5259,Robingoose #5259,Honk honk,goose_5259.png,Goose,White,Purple,Open,Coral,Two Tone,No,Yes,White,No,None,No
5260,Robingoose #5260,Honk honk,goose_5260.png,Goose,Salmon,Yellow,Closed,Blue,Two Tone,No,No,None,Yes,Yellow,No
5261,Robingoose #5261,Honk honk,goose_5261.png,Goose,Red,Orange,Closed,Turquoise,Two Tone,No,No,None,Yes,Black,No
5262,Robingoose #5262,Honk honk,goose_5262.png,Goose,White,Yellow,Open,Orange,Two Tone,Yes,No,None,Yes,Black,No
5263,Robingoose #5263,Honk honk,goose_5263.png,Goose,Red,Orange,Open,Black,Solid,Yes,Yes,White,No,None,No
5264,Robingoose #5264,Honk honk,goose_5264.png,Goose,Turquoise,Yellow,Closed,Blue,Two Tone,No,No,None,No,None,No
5265,Robingoose #5265,Honk honk,goose_5265.png,Goose,Salmon,Sky Blue,Open,Orange,Two Tone,Yes,No,None,Yes,Yellow,No
5266,Robingoose #5266,Honk honk,goose_5266.png,Goose,Orange,Red,Open,Black,Solid,No,Yes,Orange,No,None,No
5267,Robingoose #5267,Honk honk,goose_5267.png,Goose,White,Yellow,Closed,Purple,Two Tone,No,No,None,Yes,Black,No
5268,Robingoose #5268,Honk honk,goose_5268.png,Goose,Turquoise,Yellow,Open,Orange,Two Tone,Yes,No,None,No,None,No
5269,Robingoose #5269,Honk honk,goose_5269.png,Goose,Black,Red,Closed,Coral,Two Tone,No,Yes,Black,No,None,Yes
5270,Robingoose #5270,Honk honk,goose_5270.png,Goose,Blue,Yellow,Closed,Black,Solid,No,Yes,Orange,No,None,No
5271,Robingoose #5271,Honk honk,goose_5271.png,Goose,White,Purple,Closed,Turquoise,Two Tone,No,No,None,Yes,Black,No
5272,Robingoose #5272,Honk honk,goose_5272.png,Goose,Black,Orange,Open,Yellow,Two Tone,Yes,No,None,No,None,No
5273,Robingoose #5273,Honk honk,goose_5273.png,Goose,Orange,White,Closed,Salmon,Two Tone,No,Yes,Orange,No,None,Yes
5274,Robingoose #5274,Honk honk,goose_5274.png,Goose,White,Orange,Open,Blue,Two Tone,Yes,No,None,Yes,Black,No
5275,Robingoose #5275,Honk honk,goose_5275.png,Goose,White,Orange,Closed,Red,Two Tone,No,Yes,White,No,None,Yes
5276,Robingoose #5276,Honk honk,goose_5276.png,Goose,Coral,Pink,Open,Black,Solid,No,Yes,Coral,No,None,No
5277,Robingoose #5277,Honk honk,goose_5277.png,Goose,Purple,Lime,Open,Black,Solid,Yes,Yes,Purple,No,None,No
5278,Robingoose #5278,Honk honk,goose_5278.png,Goose,White,Orange,Open,Green,Two Tone,Yes,No,None,No,None,Yes
5279,Robingoose #5279,Honk honk,goose_5279.png,Goose,Lime,Pink,Open,Blue,Two Tone,Yes,No,None,No,None,Yes
5280,Robingoose #5280,Honk honk,goose_5280.png,Goose,Lime,White,Open,Sky Blue,Two Tone,No,Yes,Lime,No,None,Yes
5281,Robingoose #5281,Honk honk,goose_5281.png,Goose,Coral,Turquoise,Open,Lime,Two Tone,Yes,No,None,No,None,No
5282,Robingoose #5282,Honk honk,goose_5282.png,Goose,Yellow,Orange,Closed,Turquoise,Two Tone,No,No,None,No,None,Yes
5283,Robingoose #5283,Honk honk,goose_5283.png,Goose,Sky Blue,Orange,Closed,Green,Two Tone,No,Yes,Sky Blue,No,None,No
5284,Robingoose #5284,Honk honk,goose_5284.png,Goose,Purple,Yellow,Closed,Black,Solid,No,Yes,Black,No,None,No
5285,Robingoose #5285,Honk honk,goose_5285.png,Goose,Salmon,Green,Open,Black,Solid,Yes,Yes,Salmon,No,None,No
5286,Robingoose #5286,Honk honk,goose_5286.png,Goose,White,Orange,Closed,Green,Two Tone,No,No,None,No,None,Yes
5287,Robingoose #5287,Honk honk,goose_5287.png,Goose,Sky Blue,Purple,Open,Black,Solid,Yes,Yes,Sky Blue,No,None,No
5288,Robingoose #5288,Honk honk,goose_5288.png,Goose,White,Salmon,Closed,Green,Two Tone,No,No,None,No,None,Yes
5289,Robingoose #5289,Honk honk,goose_5289.png,Goose,White,Red,Open,Black,Solid,Yes,Yes,Red,No,None,No
5290,Robingoose #5290,Honk honk,goose_5290.png,Goose,White,Pink,Open,Black,Solid,Yes,Yes,Pink,No,None,No
5291,Robingoose #5291,Honk honk,goose_5291.png,Goose,Pink,Red,Closed,Coral,Two Tone,No,No,None,No,None,No
5292,Robingoose #5292,Honk honk,goose_5292.png,Goose,Turquoise,Purple,Open,Black,Solid,Yes,No,None,No,None,No
5293,Robingoose #5293,Honk honk,goose_5293.png,Goose,Turquoise,Pink,Closed,Orange,Two Tone,No,No,None,Yes,Yellow,No
5294,Robingoose #5294,Honk honk,goose_5294.png,Goose,Lime,Green,Closed,Sky Blue,Two Tone,No,Yes,Lime,No,None,No
5295,Robingoose #5295,Honk honk,goose_5295.png,Goose,Pink,Sky Blue,Open,Green,Two Tone,Yes,No,None,Yes,Yellow,No
5296,Robingoose #5296,Honk honk,goose_5296.png,Goose,Lime,Orange,Open,Blue,Two Tone,Yes,Yes,Lime,No,None,No
5297,Robingoose #5297,Honk honk,goose_5297.png,Goose,Purple,Yellow,Open,Coral,Two Tone,No,No,None,Yes,Black,No
5298,Robingoose #5298,Honk honk,goose_5298.png,Goose,Black,Salmon,Open,White,Solid,No,No,None,No,None,No
5299,Robingoose #5299,Honk honk,goose_5299.png,Goose,Orange,Coral,Open,Turquoise,Two Tone,Yes,Yes,Red,No,None,No
5300,Robingoose #5300,Honk honk,goose_5300.png,Goose,Lime,Sky Blue,Closed,Purple,Two Tone,No,No,None,No,None,No
5301,Robingoose #5301,Honk honk,goose_5301.png,Goose,White,Lime,Closed,Black,Solid,No,Yes,Sky Blue,No,None,No
5302,Robingoose #5302,Honk honk,goose_5302.png,Goose,White,Black,Open,Pink,Solid,Yes,Yes,Yellow,No,None,No
5303,Robingoose #5303,Honk honk,goose_5303.png,Goose,White,Yellow,Open,Turquoise,Two Tone,No,No,None,Yes,Yellow,No
5304,Robingoose #5304,Honk honk,goose_5304.png,Goose,Yellow,Red,Closed,Green,Two Tone,No,No,None,No,None,Yes
5305,Robingoose #5305,Honk honk,goose_5305.png,Goose,Turquoise,Orange,Closed,White,Two Tone,No,No,None,No,None,No
5306,Robingoose #5306,Honk honk,goose_5306.png,Goose,Green,Yellow,Open,Orange,Two Tone,Yes,Yes,Green,No,None,Yes
5307,Robingoose #5307,Honk honk,goose_5307.png,Goose,White,Yellow,Open,Black,Solid,Yes,Yes,Black,No,None,No
5308,Robingoose #5308,Honk honk,goose_5308.png,Goose,Orange,Yellow,Closed,Green,Two Tone,No,No,None,No,None,Yes
5309,Robingoose #5309,Honk honk,goose_5309.png,Goose,Yellow,Blue,Open,Coral,Two Tone,No,Yes,Yellow,No,None,No
5310,Robingoose #5310,Honk honk,goose_5310.png,Goose,Lime,Coral,Closed,Turquoise,Two Tone,No,Yes,Lime,No,None,No
5311,Robingoose #5311,Honk honk,goose_5311.png,Goose,White,Pink,Open,Salmon,Two Tone,No,No,None,No,None,Yes
5312,Robingoose #5312,Honk honk,goose_5312.png,Goose,White,Orange,Closed,Lime,Two Tone,No,Yes,Salmon,No,None,Yes
5313,Robingoose #5313,Honk honk,goose_5313.png,Goose,Turquoise,Red,Open,Lime,Two Tone,Yes,Yes,Turquoise,No,None,Yes
5314,Robingoose #5314,Honk honk,goose_5314.png,Goose,Green,Black,Closed,Turquoise,Solid,No,No,None,No,None,No
5315,Robingoose #5315,Honk honk,goose_5315.png,Goose,White,Orange,Open,Sky Blue,Two Tone,Yes,Yes,White,No,None,No
5316,Robingoose #5316,Honk honk,goose_5316.png,Goose,Turquoise,Yellow,Open,Black,Solid,No,Yes,Red,No,None,No
5317,Robingoose #5317,Honk honk,goose_5317.png,Goose,Blue,Black,Open,Red,Solid,Yes,No,None,No,None,No
5318,Robingoose #5318,Honk honk,goose_5318.png,Goose,Green,Orange,Open,Yellow,Two Tone,No,Yes,Green,No,None,No
5319,Robingoose #5319,Honk honk,goose_5319.png,Goose,Yellow,Red,Closed,Salmon,Two Tone,No,Yes,Yellow,No,None,No
5320,Robingoose #5320,Honk honk,goose_5320.png,Goose,Red,Orange,Closed,White,Two Tone,No,Yes,Red,No,None,No
5321,Robingoose #5321,Honk honk,goose_5321.png,Goose,White,Orange,Open,Sky Blue,Two Tone,No,No,None,No,None,No
5322,Robingoose #5322,Honk honk,goose_5322.png,Goose,White,Purple,Open,Salmon,Two Tone,Yes,No,None,No,None,No
5323,Robingoose #5323,Honk honk,goose_5323.png,Goose,White,Coral,Closed,Red,Two Tone,No,No,None,Yes,Yellow,No
5324,Robingoose #5324,Honk honk,goose_5324.png,Goose,Green,White,Closed,Orange,Two Tone,No,No,None,No,None,Yes
5325,Robingoose #5325,Honk honk,goose_5325.png,Goose,Green,Pink,Open,Black,Solid,Yes,Yes,Turquoise,No,None,No
5326,Robingoose #5326,Honk honk,goose_5326.png,Goose,Black,Yellow,Open,Green,Two Tone,Yes,Yes,Black,No,None,Yes
5327,Robingoose #5327,Honk honk,goose_5327.png,Goose,Purple,Turquoise,Open,Lime,Two Tone,No,Yes,Purple,No,None,No
5328,Robingoose #5328,Honk honk,goose_5328.png,Goose,Lime,Purple,Open,Salmon,Two Tone,Yes,Yes,Lime,No,None,No
5329,Robingoose #5329,Honk honk,goose_5329.png,Goose,Red,Lime,Open,Black,Solid,No,Yes,Red,No,None,No
5330,Robingoose #5330,Honk honk,goose_5330.png,Goose,Orange,Salmon,Open,Black,Solid,Yes,No,None,No,None,No
5331,Robingoose #5331,Honk honk,goose_5331.png,Goose,White,Purple,Closed,Coral,Two Tone,No,Yes,White,No,None,Yes
5332,Robingoose #5332,Honk honk,goose_5332.png,Goose,Green,Pink,Closed,Salmon,Two Tone,No,Yes,Green,No,None,No
5333,Robingoose #5333,Honk honk,goose_5333.png,Goose,Lime,Orange,Open,Black,Solid,No,Yes,Sky Blue,No,None,No
5334,Robingoose #5334,Honk honk,goose_5334.png,Goose,Salmon,Yellow,Open,Blue,Two Tone,Yes,No,None,No,None,No
5335,Robingoose #5335,Honk honk,goose_5335.png,Goose,Yellow,Red,Closed,Orange,Two Tone,No,Yes,Yellow,No,None,No
5336,Robingoose #5336,Honk honk,goose_5336.png,Goose,Green,Purple,Closed,Red,Two Tone,No,Yes,Green,No,None,Yes
5337,Robingoose #5337,Honk honk,goose_5337.png,Goose,Purple,Yellow,Open,Sky Blue,Two Tone,Yes,No,None,Yes,Yellow,No
5338,Robingoose #5338,Honk honk,goose_5338.png,Goose,White,Orange,Open,Yellow,Two Tone,No,No,None,No,None,No
5339,Robingoose #5339,Honk honk,goose_5339.png,Goose,White,Yellow,Closed,Coral,Two Tone,No,Yes,White,No,None,Yes
5340,Robingoose #5340,Honk honk,goose_5340.png,Goose,Orange,Yellow,Closed,Green,Two Tone,No,No,None,Yes,Black,No
5341,Robingoose #5341,Honk honk,goose_5341.png,Goose,Purple,Orange,Open,Blue,Two Tone,Yes,No,None,Yes,Black,No
5342,Robingoose #5342,Honk honk,goose_5342.png,Goose,Green,Blue,Open,White,Two Tone,No,No,None,No,None,No
5343,Robingoose #5343,Honk honk,goose_5343.png,Goose,White,Red,Open,Black,Solid,Yes,Yes,Lime,No,None,No
5344,Robingoose #5344,Honk honk,goose_5344.png,Goose,White,Orange,Open,Red,Two Tone,No,Yes,White,No,None,No
5345,Robingoose #5345,Honk honk,goose_5345.png,Goose,Salmon,Orange,Closed,Black,Solid,No,Yes,Sky Blue,No,None,No
5346,Robingoose #5346,Honk honk,goose_5346.png,Goose,Salmon,Turquoise,Closed,Purple,Two Tone,No,No,None,No,None,No
5347,Robingoose #5347,Honk honk,goose_5347.png,Goose,Orange,Yellow,Open,Pink,Two Tone,No,No,None,No,None,Yes
5348,Robingoose #5348,Honk honk,goose_5348.png,Goose,Orange,Pink,Closed,Purple,Two Tone,No,No,None,No,None,No
5349,Robingoose #5349,Honk honk,goose_5349.png,Goose,Purple,Sky Blue,Open,Black,Solid,Yes,No,None,No,None,No
5350,Robingoose #5350,Honk honk,goose_5350.png,Goose,White,Orange,Open,Green,Two Tone,Yes,Yes,White,No,None,No
5351,Robingoose #5351,Honk honk,goose_5351.png,Goose,Black,Pink,Open,Turquoise,Two Tone,No,No,None,No,None,No
5352,Robingoose #5352,Honk honk,goose_5352.png,Goose,Turquoise,Pink,Open,Blue,Two Tone,Yes,No,None,No,None,No
5353,Robingoose #5353,Honk honk,goose_5353.png,Goose,Lime,Salmon,Open,Black,Solid,No,No,None,No,None,No
5354,Robingoose #5354,Honk honk,goose_5354.png,Goose,Coral,Blue,Open,Black,Solid,No,No,None,No,None,No
5355,Robingoose #5355,Honk honk,goose_5355.png,Goose,Turquoise,Orange,Closed,Purple,Two Tone,No,No,None,No,None,No
5356,Robingoose #5356,Honk honk,goose_5356.png,Goose,Salmon,Orange,Open,Blue,Two Tone,Yes,No,None,No,None,No
5357,Robingoose #5357,Honk honk,goose_5357.png,Goose,Pink,Orange,Closed,Black,Solid,No,Yes,Orange,No,None,No
5358,Robingoose #5358,Honk honk,goose_5358.png,Goose,White,Yellow,Open,Sky Blue,Two Tone,Yes,No,None,No,None,Yes
5359,Robingoose #5359,Honk honk,goose_5359.png,Goose,Red,Purple,Open,Sky Blue,Two Tone,No,No,None,Yes,Yellow,No
5360,Robingoose #5360,Honk honk,goose_5360.png,Goose,Purple,Orange,Open,Lime,Two Tone,Yes,Yes,Turquoise,No,None,No
5361,Robingoose #5361,Honk honk,goose_5361.png,Goose,White,Pink,Open,Coral,Two Tone,No,No,None,No,None,Yes
5362,Robingoose #5362,Honk honk,goose_5362.png,Goose,White,Red,Open,Purple,Two Tone,No,No,None,No,None,No
5363,Robingoose #5363,Honk honk,goose_5363.png,Goose,Yellow,Orange,Closed,Salmon,Two Tone,No,Yes,Yellow,No,None,No
5364,Robingoose #5364,Honk honk,goose_5364.png,Goose,White,Black,Closed,Turquoise,Solid,No,Yes,White,No,None,No
5365,Robingoose #5365,Honk honk,goose_5365.png,Goose,Turquoise,Orange,Closed,Purple,Two Tone,No,No,None,No,None,Yes
5366,Robingoose #5366,Honk honk,goose_5366.png,Goose,Coral,Turquoise,Closed,Salmon,Two Tone,No,No,None,Yes,Black,No
5367,Robingoose #5367,Honk honk,goose_5367.png,Goose,White,Lime,Closed,Green,Two Tone,No,No,None,No,None,Yes
5368,Robingoose #5368,Honk honk,goose_5368.png,Goose,Red,Yellow,Closed,Blue,Two Tone,No,No,None,Yes,Yellow,No
5369,Robingoose #5369,Honk honk,goose_5369.png,Goose,White,Purple,Closed,Pink,Two Tone,No,No,None,No,None,No
5370,Robingoose #5370,Honk honk,goose_5370.png,Goose,White,Green,Open,Black,Solid,Yes,Yes,Green,No,None,No
5371,Robingoose #5371,Honk honk,goose_5371.png,Goose,Sky Blue,Yellow,Open,Black,Solid,No,Yes,White,No,None,No
5372,Robingoose #5372,Honk honk,goose_5372.png,Goose,Orange,Turquoise,Closed,Black,Solid,No,Yes,Yellow,No,None,No
5373,Robingoose #5373,Honk honk,goose_5373.png,Goose,Black,Pink,Open,Red,Solid,Yes,No,None,No,None,No
5374,Robingoose #5374,Honk honk,goose_5374.png,Goose,Coral,Sky Blue,Closed,Red,Two Tone,No,No,None,Yes,Black,No
5375,Robingoose #5375,Honk honk,goose_5375.png,Goose,Black,Green,Closed,Salmon,Two Tone,No,No,None,Yes,Yellow,No
5376,Robingoose #5376,Honk honk,goose_5376.png,Goose,Pink,Orange,Open,Red,Two Tone,Yes,No,None,No,None,Yes
5377,Robingoose #5377,Honk honk,goose_5377.png,Goose,Blue,White,Closed,Yellow,Two Tone,No,No,None,Yes,Black,No
5378,Robingoose #5378,Honk honk,goose_5378.png,Goose,Blue,Turquoise,Closed,Black,Solid,No,Yes,Salmon,No,None,No
5379,Robingoose #5379,Honk honk,goose_5379.png,Goose,Black,Yellow,Closed,Turquoise,Two Tone,No,No,None,Yes,Yellow,No
5380,Robingoose #5380,Honk honk,goose_5380.png,Goose,Coral,Pink,Closed,Red,Two Tone,No,No,None,Yes,Yellow,No
5381,Robingoose #5381,Honk honk,goose_5381.png,Goose,White,Orange,Closed,Lime,Two Tone,No,Yes,White,No,None,Yes
5382,Robingoose #5382,Honk honk,goose_5382.png,Goose,Black,Red,Open,Red,Solid,No,No,None,No,None,No
5383,Robingoose #5383,Honk honk,goose_5383.png,Goose,Turquoise,Yellow,Open,Salmon,Two Tone,No,No,None,Yes,Black,No
5384,Robingoose #5384,Honk honk,goose_5384.png,Goose,Green,Yellow,Closed,Salmon,Two Tone,No,Yes,Green,No,None,No
5385,Robingoose #5385,Honk honk,goose_5385.png,Goose,Black,Orange,Open,White,Solid,Yes,No,None,No,None,No
5386,Robingoose #5386,Honk honk,goose_5386.png,Goose,White,Black,Open,Blue,Two Tone,No,No,None,No,None,Yes
5387,Robingoose #5387,Honk honk,goose_5387.png,Goose,Salmon,Turquoise,Open,Black,Solid,Yes,Yes,Salmon,No,None,No
5388,Robingoose #5388,Honk honk,goose_5388.png,Goose,White,Orange,Open,Purple,Two Tone,No,Yes,Orange,No,None,No
5389,Robingoose #5389,Honk honk,goose_5389.png,Goose,Orange,Yellow,Closed,Sky Blue,Two Tone,No,Yes,Orange,No,None,No
5390,Robingoose #5390,Honk honk,goose_5390.png,Goose,Orange,Yellow,Closed,Blue,Two Tone,No,No,None,Yes,Yellow,No
5391,Robingoose #5391,Honk honk,goose_5391.png,Goose,White,Orange,Open,Sky Blue,Two Tone,No,No,None,Yes,Yellow,No
5392,Robingoose #5392,Honk honk,goose_5392.png,Goose,Lime,Orange,Closed,Red,Two Tone,No,Yes,Lime,No,None,Yes
5393,Robingoose #5393,Honk honk,goose_5393.png,Goose,White,Yellow,Open,Black,Solid,Yes,Yes,Turquoise,No,None,No
5394,Robingoose #5394,Honk honk,goose_5394.png,Goose,White,Yellow,Open,Black,Solid,No,Yes,Coral,No,None,No
5395,Robingoose #5395,Honk honk,goose_5395.png,Goose,Sky Blue,Yellow,Closed,Red,Two Tone,No,No,None,Yes,Black,No
5396,Robingoose #5396,Honk honk,goose_5396.png,Goose,Purple,Turquoise,Open,Black,Solid,No,No,None,No,None,No
5397,Robingoose #5397,Honk honk,goose_5397.png,Goose,Blue,Yellow,Open,Purple,Two Tone,Yes,No,None,No,None,No
5398,Robingoose #5398,Honk honk,goose_5398.png,Goose,Blue,Turquoise,Open,Black,Solid,No,No,None,No,None,No
5399,Robingoose #5399,Honk honk,goose_5399.png,Goose,Orange,Yellow,Closed,White,Two Tone,No,No,None,Yes,Yellow,No
5400,Robingoose #5400,Honk honk,goose_5400.png,Goose,Turquoise,Blue,Open,Black,Solid,No,Yes,White,No,None,No
5401,Robingoose #5401,Honk honk,goose_5401.png,Goose,Blue,Orange,Closed,Black,Solid,No,Yes,Coral,No,None,No
5402,Robingoose #5402,Honk honk,goose_5402.png,Goose,Green,Yellow,Open,Red,Two Tone,Yes,No,None,Yes,Black,No
5403,Robingoose #5403,Honk honk,goose_5403.png,Goose,White,Green,Open,Black,Solid,Yes,Yes,White,No,None,No
5404,Robingoose #5404,Honk honk,goose_5404.png,Goose,White,Orange,Closed,Salmon,Two Tone,No,No,None,No,None,Yes
5405,Robingoose #5405,Honk honk,goose_5405.png,Goose,White,Orange,Closed,Purple,Two Tone,No,Yes,White,No,None,Yes
5406,Robingoose #5406,Honk honk,goose_5406.png,Goose,Lime,Black,Closed,Green,Solid,No,Yes,White,No,None,No
5407,Robingoose #5407,Honk honk,goose_5407.png,Goose,Orange,Blue,Open,Sky Blue,Two Tone,Yes,No,None,No,None,No
5408,Robingoose #5408,Honk honk,goose_5408.png,Goose,Orange,Black,Open,Purple,Solid,No,No,None,No,None,No
5409,Robingoose #5409,Honk honk,goose_5409.png,Goose,White,Red,Open,Orange,Two Tone,Yes,No,None,Yes,Black,No
5410,Robingoose #5410,Honk honk,goose_5410.png,Goose,White,Red,Closed,Orange,Two Tone,No,No,None,Yes,Black,No
5411,Robingoose #5411,Honk honk,goose_5411.png,Goose,Black,Yellow,Open,Orange,Two Tone,No,Yes,Lime,No,None,No
5412,Robingoose #5412,Honk honk,goose_5412.png,Goose,Red,Purple,Closed,Coral,Two Tone,No,Yes,Yellow,No,None,No
5413,Robingoose #5413,Honk honk,goose_5413.png,Goose,White,Orange,Open,Purple,Two Tone,No,Yes,White,No,None,Yes
5414,Robingoose #5414,Honk honk,goose_5414.png,Goose,White,Orange,Open,Pink,Two Tone,Yes,No,None,Yes,Yellow,No
5415,Robingoose #5415,Honk honk,goose_5415.png,Goose,Yellow,Orange,Open,Coral,Two Tone,No,No,None,No,None,No
5416,Robingoose #5416,Honk honk,goose_5416.png,Goose,Salmon,Orange,Open,White,Two Tone,Yes,No,None,Yes,Yellow,No
5417,Robingoose #5417,Honk honk,goose_5417.png,Goose,White,Red,Closed,Lime,Two Tone,No,No,None,Yes,Black,No
5418,Robingoose #5418,Honk honk,goose_5418.png,Goose,Sky Blue,Orange,Closed,Black,Solid,No,Yes,Yellow,No,None,No
5419,Robingoose #5419,Honk honk,goose_5419.png,Goose,Orange,Coral,Closed,Black,Solid,No,Yes,Green,No,None,No
5420,Robingoose #5420,Honk honk,goose_5420.png,Goose,Sky Blue,Lime,Closed,Coral,Two Tone,No,No,None,Yes,Yellow,No
5421,Robingoose #5421,Honk honk,goose_5421.png,Goose,Black,Yellow,Open,Sky Blue,Two Tone,Yes,No,None,Yes,Yellow,No
5422,Robingoose #5422,Honk honk,goose_5422.png,Goose,Blue,Coral,Closed,Salmon,Two Tone,No,No,None,No,None,No
5423,Robingoose #5423,Honk honk,goose_5423.png,Goose,Lime,Purple,Open,Black,Solid,No,Yes,White,No,None,No
5424,Robingoose #5424,Honk honk,goose_5424.png,Goose,White,Sky Blue,Closed,Salmon,Two Tone,No,No,None,No,None,No
5425,Robingoose #5425,Honk honk,goose_5425.png,Goose,Yellow,Orange,Open,Red,Two Tone,Yes,Yes,Green,No,None,No
5426,Robingoose #5426,Honk honk,goose_5426.png,Goose,Turquoise,Coral,Open,Black,Solid,No,Yes,Red,No,None,No
5427,Robingoose #5427,Honk honk,goose_5427.png,Goose,Lime,Red,Closed,Sky Blue,Two Tone,No,Yes,Purple,No,None,No
5428,Robingoose #5428,Honk honk,goose_5428.png,Goose,Green,Black,Closed,Sky Blue,Solid,No,No,None,No,None,No
5429,Robingoose #5429,Honk honk,goose_5429.png,Goose,Orange,Yellow,Closed,Red,Two Tone,No,No,None,Yes,Black,No
5430,Robingoose #5430,Honk honk,goose_5430.png,Goose,Coral,Yellow,Open,Red,Two Tone,Yes,Yes,Green,No,None,Yes
5431,Robingoose #5431,Honk honk,goose_5431.png,Goose,Black,Red,Open,Red,Solid,Yes,No,None,No,None,No
5432,Robingoose #5432,Honk honk,goose_5432.png,Goose,White,Orange,Open,Salmon,Two Tone,Yes,No,None,Yes,Black,No
5433,Robingoose #5433,Honk honk,goose_5433.png,Goose,White,Yellow,Closed,Pink,Two Tone,No,Yes,White,No,None,Yes
5434,Robingoose #5434,Honk honk,goose_5434.png,Goose,Sky Blue,Purple,Open,Black,Solid,No,No,None,No,None,No
5435,Robingoose #5435,Honk honk,goose_5435.png,Goose,Sky Blue,Orange,Open,Blue,Two Tone,Yes,No,None,Yes,Yellow,No
5436,Robingoose #5436,Honk honk,goose_5436.png,Goose,Black,Turquoise,Open,Red,Solid,No,Yes,Black,No,None,No
5437,Robingoose #5437,Honk honk,goose_5437.png,Goose,Sky Blue,Salmon,Open,Black,Solid,Yes,No,None,No,None,No
5438,Robingoose #5438,Honk honk,goose_5438.png,Goose,White,Red,Closed,Pink,Two Tone,No,No,None,Yes,Yellow,No
5439,Robingoose #5439,Honk honk,goose_5439.png,Goose,Black,Green,Closed,Purple,Two Tone,No,No,None,No,None,No
5440,Robingoose #5440,Honk honk,goose_5440.png,Goose,Sky Blue,Lime,Closed,Orange,Two Tone,No,Yes,Sky Blue,No,None,Yes
5441,Robingoose #5441,Honk honk,goose_5441.png,Goose,Purple,Pink,Open,Yellow,Two Tone,Yes,No,None,No,None,Yes
5442,Robingoose #5442,Honk honk,goose_5442.png,Goose,White,Orange,Open,Blue,Two Tone,No,Yes,White,No,None,No
5443,Robingoose #5443,Honk honk,goose_5443.png,Goose,Black,Salmon,Closed,Red,Solid,No,Yes,Yellow,No,None,No
5444,Robingoose #5444,Honk honk,goose_5444.png,Goose,Coral,Yellow,Open,Turquoise,Two Tone,Yes,Yes,Coral,No,None,Yes
5445,Robingoose #5445,Honk honk,goose_5445.png,Goose,White,Yellow,Open,Orange,Two Tone,Yes,No,None,No,None,No
5446,Robingoose #5446,Honk honk,goose_5446.png,Goose,Coral,Red,Open,Sky Blue,Two Tone,Yes,No,None,Yes,Black,No
5447,Robingoose #5447,Honk honk,goose_5447.png,Goose,Lime,Orange,Open,Sky Blue,Two Tone,No,Yes,Lime,No,None,No
5448,Robingoose #5448,Honk honk,goose_5448.png,Goose,Blue,Green,Closed,Black,Solid,No,Yes,Purple,No,None,No
5449,Robingoose #5449,Honk honk,goose_5449.png,Goose,Red,Sky Blue,Open,Salmon,Two Tone,Yes,No,None,No,None,No
5450,Robingoose #5450,Honk honk,goose_5450.png,Goose,Purple,Pink,Open,Red,Two Tone,No,No,None,Yes,Black,No
5451,Robingoose #5451,Honk honk,goose_5451.png,Goose,White,Orange,Open,Purple,Two Tone,Yes,Yes,Lime,No,None,No
5452,Robingoose #5452,Honk honk,goose_5452.png,Goose,Salmon,Yellow,Open,Black,Solid,No,Yes,Red,No,None,No
5453,Robingoose #5453,Honk honk,goose_5453.png,Goose,White,Green,Open,Salmon,Two Tone,No,No,None,No,None,No
5454,Robingoose #5454,Honk honk,goose_5454.png,Goose,Black,Sky Blue,Open,Red,Solid,No,Yes,Black,No,None,No
5455,Robingoose #5455,Honk honk,goose_5455.png,Goose,White,Coral,Closed,Sky Blue,Two Tone,No,No,None,Yes,Yellow,No
5456,Robingoose #5456,Honk honk,goose_5456.png,Goose,Sky Blue,Green,Open,Black,Solid,No,Yes,Sky Blue,No,None,No
5457,Robingoose #5457,Honk honk,goose_5457.png,Goose,Pink,Orange,Closed,Salmon,Two Tone,No,No,None,Yes,Black,No
5458,Robingoose #5458,Honk honk,goose_5458.png,Goose,Sky Blue,Black,Closed,Blue,Solid,No,No,None,No,None,No
5459,Robingoose #5459,Honk honk,goose_5459.png,Goose,White,Salmon,Closed,Orange,Two Tone,No,Yes,Pink,No,None,Yes
5460,Robingoose #5460,Honk honk,goose_5460.png,Goose,Yellow,Turquoise,Open,Sky Blue,Two Tone,Yes,Yes,Turquoise,No,None,No
5461,Robingoose #5461,Honk honk,goose_5461.png,Goose,Yellow,Salmon,Open,White,Two Tone,Yes,No,None,No,None,No
5462,Robingoose #5462,Honk honk,goose_5462.png,Goose,White,Green,Open,Black,Solid,No,Yes,Blue,No,None,No
5463,Robingoose #5463,Honk honk,goose_5463.png,Goose,White,Red,Open,Black,Solid,No,Yes,Pink,No,None,No
5464,Robingoose #5464,Honk honk,goose_5464.png,Goose,Turquoise,Blue,Open,Yellow,Two Tone,No,Yes,Turquoise,No,None,Yes
5465,Robingoose #5465,Honk honk,goose_5465.png,Goose,White,Lime,Open,Sky Blue,Two Tone,No,No,None,Yes,Black,No
5466,Robingoose #5466,Honk honk,goose_5466.png,Goose,Lime,Black,Open,Purple,Two Tone,No,Yes,Lime,No,None,Yes
5467,Robingoose #5467,Honk honk,goose_5467.png,Goose,Salmon,Orange,Open,Yellow,Two Tone,No,No,None,No,None,No
5468,Robingoose #5468,Honk honk,goose_5468.png,Goose,Purple,Orange,Open,White,Two Tone,Yes,No,None,Yes,Black,No
5469,Robingoose #5469,Honk honk,goose_5469.png,Goose,Blue,White,Open,Black,Solid,No,No,None,No,None,No
5470,Robingoose #5470,Honk honk,goose_5470.png,Goose,White,Yellow,Open,Red,Two Tone,No,No,None,No,None,No
5471,Robingoose #5471,Honk honk,goose_5471.png,Goose,Black,Orange,Open,Lime,Two Tone,No,No,None,No,None,No
5472,Robingoose #5472,Honk honk,goose_5472.png,Goose,Blue,Black,Open,Salmon,Solid,Yes,Yes,Blue,No,None,No
5473,Robingoose #5473,Honk honk,goose_5473.png,Goose,Pink,Purple,Closed,Turquoise,Two Tone,No,Yes,Pink,No,None,No
5474,Robingoose #5474,Honk honk,goose_5474.png,Goose,Black,Coral,Open,White,Solid,Yes,Yes,Black,No,None,No
5475,Robingoose #5475,Honk honk,goose_5475.png,Goose,Yellow,Black,Closed,Sky Blue,Two Tone,No,Yes,Yellow,No,None,No
5476,Robingoose #5476,Honk honk,goose_5476.png,Goose,White,Turquoise,Open,Yellow,Two Tone,No,No,None,Yes,Yellow,No
5477,Robingoose #5477,Honk honk,goose_5477.png,Goose,Orange,Pink,Open,Blue,Two Tone,No,No,None,No,None,Yes
5478,Robingoose #5478,Honk honk,goose_5478.png,Goose,Red,Purple,Closed,Yellow,Two Tone,No,No,None,No,None,No
5479,Robingoose #5479,Honk honk,goose_5479.png,Goose,Lime,Orange,Closed,Green,Two Tone,No,Yes,Lime,No,None,Yes
5480,Robingoose #5480,Honk honk,goose_5480.png,Goose,Salmon,Green,Open,Yellow,Two Tone,No,No,None,No,None,No
5481,Robingoose #5481,Honk honk,goose_5481.png,Goose,Coral,Orange,Closed,Black,Solid,No,Yes,Pink,No,None,No
5482,Robingoose #5482,Honk honk,goose_5482.png,Goose,Black,Yellow,Closed,Blue,Two Tone,No,No,None,No,None,No
5483,Robingoose #5483,Honk honk,goose_5483.png,Goose,Lime,Black,Open,Purple,Solid,Yes,Yes,Lime,No,None,No
5484,Robingoose #5484,Honk honk,goose_5484.png,Goose,Sky Blue,Orange,Closed,White,Two Tone,No,No,None,Yes,Yellow,No
5485,Robingoose #5485,Honk honk,goose_5485.png,Goose,Salmon,Orange,Open,Pink,Two Tone,No,No,None,No,None,Yes
5486,Robingoose #5486,Honk honk,goose_5486.png,Goose,White,Orange,Open,Pink,Two Tone,Yes,No,None,Yes,Yellow,No
5487,Robingoose #5487,Honk honk,goose_5487.png,Goose,Coral,Orange,Closed,Salmon,Two Tone,No,No,None,No,None,Yes
5488,Robingoose #5488,Honk honk,goose_5488.png,Goose,Red,Blue,Open,Coral,Two Tone,No,Yes,Pink,No,None,No
5489,Robingoose #5489,Honk honk,goose_5489.png,Goose,White,Orange,Open,Purple,Two Tone,Yes,Yes,Blue,No,None,Yes
5490,Robingoose #5490,Honk honk,goose_5490.png,Goose,Red,Turquoise,Open,Sky Blue,Two Tone,Yes,Yes,Red,No,None,Yes
5491,Robingoose #5491,Honk honk,goose_5491.png,Goose,Salmon,Black,Closed,Lime,Solid,No,No,None,No,None,No
5492,Robingoose #5492,Honk honk,goose_5492.png,Goose,Turquoise,Orange,Open,Purple,Two Tone,No,No,None,No,None,Yes
5493,Robingoose #5493,Honk honk,goose_5493.png,Goose,Lime,Turquoise,Closed,Black,Solid,No,Yes,Blue,No,None,No
5494,Robingoose #5494,Honk honk,goose_5494.png,Goose,Purple,Orange,Open,Yellow,Two Tone,No,Yes,Purple,No,None,No
5495,Robingoose #5495,Honk honk,goose_5495.png,Goose,Blue,Purple,Closed,Red,Two Tone,No,No,None,Yes,Black,No
5496,Robingoose #5496,Honk honk,goose_5496.png,Goose,White,Yellow,Closed,Orange,Two Tone,No,No,None,Yes,Black,No
5497,Robingoose #5497,Honk honk,goose_5497.png,Goose,Turquoise,Black,Open,Orange,Two Tone,Yes,No,None,Yes,Black,No
5498,Robingoose #5498,Honk honk,goose_5498.png,Goose,Pink,Red,Closed,Salmon,Two Tone,No,No,None,No,None,No
5499,Robingoose #5499,Honk honk,goose_5499.png,Goose,White,Black,Closed,Lime,Two Tone,No,Yes,White,No,None,Yes
5500,Robingoose #5500,Honk honk,goose_5500.png,Goose,Red,Salmon,Open,Purple,Two Tone,Yes,No,None,No,None,Yes
5501,Robingoose #5501,Honk honk,goose_5501.png,Goose,Black,Red,Open,Orange,Two Tone,No,Yes,Black,No,None,Yes
5502,Robingoose #5502,Honk honk,goose_5502.png,Goose,White,Turquoise,Closed,Black,Solid,No,Yes,Red,No,None,No
5503,Robingoose #5503,Honk honk,goose_5503.png,Goose,Orange,Green,Closed,White,Two Tone,No,Yes,Pink,No,None,Yes
5504,Robingoose #5504,Honk honk,goose_5504.png,Goose,Turquoise,Orange,Closed,Pink,Two Tone,No,Yes,Turquoise,No,None,No
5505,Robingoose #5505,Honk honk,goose_5505.png,Goose,Purple,Lime,Open,Black,Solid,No,Yes,Sky Blue,No,None,No
5506,Robingoose #5506,Honk honk,goose_5506.png,Goose,White,Coral,Closed,Black,Solid,No,Yes,Sky Blue,No,None,No
5507,Robingoose #5507,Honk honk,goose_5507.png,Goose,Green,Purple,Open,Black,Solid,Yes,Yes,Green,No,None,No
5508,Robingoose #5508,Honk honk,goose_5508.png,Goose,Purple,Orange,Closed,Black,Solid,No,Yes,White,No,None,No
5509,Robingoose #5509,Honk honk,goose_5509.png,Goose,Black,Sky Blue,Open,Red,Solid,No,No,None,No,None,No
5510,Robingoose #5510,Honk honk,goose_5510.png,Goose,Blue,Orange,Open,Salmon,Two Tone,Yes,Yes,Blue,No,None,No
5511,Robingoose #5511,Honk honk,goose_5511.png,Goose,Black,Yellow,Open,White,Solid,No,Yes,Pink,No,None,No
5512,Robingoose #5512,Honk honk,goose_5512.png,Goose,Purple,Lime,Closed,Turquoise,Two Tone,No,Yes,Yellow,No,None,Yes
5513,Robingoose #5513,Honk honk,goose_5513.png,Goose,Purple,Coral,Closed,Red,Two Tone,No,No,None,Yes,Yellow,No
5514,Robingoose #5514,Honk honk,goose_5514.png,Goose,Coral,Green,Closed,Orange,Two Tone,No,No,None,No,None,Yes
5515,Robingoose #5515,Honk honk,goose_5515.png,Goose,Coral,Black,Closed,Green,Solid,No,Yes,Salmon,No,None,No
5516,Robingoose #5516,Honk honk,goose_5516.png,Goose,Black,Lime,Open,Red,Solid,No,Yes,Green,No,None,No
5517,Robingoose #5517,Honk honk,goose_5517.png,Goose,White,Orange,Open,Green,Two Tone,Yes,No,None,No,None,Yes
5518,Robingoose #5518,Honk honk,goose_5518.png,Goose,White,Orange,Closed,Blue,Two Tone,No,No,None,Yes,Black,No
5519,Robingoose #5519,Honk honk,goose_5519.png,Goose,Coral,Red,Closed,Blue,Two Tone,No,No,None,Yes,Yellow,No
5520,Robingoose #5520,Honk honk,goose_5520.png,Goose,Turquoise,Orange,Open,Coral,Two Tone,No,No,None,No,None,No
5521,Robingoose #5521,Honk honk,goose_5521.png,Goose,Salmon,Yellow,Open,Blue,Two Tone,Yes,No,None,No,None,No
5522,Robingoose #5522,Honk honk,goose_5522.png,Goose,Green,Yellow,Open,Black,Solid,Yes,Yes,White,No,None,No
5523,Robingoose #5523,Honk honk,goose_5523.png,Goose,Blue,Orange,Open,Turquoise,Two Tone,Yes,Yes,Blue,No,None,No
5524,Robingoose #5524,Honk honk,goose_5524.png,Goose,Orange,Sky Blue,Open,Yellow,Two Tone,Yes,No,None,No,None,No
5525,Robingoose #5525,Honk honk,goose_5525.png,Goose,Red,Yellow,Open,White,Two Tone,No,No,None,Yes,Black,No
5526,Robingoose #5526,Honk honk,goose_5526.png,Goose,Purple,Orange,Open,Sky Blue,Two Tone,No,No,None,No,None,No
5527,Robingoose #5527,Honk honk,goose_5527.png,Goose,Sky Blue,Yellow,Closed,Blue,Two Tone,No,No,None,No,None,No
5528,Robingoose #5528,Honk honk,goose_5528.png,Goose,Purple,Sky Blue,Closed,Black,Solid,No,Yes,Orange,No,None,No
5529,Robingoose #5529,Honk honk,goose_5529.png,Goose,Yellow,Orange,Open,Salmon,Two Tone,No,Yes,Yellow,No,None,Yes
5530,Robingoose #5530,Honk honk,goose_5530.png,Goose,Green,Yellow,Closed,Black,Solid,No,Yes,Orange,No,None,No
5531,Robingoose #5531,Honk honk,goose_5531.png,Goose,Pink,Yellow,Closed,Red,Two Tone,No,Yes,Pink,No,None,Yes
5532,Robingoose #5532,Honk honk,goose_5532.png,Goose,Yellow,White,Open,Black,Solid,No,No,None,No,None,No
5533,Robingoose #5533,Honk honk,goose_5533.png,Goose,White,Black,Open,Yellow,Two Tone,Yes,Yes,White,No,None,Yes
5534,Robingoose #5534,Honk honk,goose_5534.png,Goose,White,Yellow,Closed,Purple,Two Tone,No,No,None,Yes,Black,No
5535,Robingoose #5535,Honk honk,goose_5535.png,Goose,Red,Blue,Closed,Black,Solid,No,Yes,Sky Blue,No,None,No
5536,Robingoose #5536,Honk honk,goose_5536.png,Goose,Blue,Green,Open,Black,Solid,No,No,None,No,None,No
5537,Robingoose #5537,Honk honk,goose_5537.png,Goose,White,Orange,Open,Green,Two Tone,No,No,None,No,None,No
5538,Robingoose #5538,Honk honk,goose_5538.png,Goose,Lime,Blue,Open,Black,Solid,No,No,None,No,None,No
5539,Robingoose #5539,Honk honk,goose_5539.png,Goose,White,Lime,Closed,Orange,Two Tone,No,No,None,No,None,Yes
5540,Robingoose #5540,Honk honk,goose_5540.png,Goose,Blue,Yellow,Open,Black,Solid,Yes,Yes,Lime,No,None,No
5541,Robingoose #5541,Honk honk,goose_5541.png,Goose,Coral,Red,Open,Orange,Two Tone,Yes,No,None,No,None,Yes
5542,Robingoose #5542,Honk honk,goose_5542.png,Goose,White,Yellow,Open,Turquoise,Two Tone,No,Yes,Pink,No,None,No
5543,Robingoose #5543,Honk honk,goose_5543.png,Goose,White,Orange,Open,Sky Blue,Two Tone,No,No,None,No,None,No
5544,Robingoose #5544,Honk honk,goose_5544.png,Goose,Salmon,Red,Closed,Turquoise,Two Tone,No,No,None,No,None,Yes
5545,Robingoose #5545,Honk honk,goose_5545.png,Goose,White,Orange,Closed,Purple,Two Tone,No,No,None,Yes,Black,No
5546,Robingoose #5546,Honk honk,goose_5546.png,Goose,Pink,Turquoise,Open,Sky Blue,Two Tone,No,No,None,Yes,Yellow,No
5547,Robingoose #5547,Honk honk,goose_5547.png,Goose,Orange,Lime,Closed,Green,Two Tone,No,Yes,Pink,No,None,No
5548,Robingoose #5548,Honk honk,goose_5548.png,Goose,White,Salmon,Open,Lime,Two Tone,Yes,Yes,White,No,None,No
5549,Robingoose #5549,Honk honk,goose_5549.png,Goose,Red,Orange,Closed,Sky Blue,Two Tone,No,No,None,Yes,Yellow,No
5550,Robingoose #5550,Honk honk,goose_5550.png,Goose,Lime,White,Open,Black,Solid,No,Yes,Sky Blue,No,None,No
5551,Robingoose #5551,Honk honk,goose_5551.png,Goose,Black,Yellow,Open,Red,Solid,No,Yes,Lime,No,None,No
5552,Robingoose #5552,Honk honk,goose_5552.png,Goose,White,Yellow,Closed,Orange,Two Tone,No,No,None,Yes,Yellow,No
5553,Robingoose #5553,Honk honk,goose_5553.png,Goose,Salmon,Orange,Closed,White,Two Tone,No,No,None,Yes,Black,No
5554,Robingoose #5554,Honk honk,goose_5554.png,Goose,Green,Yellow,Open,Salmon,Two Tone,Yes,Yes,Green,No,None,No
5555,Robingoose #5555,Honk honk,goose_5555.png,Goose,Salmon,Green,Open,Orange,Two Tone,No,Yes,Salmon,No,None,No
